-- MySQL dump 10.13  Distrib 8.0.38, for Win64 (x86_64)
--
-- Host: localhost    Database: tourism_management_updated
-- ------------------------------------------------------
-- Server version	8.0.38

/*!40101 SET @OLD_CHARACTER_SET_CLIENT=@@CHARACTER_SET_CLIENT */;
/*!40101 SET @OLD_CHARACTER_SET_RESULTS=@@CHARACTER_SET_RESULTS */;
/*!40101 SET @OLD_COLLATION_CONNECTION=@@COLLATION_CONNECTION */;
/*!50503 SET NAMES utf8 */;
/*!40103 SET @OLD_TIME_ZONE=@@TIME_ZONE */;
/*!40103 SET TIME_ZONE='+00:00' */;
/*!40014 SET @OLD_UNIQUE_CHECKS=@@UNIQUE_CHECKS, UNIQUE_CHECKS=0 */;
/*!40014 SET @OLD_FOREIGN_KEY_CHECKS=@@FOREIGN_KEY_CHECKS, FOREIGN_KEY_CHECKS=0 */;
/*!40101 SET @OLD_SQL_MODE=@@SQL_MODE, SQL_MODE='NO_AUTO_VALUE_ON_ZERO' */;
/*!40111 SET @OLD_SQL_NOTES=@@SQL_NOTES, SQL_NOTES=0 */;

--
-- Table structure for table `about_us`
--

DROP TABLE IF EXISTS `about_us`;
/*!40101 SET @saved_cs_client     = @@character_set_client */;
/*!50503 SET character_set_client = utf8mb4 */;
CREATE TABLE `about_us` (
  `id` bigint unsigned NOT NULL AUTO_INCREMENT,
  `keysentence` varchar(255) CHARACTER SET utf8mb4 COLLATE utf8mb4_unicode_ci DEFAULT NULL,
  `description` varchar(255) CHARACTER SET utf8mb4 COLLATE utf8mb4_unicode_ci DEFAULT NULL,
  `mainimage` varchar(255) CHARACTER SET utf8mb4 COLLATE utf8mb4_unicode_ci DEFAULT NULL,
  `otherimage1` varchar(255) CHARACTER SET utf8mb4 COLLATE utf8mb4_unicode_ci DEFAULT NULL,
  `otherimage2` varchar(255) CHARACTER SET utf8mb4 COLLATE utf8mb4_unicode_ci DEFAULT NULL,
  `created_at` timestamp NULL DEFAULT NULL,
  `updated_at` timestamp NULL DEFAULT NULL,
  PRIMARY KEY (`id`)
) ENGINE=InnoDB AUTO_INCREMENT=2 DEFAULT CHARSET=utf8mb4 COLLATE=utf8mb4_unicode_ci;
/*!40101 SET character_set_client = @saved_cs_client */;

--
-- Dumping data for table `about_us`
--

LOCK TABLES `about_us` WRITE;
/*!40000 ALTER TABLE `about_us` DISABLE KEYS */;
INSERT INTO `about_us` VALUES (1,'We are providing best tour services','Welcome to Eastern Tours and Travels BD Limited. We are the first travel agent in Khulna. We\'re offering you the national and international wide tour packages with your family, friends. We believe in best services.','1725531463.jpg','1725531410.jpg','1720948736.jpg','2024-07-13 05:24:14','2024-09-05 04:17:43');
/*!40000 ALTER TABLE `about_us` ENABLE KEYS */;
UNLOCK TABLES;

--
-- Table structure for table `attribute_type_definition`
--

DROP TABLE IF EXISTS `attribute_type_definition`;
/*!40101 SET @saved_cs_client     = @@character_set_client */;
/*!50503 SET character_set_client = utf8mb4 */;
CREATE TABLE `attribute_type_definition` (
  `attribute_type_id` int NOT NULL,
  `attribute_type_name` varchar(32) DEFAULT NULL,
  `is_active` int DEFAULT '1',
  PRIMARY KEY (`attribute_type_id`)
) ENGINE=InnoDB DEFAULT CHARSET=latin1;
/*!40101 SET character_set_client = @saved_cs_client */;

--
-- Dumping data for table `attribute_type_definition`
--

LOCK TABLES `attribute_type_definition` WRITE;
/*!40000 ALTER TABLE `attribute_type_definition` DISABLE KEYS */;
INSERT INTO `attribute_type_definition` VALUES (1,'text',1),(2,'button',0),(3,'checkbox',1),(4,'color',0),(5,'date',1),(6,'datetime-local',0),(7,'email',0),(8,'file',1),(9,'hidden',0),(10,'image',0),(11,'month',0),(12,'number',1),(13,'password',0),(14,'radio',0),(15,'range',0),(16,'reset',0),(17,'search',0),(18,'submit',0),(19,'tel',0),(20,'time',0),(21,'url',0),(22,'week',0),(23,'textarea',1);
/*!40000 ALTER TABLE `attribute_type_definition` ENABLE KEYS */;
UNLOCK TABLES;

--
-- Table structure for table `backoffice_login`
--

DROP TABLE IF EXISTS `backoffice_login`;
/*!40101 SET @saved_cs_client     = @@character_set_client */;
/*!50503 SET character_set_client = utf8mb4 */;
CREATE TABLE `backoffice_login` (
  `login_id` int NOT NULL AUTO_INCREMENT,
  `office_user_id` int NOT NULL,
  `full_name` varchar(256) DEFAULT NULL,
  `user_email` varchar(128) NOT NULL,
  `designation` varchar(64) DEFAULT NULL,
  `login_user_name` varchar(32) NOT NULL,
  `login_user_pass` varchar(512) NOT NULL,
  `user_image` varchar(32) DEFAULT NULL,
  `role_id` int NOT NULL,
  `token` varchar(512) DEFAULT NULL,
  `last_login` date DEFAULT NULL,
  `is_active` int NOT NULL,
  PRIMARY KEY (`login_id`)
) ENGINE=InnoDB AUTO_INCREMENT=9 DEFAULT CHARSET=latin1;
/*!40101 SET character_set_client = @saved_cs_client */;

--
-- Dumping data for table `backoffice_login`
--

LOCK TABLES `backoffice_login` WRITE;
/*!40000 ALTER TABLE `backoffice_login` DISABLE KEYS */;
INSERT INTO `backoffice_login` VALUES (1,999,'ABU BAKAR SIDDIQUE','abusid@gmail.com',NULL,'admin','$2y$10$MRlxYGyzLsp5NJ9eXJqQneb7RseZbqt8PtoM9Bk24M1WYQXfRWqSK','202207240549face16.jpg',1,'ebeb491775e9505a01d18b3d732588a3d272aa21',NULL,1),(2,12345,'Bismillah shop12','123bismillahshop@gmail.com',NULL,'bismillah2590','$2y$10$lFVcVev4jyCSp04bCw5wDeYqaKW.3yVh48Fpzae/Oye4UaZP/f5d2',NULL,1,NULL,NULL,1),(3,501,'md shohag','babu@bismillah.com',NULL,'shohag1','$2y$10$2ewBv6JAOL9UixXKmXn5nu.sr2cjEtrHCDFuFBzI8CLrTCl/rof26',NULL,6,NULL,NULL,1),(4,502,'md rasel','delivery2@bismillah.com',NULL,'rasel11','$2y$10$38a1u0id7ZPpyddRU0/P0O7mb5nKlEV3y0UK/KsBjFNewFUf.nGGW',NULL,6,NULL,NULL,1),(5,503,'MD JAKIR','JAKIR@gmail.com',NULL,'JAKIR11','$2y$10$wkALfZ.iD.z48VVvvIO0wukKIzdBrpry42gUpRvgbwvwTNuSTTvoi',NULL,6,NULL,NULL,1),(6,505,'BULBUL','12smbulbul@gmail.com',NULL,'BULBUL123','$2y$10$X3VlYK1PV1.atq6tbyHtZObBV5WplXMhkOZGFPLWVBqHRtm4Wv5DO',NULL,6,NULL,NULL,1),(7,555,'md yusuf','yusuf@gmail.com',NULL,'yusuf@12','$2y$10$n4FNsCDdrVidDJaxGc22mei1PLaHPzqJMab.2jFCjj5/GTtl7enra',NULL,6,NULL,NULL,1),(8,123123,'shop seller','shopseller@gmail.com',NULL,'123bismillahsho@gmail.com','$2y$10$UwHiUDGBjEThbJHUFWe6peuVznQw2Y4Ayy7IlhVSAm.0cnaVnq1R2',NULL,6,NULL,NULL,1);
/*!40000 ALTER TABLE `backoffice_login` ENABLE KEYS */;
UNLOCK TABLES;

--
-- Table structure for table `backoffice_role`
--

DROP TABLE IF EXISTS `backoffice_role`;
/*!40101 SET @saved_cs_client     = @@character_set_client */;
/*!50503 SET character_set_client = utf8mb4 */;
CREATE TABLE `backoffice_role` (
  `role_id` int NOT NULL AUTO_INCREMENT,
  `role_name` varchar(32) NOT NULL,
  PRIMARY KEY (`role_id`)
) ENGINE=InnoDB AUTO_INCREMENT=7 DEFAULT CHARSET=latin1;
/*!40101 SET character_set_client = @saved_cs_client */;

--
-- Dumping data for table `backoffice_role`
--

LOCK TABLES `backoffice_role` WRITE;
/*!40000 ALTER TABLE `backoffice_role` DISABLE KEYS */;
INSERT INTO `backoffice_role` VALUES (1,'Super Administrator'),(2,'Admin'),(3,'Accountant'),(4,'Super Admin'),(6,'Delivery Man');
/*!40000 ALTER TABLE `backoffice_role` ENABLE KEYS */;
UNLOCK TABLES;

--
-- Table structure for table `bank_transactions`
--

DROP TABLE IF EXISTS `bank_transactions`;
/*!40101 SET @saved_cs_client     = @@character_set_client */;
/*!50503 SET character_set_client = utf8mb4 */;
CREATE TABLE `bank_transactions` (
  `bank_transaction_id` int NOT NULL AUTO_INCREMENT,
  `bank_id` int DEFAULT NULL,
  `date` varchar(128) DEFAULT NULL,
  `trx_type` int DEFAULT NULL,
  `trx_mode` int DEFAULT NULL,
  `supplier_id` int DEFAULT NULL,
  `consumer_id` int DEFAULT NULL,
  `bank_name` varchar(128) DEFAULT NULL,
  `cheque_no` varchar(128) DEFAULT NULL,
  `transaction_no` varchar(128) DEFAULT NULL,
  `prev_balance` decimal(10,2) DEFAULT '0.00',
  `amount` decimal(10,2) DEFAULT '0.00',
  `current_balance` decimal(10,2) DEFAULT '0.00',
  `is_verified` int DEFAULT NULL,
  PRIMARY KEY (`bank_transaction_id`)
) ENGINE=InnoDB AUTO_INCREMENT=36 DEFAULT CHARSET=utf8mb4 COLLATE=utf8mb4_0900_ai_ci;
/*!40101 SET character_set_client = @saved_cs_client */;

--
-- Dumping data for table `bank_transactions`
--

LOCK TABLES `bank_transactions` WRITE;
/*!40000 ALTER TABLE `bank_transactions` DISABLE KEYS */;
INSERT INTO `bank_transactions` VALUES (1,NULL,'2024-06-27 18:35:43',3,1,1,NULL,NULL,NULL,NULL,NULL,44135.93,NULL,NULL),(2,NULL,'2024-06-27 19:59:24',3,1,2,NULL,NULL,NULL,NULL,NULL,119038.59,NULL,NULL),(3,NULL,'2024-06-27 21:09:29',3,1,3,NULL,NULL,NULL,NULL,NULL,28725.46,NULL,NULL),(4,NULL,'2024-06-30 11:05:44',3,1,1,NULL,NULL,NULL,NULL,NULL,9917.71,NULL,NULL),(5,NULL,'2024-06-30 11:10:23',3,1,1,NULL,NULL,NULL,NULL,NULL,3735.60,NULL,NULL),(6,NULL,'2024-06-30 13:03:14',3,1,4,NULL,NULL,NULL,NULL,NULL,153740.47,NULL,NULL),(7,NULL,'2024-06-30 15:36:49',3,1,3,NULL,NULL,NULL,NULL,NULL,486830.60,NULL,NULL),(8,NULL,'2024-06-30 15:47:11',3,1,5,NULL,NULL,NULL,NULL,NULL,80870.80,NULL,NULL),(9,NULL,'2024-06-30 15:59:36',3,1,6,NULL,NULL,NULL,NULL,NULL,93405.08,NULL,NULL),(10,NULL,'2024-06-30 16:26:06',3,1,4,NULL,NULL,NULL,NULL,NULL,47328.80,NULL,NULL),(11,NULL,'2024-07-01 10:07:07',3,1,3,NULL,NULL,NULL,NULL,NULL,17905.00,NULL,NULL),(12,NULL,'2024-07-01 13:13:26',3,1,1,NULL,NULL,NULL,NULL,NULL,2685.40,NULL,NULL),(13,NULL,'2024-07-01 13:34:01',3,1,7,NULL,NULL,NULL,NULL,NULL,8272.00,NULL,NULL),(14,NULL,'2024-07-01 13:44:34',3,1,7,NULL,NULL,NULL,NULL,NULL,1658.80,NULL,NULL),(15,NULL,'2024-07-01 13:57:40',3,1,7,NULL,NULL,NULL,NULL,NULL,23400.00,NULL,NULL),(16,NULL,'2024-07-01 23:28:58',3,1,7,NULL,NULL,NULL,NULL,NULL,6383.68,NULL,NULL),(17,NULL,'2024-07-02 20:23:41',3,1,7,NULL,NULL,NULL,NULL,NULL,59600.00,NULL,NULL),(18,NULL,'2024-07-03 10:42:43',3,1,1,NULL,NULL,NULL,NULL,NULL,71369.10,NULL,NULL),(19,NULL,'2024-07-03 20:39:26',3,1,7,NULL,NULL,NULL,NULL,NULL,10050.00,NULL,NULL),(20,NULL,'2024-07-04 20:06:24',3,1,4,NULL,NULL,NULL,NULL,NULL,39072.00,NULL,NULL),(21,NULL,'2024-07-06 11:26:23',3,1,3,NULL,NULL,NULL,NULL,NULL,6749.76,NULL,NULL),(22,NULL,'2024-07-06 11:28:42',3,1,4,NULL,NULL,NULL,NULL,NULL,5233.92,NULL,NULL),(23,NULL,'2024-07-07 11:12:39',3,1,4,NULL,NULL,NULL,NULL,NULL,3339.60,NULL,NULL),(24,NULL,'2024-07-08 11:14:55',3,1,5,NULL,NULL,NULL,NULL,NULL,177305.00,NULL,NULL),(25,NULL,'2024-07-08 11:30:05',3,1,6,NULL,NULL,NULL,NULL,NULL,59475.24,NULL,NULL),(26,NULL,'2024-07-08 11:49:26',3,1,2,NULL,NULL,NULL,NULL,NULL,109062.48,NULL,NULL),(27,1,'2024-07-16',1,1,NULL,NULL,NULL,NULL,NULL,0.00,10000.00,10000.00,NULL),(28,1,'2024-07-16',1,1,NULL,NULL,NULL,NULL,NULL,0.00,10000.00,10000.00,NULL),(29,1,'2024-07-16',2,1,NULL,NULL,NULL,NULL,NULL,10000.00,5000.00,5000.00,NULL),(30,5,'2024-08-20',1,1,NULL,NULL,NULL,NULL,NULL,0.00,2000.00,2000.00,NULL),(31,1,'2024-08-21',1,1,NULL,NULL,NULL,NULL,NULL,5000.00,3500.00,8500.00,NULL),(32,1,'2024-08-31',1,1,NULL,NULL,NULL,NULL,NULL,8500.00,1000.00,9500.00,NULL),(33,1,'2024-09-01',1,1,NULL,NULL,NULL,NULL,NULL,9500.00,10.00,9510.00,NULL),(34,1,'2024-09-02',1,1,NULL,NULL,NULL,NULL,NULL,9510.00,2000.00,11510.00,NULL),(35,5,'2024-09-02',2,1,NULL,NULL,NULL,NULL,NULL,2000.00,2000.00,0.00,NULL);
/*!40000 ALTER TABLE `bank_transactions` ENABLE KEYS */;
UNLOCK TABLES;

--
-- Table structure for table `banks`
--

DROP TABLE IF EXISTS `banks`;
/*!40101 SET @saved_cs_client     = @@character_set_client */;
/*!50503 SET character_set_client = utf8mb4 */;
CREATE TABLE `banks` (
  `bank_id` int NOT NULL AUTO_INCREMENT,
  `bank_name` varchar(128) DEFAULT NULL,
  `balance` double NOT NULL DEFAULT '0',
  `is_default` int NOT NULL DEFAULT '1',
  `is_active` int DEFAULT NULL,
  PRIMARY KEY (`bank_id`)
) ENGINE=InnoDB AUTO_INCREMENT=9 DEFAULT CHARSET=utf8mb4 COLLATE=utf8mb4_0900_ai_ci;
/*!40101 SET character_set_client = @saved_cs_client */;

--
-- Dumping data for table `banks`
--

LOCK TABLES `banks` WRITE;
/*!40000 ALTER TABLE `banks` DISABLE KEYS */;
INSERT INTO `banks` VALUES (1,'Alarafa islami bank',11510,1,0),(2,'Islami Bank Bangladesh PLC.',0,1,1),(3,'Islami Bank Bangladesh Limited',0,1,1),(4,'Pubali Bank PLC',0,1,1),(5,'DBBL',0,1,1),(6,'IFIC Bank PLC',0,1,1),(7,'Grameen Bank',0,1,1),(8,'Sonali Bank PLC',0,1,1);
/*!40000 ALTER TABLE `banks` ENABLE KEYS */;
UNLOCK TABLES;

--
-- Table structure for table `banner_information`
--

DROP TABLE IF EXISTS `banner_information`;
/*!40101 SET @saved_cs_client     = @@character_set_client */;
/*!50503 SET character_set_client = utf8mb4 */;
CREATE TABLE `banner_information` (
  `id` int NOT NULL AUTO_INCREMENT,
  `banner_url` varchar(32) NOT NULL,
  `banner_address` varchar(255) DEFAULT NULL,
  `banner_mobile` varchar(20) DEFAULT NULL,
  `banner_email` varchar(32) NOT NULL DEFAULT 'contact@yyooss.com',
  `banner_name` varchar(128) NOT NULL,
  `banner_logo` varchar(512) NOT NULL,
  `is_active` int NOT NULL,
  PRIMARY KEY (`id`)
) ENGINE=InnoDB AUTO_INCREMENT=2 DEFAULT CHARSET=latin1;
/*!40101 SET character_set_client = @saved_cs_client */;

--
-- Dumping data for table `banner_information`
--

LOCK TABLES `banner_information` WRITE;
/*!40000 ALTER TABLE `banner_information` DISABLE KEYS */;
INSERT INTO `banner_information` VALUES (1,'https://bismillah.breachsoft.com','East Rupsha Bazar, Rupsha, Khulna','+8801521522590','info@ussbd.com','Bismillah Enterprise','https://bismillah.breachsoft.com/public/backend/020524WhatsApp Image 2024-05-01 at 20.07.40_1a3937c8.jpg',1);
/*!40000 ALTER TABLE `banner_information` ENABLE KEYS */;
UNLOCK TABLES;

--
-- Table structure for table `bookings`
--

DROP TABLE IF EXISTS `bookings`;
/*!40101 SET @saved_cs_client     = @@character_set_client */;
/*!50503 SET character_set_client = utf8mb4 */;
CREATE TABLE `bookings` (
  `id` bigint unsigned NOT NULL AUTO_INCREMENT,
  `customer_name` varchar(255) CHARACTER SET utf8mb4 COLLATE utf8mb4_unicode_ci DEFAULT NULL,
  `email` varchar(255) CHARACTER SET utf8mb4 COLLATE utf8mb4_unicode_ci DEFAULT NULL,
  `phone` varchar(255) CHARACTER SET utf8mb4 COLLATE utf8mb4_unicode_ci DEFAULT NULL,
  `address` varchar(255) CHARACTER SET utf8mb4 COLLATE utf8mb4_unicode_ci DEFAULT NULL,
  `no_of_travellers` int DEFAULT NULL,
  `no_of_adult` int DEFAULT NULL,
  `no_of_child` int DEFAULT NULL,
  `allergy` varchar(255) CHARACTER SET utf8mb4 COLLATE utf8mb4_unicode_ci DEFAULT NULL,
  `package_id` bigint unsigned NOT NULL,
  `package_price` decimal(10,2) DEFAULT NULL,
  `total_payable` decimal(10,2) DEFAULT NULL,
  `discount` decimal(10,2) DEFAULT NULL,
  `final_payable` decimal(10,2) DEFAULT NULL,
  `paid_amount` decimal(10,2) DEFAULT NULL,
  `due` decimal(10,2) DEFAULT NULL,
  `is_paid` int DEFAULT NULL,
  `status` varchar(255) CHARACTER SET utf8mb4 COLLATE utf8mb4_unicode_ci NOT NULL DEFAULT 'in progress',
  `created_at` timestamp NULL DEFAULT NULL,
  `updated_at` timestamp NULL DEFAULT NULL,
  PRIMARY KEY (`id`),
  KEY `bookings_package_id_foreign` (`package_id`),
  CONSTRAINT `bookings_package_id_foreign` FOREIGN KEY (`package_id`) REFERENCES `packages` (`id`) ON DELETE CASCADE
) ENGINE=InnoDB AUTO_INCREMENT=45 DEFAULT CHARSET=utf8mb4 COLLATE=utf8mb4_unicode_ci;
/*!40101 SET character_set_client = @saved_cs_client */;

--
-- Dumping data for table `bookings`
--

LOCK TABLES `bookings` WRITE;
/*!40000 ALTER TABLE `bookings` DISABLE KEYS */;
INSERT INTO `bookings` VALUES (3,'Muhammad Tarif Hasan','mdtarifhasan1997@gmail.com','01790306513','khulna',5,3,2,'No',2,NULL,NULL,NULL,NULL,NULL,NULL,NULL,'Rejected','2024-07-10 22:41:42','2024-07-11 00:51:43'),(4,'Tarif hasan','mdtarifhasan18@gmail.com','01790306513','khulna',7,5,2,'No',3,NULL,NULL,NULL,NULL,NULL,NULL,NULL,'Approved','2024-07-11 00:35:18','2024-07-11 04:24:55'),(5,'Muhammad Tarif Hasan','mdtarifhasan1997@gmail.com','01790306513','khulna',10,6,4,'No',3,NULL,NULL,NULL,NULL,NULL,NULL,NULL,'Approved','2024-07-11 04:25:38','2024-07-11 04:25:55'),(7,'Muhammad Tarif Hasan','tarifhasangaragonj@gmail.com','01790306513','khulna',10,8,2,'No',1,NULL,NULL,NULL,NULL,NULL,NULL,NULL,'Approved','2024-07-11 05:11:46','2024-07-11 05:13:08'),(8,'Muhammad Tarif Hasan','mdtarifhasan1997@gmail.com','01790306513','khulna',41,35,6,'No',1,NULL,NULL,NULL,NULL,NULL,NULL,NULL,'Rejected','2024-07-11 05:15:24','2024-07-11 05:25:13'),(9,'Muhammad Tarif Hasan','mdtarifhasan1997@gmail.com','01790306513','khulna',41,35,6,'No',1,NULL,NULL,NULL,NULL,NULL,NULL,NULL,'Rejected','2024-07-11 05:27:39','2024-07-11 06:46:50'),(10,'Muhammad Tarif Hasan','mdtarifhasan1997@gmail.com','01790306513','Dhaka',10,7,3,'No',5,NULL,NULL,NULL,NULL,NULL,NULL,NULL,'Approved','2024-07-11 06:37:45','2024-07-11 06:38:15'),(11,'Tarif hasan','mdtarifhasan1997@gmail.com','01790306513','Dhaka',20,15,5,'No',2,NULL,NULL,NULL,NULL,NULL,NULL,NULL,'in progress','2024-07-11 07:09:56','2024-07-11 07:09:56'),(12,'Muhammad Tarif Hasan','mdtarifhasan1997@gmail.com','01790306513','khulna',12,9,3,'No',4,NULL,NULL,NULL,NULL,NULL,NULL,NULL,'in progress','2024-07-11 07:11:48','2024-07-11 07:11:48'),(13,'Muhammad Tarif Hasan','mdtarifhasan1997@gmail.com','01790306513','khulna',5,3,2,'No',1,NULL,NULL,NULL,NULL,NULL,NULL,NULL,'in progress','2024-07-11 07:13:12','2024-07-11 07:13:12'),(14,'Muhammad Tarif Hasan','mdtarifhasan1997@gmail.com','01790306513','khulna',5,3,2,'No',1,NULL,NULL,NULL,NULL,NULL,NULL,NULL,'in progress','2024-07-11 07:14:36','2024-07-11 07:14:36'),(15,'Muhammad Tarif Hasan','mdtarifhasan1997@gmail.com','01790306513','khulna',5,3,2,'No',1,NULL,NULL,NULL,NULL,NULL,NULL,NULL,'in progress','2024-07-11 07:14:37','2024-07-11 07:14:37'),(16,'Muhammad Tarif Hasan','mdtarifhasan1997@gmail.com','01790306513','khulna',5,3,2,'No',1,NULL,NULL,NULL,NULL,NULL,NULL,NULL,'in progress','2024-07-11 07:15:10','2024-07-11 07:15:10'),(17,'Tarif hasan','mdtarifhasan1997@gmail.com','01790306513','khulna',7,3,2,'No',1,NULL,NULL,NULL,NULL,NULL,NULL,NULL,'in progress','2024-07-11 07:15:44','2024-07-11 07:15:44'),(18,'Tarif hasan','mdtarifhasan1997@gmail.com','01790306513','Dhaka',14,10,4,'shrimp allergy',2,NULL,NULL,NULL,NULL,NULL,NULL,NULL,'in progress','2024-07-11 07:25:10','2024-07-11 07:25:10'),(19,'Muhammad Tarif Hasan','mdtarifhasan18@gmail.com','01790306513','khulna',10,4,8,'No',2,NULL,NULL,NULL,NULL,NULL,NULL,NULL,'in progress','2024-07-11 07:25:45','2024-07-11 07:25:45'),(20,'Muhammad Tarif Hasan','mdtarifhasan1997@gmail.com','01790306513','khulna',40,35,5,'No',1,NULL,NULL,NULL,NULL,NULL,NULL,NULL,'Approved','2024-07-11 07:28:56','2024-07-11 07:29:19'),(21,'Muhammad Tarif Hasan','mdtarifhasan1997@gmail.com','01790306513','khulna',10,7,3,'shrimp allergy',5,NULL,NULL,NULL,NULL,NULL,NULL,NULL,'Approved','2024-07-11 23:05:21','2024-07-11 23:06:41'),(23,'Muhammad Tarif Hasan','mdtarifhasan1997@gmail.com','01790306513','khulna',93,70,15,'No',3,NULL,NULL,NULL,NULL,NULL,NULL,NULL,'Approved','2024-07-13 03:16:45','2024-07-13 03:17:14'),(24,'Muhammad Tarif Hasan','mdtarifhasan1997@gmail.com','01790306513','khulna',10,7,3,'No',2,NULL,NULL,NULL,NULL,NULL,NULL,NULL,'Rejected','2024-07-13 23:59:15','2024-07-14 00:00:01'),(25,'Muhammad Tarif Hasan','mdtarifhasan1997@gmail.com','01790306514','khulna',10,7,3,'no',10,NULL,NULL,NULL,NULL,NULL,NULL,NULL,'Approved','2024-09-01 03:30:16','2024-09-01 03:36:39'),(26,'Muhammad Tarif Hasan','mdtarifhasan1997@gmail.com','01790306513','khulna',120,100,30,'No',4,NULL,NULL,NULL,NULL,NULL,NULL,NULL,'in progress','2024-09-01 04:09:21','2024-09-01 04:09:21'),(27,'Raihan Zobayer','raihanzobayer74@gmail.com','01790306513','khulna',30,20,10,'shrimp allergy',5,NULL,NULL,NULL,NULL,NULL,NULL,NULL,'Approved','2024-09-01 04:16:19','2024-09-01 04:19:03'),(28,'Muhammad Tarif Hasan','mdtarifhasan1997@gmail.com','01790306513','khulna',5,3,2,'No',4,NULL,NULL,NULL,NULL,NULL,NULL,NULL,'Approved','2024-09-02 00:05:01','2024-09-02 00:05:50'),(30,'admin','admin@gmail.com','01790306513','Dhaka',10,7,3,'no',4,30000.00,300000.00,0.00,300000.00,205000.00,95000.00,1,'in progress','2024-09-02 08:05:29','2024-09-03 00:40:27'),(31,'MD. TARIF HASAN','tarifhasan725@gmail.com','01790306513','Dhaka',6,4,2,'no',2,3000.00,18000.00,0.00,18000.00,17000.00,1000.00,1,'in progress','2024-09-03 00:45:13','2024-09-03 00:47:36'),(32,'Muhammad Tarif','tarifhasan725@gmail.com','01790306513','Dhaka',10,6,4,'no',2,3000.00,30000.00,0.00,30000.00,0.00,30000.00,0,'in progress','2024-09-03 00:49:34','2024-09-03 00:49:34'),(33,'Muhammad Tarif','tarifhasan725@gmail.com','01790306513','Dhaka',10,6,4,'no',2,3000.00,30000.00,0.00,30000.00,0.00,30000.00,0,'in progress','2024-09-03 00:49:57','2024-09-03 00:49:57'),(34,'Muhammad Tarif','tarifhasan725@gmail.com','01790306513','Dhaka',10,6,4,'no',2,3000.00,30000.00,0.00,30000.00,0.00,30000.00,0,'in progress','2024-09-03 00:52:14','2024-09-03 00:52:14'),(35,'Muhammad Tarif','tarifhasan725@gmail.com','01790306513','Dhaka',10,6,4,'no',2,3000.00,30000.00,0.00,30000.00,30000.00,0.00,1,'in progress','2024-09-03 00:55:56','2024-09-03 09:54:07'),(36,'Muhammad Tarif','tarifhasan725@gmail.com','01790306513','Dhaka',20,16,4,'no',2,3000.00,60000.00,0.00,60000.00,60000.00,0.00,1,'Approved','2024-09-03 01:34:55','2024-09-03 01:37:38'),(37,'MD. TARIF HASAN','tarifhasan725@gmail.com','01790306513','Dhaka',10,7,3,'no',2,3000.00,30000.00,0.00,30000.00,15000.00,15000.00,1,'in progress','2024-09-04 03:46:51','2024-09-04 03:47:43'),(38,'MD. TARIF HASAN','mdtarifhasan1997@gmail.com','01790306513','Dhaka',10,7,3,'no',2,3000.00,30000.00,0.00,30000.00,5000.00,25000.00,0,'in progress','2024-09-04 04:48:25','2024-09-04 04:59:59'),(39,'MD. TARIF HASAN','mdtarifhasan1997@gmail.com','01790306513','Dhaka',10,7,3,'no',2,3000.00,30000.00,0.00,30000.00,30000.00,0.00,1,'Approved','2024-09-04 06:11:11','2024-09-04 06:14:19'),(40,'Muhammad Tarif Hasan','tarifhasangaragonj@gmail.com','01790306513','Dhaka',10,9,1,'no',2,3000.00,30000.00,0.00,30000.00,0.00,30000.00,0,'in progress','2024-09-04 08:07:02','2024-09-04 08:07:02'),(41,'Ahsan Habib','ahmadmusa857@gmail.com','01780336410','Jessore',10,8,2,'No',2,3000.00,30000.00,0.00,30000.00,30000.00,0.00,1,'Approved','2024-09-05 00:57:51','2024-09-08 01:28:27'),(42,'Hridoy Sheikh','ridoysheikh15@gmail.com','01790306514','Dhaka',10,7,3,'No',2,3000.00,30000.00,0.00,30000.00,0.00,30000.00,0,'in progress','2024-09-05 06:11:04','2024-09-05 06:11:04'),(43,'MD. TARIF HASAN','tarifhasan725@gmail.com','01790306513','Dhaka',5,3,2,'no',2,3000.00,15000.00,0.00,15000.00,0.00,15000.00,0,'in progress','2024-09-05 06:23:46','2024-09-05 06:23:46'),(44,'MD. TARIF HASAN','tarifhasan725@gmail.com','01790306513','Dhaka',10,8,2,'no',4,30000.00,300000.00,0.00,300000.00,0.00,300000.00,0,'in progress','2024-09-05 06:28:25','2024-09-05 06:28:25');
/*!40000 ALTER TABLE `bookings` ENABLE KEYS */;
UNLOCK TABLES;

--
-- Table structure for table `cache`
--

DROP TABLE IF EXISTS `cache`;
/*!40101 SET @saved_cs_client     = @@character_set_client */;
/*!50503 SET character_set_client = utf8mb4 */;
CREATE TABLE `cache` (
  `key` varchar(255) CHARACTER SET utf8mb4 COLLATE utf8mb4_unicode_ci NOT NULL,
  `value` mediumtext CHARACTER SET utf8mb4 COLLATE utf8mb4_unicode_ci NOT NULL,
  `expiration` int NOT NULL,
  PRIMARY KEY (`key`)
) ENGINE=InnoDB DEFAULT CHARSET=utf8mb4 COLLATE=utf8mb4_unicode_ci;
/*!40101 SET character_set_client = @saved_cs_client */;

--
-- Dumping data for table `cache`
--

LOCK TABLES `cache` WRITE;
/*!40000 ALTER TABLE `cache` DISABLE KEYS */;
/*!40000 ALTER TABLE `cache` ENABLE KEYS */;
UNLOCK TABLES;

--
-- Table structure for table `cache_locks`
--

DROP TABLE IF EXISTS `cache_locks`;
/*!40101 SET @saved_cs_client     = @@character_set_client */;
/*!50503 SET character_set_client = utf8mb4 */;
CREATE TABLE `cache_locks` (
  `key` varchar(255) CHARACTER SET utf8mb4 COLLATE utf8mb4_unicode_ci NOT NULL,
  `owner` varchar(255) CHARACTER SET utf8mb4 COLLATE utf8mb4_unicode_ci NOT NULL,
  `expiration` int NOT NULL,
  PRIMARY KEY (`key`)
) ENGINE=InnoDB DEFAULT CHARSET=utf8mb4 COLLATE=utf8mb4_unicode_ci;
/*!40101 SET character_set_client = @saved_cs_client */;

--
-- Dumping data for table `cache_locks`
--

LOCK TABLES `cache_locks` WRITE;
/*!40000 ALTER TABLE `cache_locks` DISABLE KEYS */;
/*!40000 ALTER TABLE `cache_locks` ENABLE KEYS */;
UNLOCK TABLES;

--
-- Table structure for table `cart_cancel`
--

DROP TABLE IF EXISTS `cart_cancel`;
/*!40101 SET @saved_cs_client     = @@character_set_client */;
/*!50503 SET character_set_client = utf8mb4 */;
CREATE TABLE `cart_cancel` (
  `cancel_id` int NOT NULL AUTO_INCREMENT,
  `cart_id` int NOT NULL,
  `cancelled_by_id` int NOT NULL,
  `cancel_note` text NOT NULL,
  `cancel_time` date NOT NULL,
  `last_delivery_level` int NOT NULL,
  PRIMARY KEY (`cancel_id`)
) ENGINE=InnoDB DEFAULT CHARSET=latin1;
/*!40101 SET character_set_client = @saved_cs_client */;

--
-- Dumping data for table `cart_cancel`
--

LOCK TABLES `cart_cancel` WRITE;
/*!40000 ALTER TABLE `cart_cancel` DISABLE KEYS */;
/*!40000 ALTER TABLE `cart_cancel` ENABLE KEYS */;
UNLOCK TABLES;

--
-- Table structure for table `cart_delivery`
--

DROP TABLE IF EXISTS `cart_delivery`;
/*!40101 SET @saved_cs_client     = @@character_set_client */;
/*!50503 SET character_set_client = utf8mb4 */;
CREATE TABLE `cart_delivery` (
  `delivery_id` int NOT NULL AUTO_INCREMENT,
  `temp_cart_id` int NOT NULL,
  `cart_id` int DEFAULT NULL,
  `waiter_id` int DEFAULT NULL,
  `payment_status` int DEFAULT '0',
  `delivery_status_id` int DEFAULT NULL,
  PRIMARY KEY (`delivery_id`)
) ENGINE=InnoDB DEFAULT CHARSET=latin1;
/*!40101 SET character_set_client = @saved_cs_client */;

--
-- Dumping data for table `cart_delivery`
--

LOCK TABLES `cart_delivery` WRITE;
/*!40000 ALTER TABLE `cart_delivery` DISABLE KEYS */;
/*!40000 ALTER TABLE `cart_delivery` ENABLE KEYS */;
UNLOCK TABLES;

--
-- Table structure for table `cart_informtion`
--

DROP TABLE IF EXISTS `cart_informtion`;
/*!40101 SET @saved_cs_client     = @@character_set_client */;
/*!50503 SET character_set_client = utf8mb4 */;
CREATE TABLE `cart_informtion` (
  `cart_id` int NOT NULL AUTO_INCREMENT,
  `consumer_id` int DEFAULT NULL,
  `cart_date` varchar(32) DEFAULT NULL,
  `cart_status` int DEFAULT NULL,
  `payment_method_id` int DEFAULT NULL,
  `total_cart_amount` decimal(10,2) DEFAULT '0.00',
  `vat_amount` decimal(10,2) DEFAULT '0.00',
  `total_discount` decimal(10,2) DEFAULT '0.00',
  `total_payable_amount` decimal(10,2) DEFAULT '0.00',
  `gross_profit` decimal(10,2) DEFAULT '0.00',
  `payment_method_charge` decimal(10,2) DEFAULT '0.00',
  `final_total_amount` decimal(10,2) DEFAULT '0.00',
  `paid_amount` decimal(10,2) DEFAULT '0.00',
  `due_amount` decimal(10,2) DEFAULT '0.00',
  `net_profit` decimal(10,2) DEFAULT '0.00',
  `delivery_date` varchar(32) DEFAULT NULL,
  `table_no` varchar(32) DEFAULT NULL,
  `waiter_id` int DEFAULT NULL,
  `sales_type` int NOT NULL DEFAULT '1',
  `is_vat_show` tinyint(1) DEFAULT NULL,
  `is_closed` tinyint DEFAULT '0',
  `created_by` int DEFAULT NULL,
  PRIMARY KEY (`cart_id`)
) ENGINE=InnoDB AUTO_INCREMENT=226 DEFAULT CHARSET=latin1;
/*!40101 SET character_set_client = @saved_cs_client */;

--
-- Dumping data for table `cart_informtion`
--

LOCK TABLES `cart_informtion` WRITE;
/*!40000 ALTER TABLE `cart_informtion` DISABLE KEYS */;
INSERT INTO `cart_informtion` VALUES (1,NULL,'2024-07-01 12:37:17',0,NULL,39846.88,0.00,NULL,39846.88,2444.86,NULL,39846.88,39846.90,0.00,2444.86,NULL,NULL,4,2,NULL,1,2),(2,NULL,'2024-07-01 13:07:39',0,NULL,33193.80,0.00,NULL,33193.80,1036.46,NULL,33193.80,33193.80,0.00,1036.46,NULL,NULL,4,2,NULL,1,2),(3,NULL,'2024-07-01 13:15:42',0,NULL,2882.00,0.00,NULL,2882.00,297.12,NULL,2882.00,2882.00,0.00,297.12,NULL,NULL,4,2,NULL,1,2),(4,NULL,'2024-07-01 13:22:57',0,NULL,3213.00,0.00,NULL,3213.00,221.36,NULL,3213.00,3213.00,0.00,221.36,NULL,NULL,3,2,NULL,1,2),(5,NULL,'2024-07-01 13:40:25',0,NULL,4573.00,0.00,NULL,4573.00,186.22,NULL,4573.00,4573.00,0.00,186.22,NULL,NULL,7,2,NULL,1,2),(6,NULL,'2024-07-02 09:47:04',0,NULL,10632.70,0.00,NULL,10632.70,372.50,NULL,10632.70,10632.70,0.00,372.50,NULL,NULL,7,2,NULL,1,2),(7,NULL,'2024-07-02 10:24:24',0,NULL,22688.68,0.00,NULL,22688.68,993.32,NULL,22688.68,22688.68,0.00,993.32,NULL,NULL,3,2,NULL,1,2),(8,NULL,'2024-07-02 10:43:28',0,NULL,4016.00,0.00,NULL,4016.00,417.00,NULL,4016.00,4016.00,0.00,417.00,NULL,NULL,6,2,NULL,1,2),(9,NULL,'2024-07-02 11:06:33',0,NULL,13688.32,0.00,NULL,13688.32,857.58,NULL,13688.32,13688.32,0.00,857.58,NULL,NULL,7,2,NULL,1,2),(10,NULL,'2024-07-02 11:39:59',0,NULL,31193.50,0.00,NULL,31193.50,1472.50,NULL,31193.50,31193.50,0.00,1472.50,NULL,NULL,7,2,NULL,1,2),(11,NULL,'2024-07-02 12:04:05',0,NULL,15429.00,0.00,NULL,15429.00,1074.00,NULL,15429.00,15429.00,0.00,1074.00,NULL,NULL,4,2,NULL,1,2),(12,NULL,'2024-07-02 12:12:44',0,NULL,12241.60,0.00,NULL,12241.60,740.78,NULL,12241.60,12241.60,0.00,740.78,NULL,NULL,4,2,NULL,1,2),(13,NULL,'2024-07-02 12:22:43',0,NULL,29957.00,0.00,NULL,29957.00,1848.18,NULL,29957.00,29957.00,0.00,1848.18,NULL,NULL,4,2,NULL,1,2),(14,NULL,'2024-07-03 10:26:38',0,NULL,9981.00,0.00,NULL,9981.00,708.29,NULL,9981.00,9981.00,0.00,708.29,NULL,NULL,5,2,NULL,1,2),(15,NULL,'2024-07-03 11:30:17',0,NULL,14486.00,0.00,NULL,14486.00,864.64,NULL,14486.00,14486.00,0.00,864.64,NULL,NULL,4,2,NULL,1,2),(16,NULL,'2024-07-03 11:33:40',0,NULL,5176.00,0.00,NULL,5176.00,374.10,NULL,5176.00,5176.00,0.00,374.10,NULL,NULL,4,2,NULL,1,2),(17,NULL,'2024-07-03 11:59:27',0,NULL,13719.92,0.00,NULL,13719.92,426.97,NULL,13719.92,13719.92,0.00,426.97,NULL,NULL,4,2,NULL,1,2),(18,NULL,'2024-07-03 12:01:24',0,NULL,4206.00,0.00,NULL,4206.00,317.00,NULL,4206.00,4206.00,0.00,317.00,NULL,NULL,4,2,NULL,1,2),(19,NULL,'2024-07-03 12:20:56',0,NULL,3918.00,0.00,NULL,3918.00,178.32,NULL,3918.00,3918.00,0.00,178.32,NULL,NULL,7,2,NULL,1,2),(20,NULL,'2024-07-03 12:23:33',0,NULL,11854.00,0.00,NULL,11854.00,610.00,NULL,11854.00,11854.00,0.00,610.00,NULL,NULL,7,2,NULL,1,2),(21,NULL,'2024-07-03 12:28:19',0,NULL,13103.00,0.00,NULL,13103.00,645.00,NULL,13103.00,13103.00,0.00,645.00,NULL,NULL,7,2,NULL,1,2),(22,NULL,'2024-07-03 12:30:53',0,NULL,2744.00,0.00,NULL,2744.00,97.16,NULL,2744.00,2744.00,0.00,97.16,NULL,NULL,7,2,NULL,1,2),(23,NULL,'2024-07-03 23:44:49',0,NULL,17591.36,0.00,NULL,17591.36,968.40,0.00,17591.36,17591.36,0.00,968.40,NULL,NULL,3,2,NULL,1,2),(24,NULL,'2024-07-04 20:52:41',NULL,NULL,10228.00,0.00,0.00,10228.00,-162.00,0.00,10228.00,10228.00,0.00,-162.00,NULL,NULL,7,2,NULL,1,2),(25,NULL,'2024-07-04 21:14:39',0,NULL,920.00,0.00,NULL,920.00,25.00,0.00,920.00,920.00,0.00,25.00,NULL,NULL,7,2,NULL,1,2),(26,NULL,'2024-07-04 21:31:41',0,NULL,6326.00,0.00,NULL,6326.00,468.50,0.00,6326.00,6326.00,0.00,468.50,NULL,NULL,5,2,NULL,1,2),(27,NULL,'2024-07-04 21:42:24',0,NULL,15747.00,0.00,NULL,15747.00,1097.16,0.00,15747.00,15747.00,0.00,1097.16,NULL,NULL,6,2,NULL,1,2),(28,NULL,'2024-07-05 09:32:17',0,NULL,8339.20,0.00,NULL,8339.20,574.04,0.00,8339.20,8339.20,0.00,574.04,NULL,NULL,3,2,NULL,1,2),(29,NULL,'2024-07-06 11:01:39',0,NULL,4254.00,0.00,NULL,4254.00,186.00,0.00,4254.00,4254.00,0.00,186.00,NULL,NULL,7,2,NULL,1,2),(30,NULL,'2024-07-06 11:06:09',0,NULL,7049.00,0.00,NULL,7049.00,241.30,0.00,7049.00,7049.00,0.00,241.30,NULL,NULL,7,2,NULL,1,2),(31,NULL,'2024-07-06 11:07:01',0,NULL,1512.00,0.00,NULL,1512.00,216.96,0.00,1512.00,1512.00,0.00,216.96,NULL,NULL,5,2,NULL,1,2),(32,NULL,'2024-07-06 11:30:05',0,NULL,212.00,0.00,NULL,212.00,13.36,0.00,212.00,212.00,0.00,13.36,NULL,NULL,6,2,NULL,1,2),(33,NULL,'2024-07-06 11:54:48',0,NULL,2477.66,0.00,NULL,2477.66,128.18,0.00,2477.66,2477.66,0.00,128.18,NULL,NULL,3,2,NULL,1,2),(34,NULL,'2024-07-06 11:59:45',0,NULL,4792.00,0.00,NULL,4792.00,294.20,0.00,4792.00,4792.00,0.00,294.20,NULL,NULL,4,2,NULL,1,2),(35,NULL,'2024-07-06 12:06:50',0,NULL,16224.84,0.00,NULL,16224.84,1085.74,0.00,16224.84,16224.84,0.00,1085.74,NULL,NULL,4,2,NULL,1,2),(36,NULL,'2024-07-06 12:19:09',0,NULL,3720.00,0.00,NULL,3720.00,200.00,0.00,3720.00,3720.00,0.00,200.00,NULL,NULL,7,2,NULL,1,2),(37,NULL,'2024-07-06 21:09:25',0,NULL,2132.80,0.00,NULL,2132.80,129.02,0.00,2132.80,2132.80,0.00,129.02,NULL,NULL,6,2,NULL,1,2),(38,NULL,'2024-07-06 21:38:15',0,NULL,2450.96,0.00,NULL,2450.96,127.58,0.00,2450.96,2450.96,0.00,127.58,NULL,NULL,4,2,NULL,1,2),(39,NULL,'2024-07-07 10:00:41',0,NULL,15876.96,0.00,NULL,15876.96,782.64,0.00,15876.96,15876.96,0.00,782.64,NULL,NULL,3,2,NULL,1,2),(40,NULL,'2024-07-07 10:09:29',0,NULL,6413.84,0.00,NULL,6413.84,236.40,0.00,6413.84,6413.84,0.00,236.40,NULL,NULL,4,2,NULL,1,2),(41,NULL,'2024-07-07 10:15:58',0,NULL,4371.00,0.00,NULL,4371.00,236.54,0.00,4371.00,4371.00,0.00,236.54,NULL,NULL,4,2,NULL,1,2),(42,NULL,'2024-07-07 10:38:44',0,NULL,756.00,0.00,NULL,756.00,417.08,0.00,756.00,756.00,0.00,417.08,NULL,NULL,5,2,NULL,1,2),(43,NULL,'2024-07-07 10:44:36',0,NULL,128.00,0.00,NULL,128.00,4.74,0.00,128.00,128.00,0.00,4.74,NULL,NULL,5,2,NULL,1,2),(44,NULL,'2024-07-07 10:47:48',0,NULL,8703.60,0.00,NULL,8703.60,58.00,0.00,8703.60,8703.60,0.00,58.00,NULL,NULL,7,2,NULL,1,2),(45,NULL,'2024-07-07 10:48:38',0,NULL,6860.00,0.00,NULL,6860.00,340.00,0.00,6860.00,6860.00,0.00,340.00,NULL,NULL,7,2,NULL,1,2),(46,NULL,'2024-07-07 10:52:37',0,NULL,4212.08,0.00,NULL,4212.08,166.16,0.00,4212.08,4212.08,0.00,166.16,NULL,NULL,7,2,NULL,1,2),(47,NULL,'2024-07-08 10:48:56',0,NULL,131.24,0.00,NULL,131.24,27.88,0.00,131.24,131.24,0.00,27.88,NULL,NULL,6,2,NULL,1,2),(48,NULL,'2024-07-08 11:54:00',0,NULL,14496.00,0.00,NULL,14496.00,647.77,0.00,14496.00,14496.00,0.00,647.77,NULL,NULL,4,2,NULL,1,2),(49,NULL,'2024-07-08 11:56:25',0,NULL,4748.00,0.00,NULL,4748.00,288.08,0.00,4748.00,4748.00,0.00,288.08,NULL,NULL,5,2,NULL,1,2),(50,NULL,'2024-07-08 12:05:43',0,NULL,32006.16,0.00,NULL,32006.16,1791.36,0.00,32006.16,32006.16,0.00,1791.36,NULL,NULL,4,2,NULL,1,2),(51,NULL,'2024-07-08 12:09:18',0,NULL,4008.00,0.00,NULL,4008.00,203.28,0.00,4008.00,4008.00,0.00,203.28,NULL,NULL,7,2,NULL,1,2),(52,NULL,'2024-07-08 12:22:19',0,NULL,25177.68,0.00,NULL,25177.68,798.32,0.00,25177.68,25177.68,0.00,798.32,NULL,NULL,3,2,NULL,1,2),(53,NULL,'2024-07-08 12:24:05',0,NULL,910.00,0.00,NULL,910.00,75.00,0.00,910.00,910.00,0.00,75.00,NULL,NULL,3,2,NULL,1,2),(54,NULL,'2024-07-08 12:28:13',0,NULL,30952.00,0.00,NULL,30952.00,1275.00,0.00,30952.00,30952.00,0.00,1275.00,NULL,NULL,7,2,NULL,1,2),(55,NULL,'2024-07-08 20:52:18',0,NULL,920.00,0.00,NULL,920.00,46.04,0.00,920.00,920.00,0.00,46.04,NULL,NULL,6,2,NULL,1,2),(56,NULL,'2024-07-09 10:31:37',0,NULL,23275.40,0.00,NULL,23275.40,780.80,0.00,23275.40,23275.40,0.00,780.80,NULL,NULL,7,2,NULL,1,2),(57,NULL,'2024-07-09 10:33:22',0,NULL,2730.00,0.00,NULL,2730.00,220.00,0.00,2730.00,2730.00,0.00,220.00,NULL,NULL,7,2,NULL,1,2),(58,NULL,'2024-07-09 10:37:52',0,NULL,3811.00,0.00,NULL,3811.00,120.02,0.00,3811.00,3811.00,0.00,120.02,NULL,NULL,7,2,NULL,1,2),(59,NULL,'2024-07-09 10:45:47',0,NULL,36374.08,0.00,NULL,36374.08,1661.94,0.00,36374.08,36374.08,0.00,1661.94,NULL,NULL,4,2,NULL,1,2),(60,NULL,'2024-07-09 10:48:05',0,NULL,1368.00,0.00,NULL,1368.00,135.62,0.00,1368.00,1368.00,0.00,135.62,NULL,NULL,4,2,NULL,1,2),(61,NULL,'2024-07-09 11:08:38',0,NULL,21740.96,0.00,NULL,21740.96,475.86,0.00,21740.96,21740.96,0.00,475.86,NULL,NULL,3,2,NULL,1,2),(62,NULL,'2024-07-09 11:15:24',0,NULL,5800.00,0.00,NULL,5800.00,401.58,0.00,5800.00,5800.00,0.00,401.58,NULL,NULL,5,2,NULL,1,2),(63,NULL,'2024-07-10 11:20:15',0,NULL,8492.64,0.00,NULL,8492.64,329.68,0.00,8492.64,8492.64,0.00,329.68,NULL,NULL,3,2,NULL,1,2),(64,NULL,'2024-07-10 11:27:17',0,NULL,3022.00,0.00,NULL,3022.00,153.05,0.00,3022.00,3022.00,0.00,153.05,NULL,NULL,3,2,NULL,1,2),(65,NULL,'2024-07-10 11:31:34',0,NULL,8470.72,0.00,NULL,8470.72,457.95,0.00,8470.72,8470.72,0.00,457.95,NULL,NULL,4,2,NULL,1,2),(66,NULL,'2024-07-10 11:35:23',0,NULL,8551.00,0.00,NULL,8551.00,138.41,0.00,8551.00,8551.00,0.00,138.41,NULL,NULL,4,2,NULL,1,2),(67,NULL,'2024-07-10 12:09:06',0,NULL,6992.00,0.00,NULL,6992.00,731.98,0.00,6992.00,6992.00,0.00,731.98,NULL,NULL,5,2,NULL,1,2),(68,NULL,'2024-07-10 12:18:24',0,NULL,1950.00,0.00,NULL,1950.00,100.00,0.00,1950.00,1000.00,950.00,100.00,NULL,NULL,6,2,NULL,2,2),(69,NULL,'2024-07-11 10:39:47',0,NULL,527.64,0.00,NULL,527.64,33.48,0.00,527.64,527.64,0.00,33.48,NULL,NULL,6,2,NULL,1,2),(70,NULL,'2024-07-11 11:06:32',0,NULL,15118.62,0.00,NULL,15118.62,677.50,0.00,15118.62,15118.62,0.00,677.50,NULL,NULL,4,2,NULL,1,2),(71,NULL,'2024-07-11 11:13:11',0,NULL,7430.00,0.00,NULL,7430.00,365.61,0.00,7430.00,7430.00,0.00,365.61,NULL,NULL,4,2,NULL,1,2),(72,NULL,'2024-07-11 11:19:39',0,NULL,24658.00,0.00,NULL,24658.00,932.00,0.00,24658.00,24658.00,0.00,932.00,NULL,NULL,7,2,NULL,1,2),(73,NULL,'2024-07-11 11:46:52',0,NULL,312.00,0.00,NULL,312.00,16.00,0.00,312.00,312.00,0.00,16.00,NULL,NULL,8,2,NULL,1,2),(74,NULL,'2024-07-11 11:54:00',0,NULL,2202.00,0.00,NULL,2202.00,163.15,0.00,2202.00,2202.00,0.00,163.15,NULL,NULL,4,2,NULL,1,2),(75,NULL,'2024-07-11 12:01:58',0,NULL,5047.00,0.00,NULL,5047.00,300.10,0.00,5047.00,5047.00,0.00,300.10,NULL,NULL,7,2,NULL,1,2),(76,NULL,'2024-07-11 21:52:10',0,NULL,230.00,0.00,NULL,230.00,17.20,0.00,230.00,NULL,230.00,17.20,NULL,NULL,6,2,NULL,0,2),(77,NULL,'2024-07-12 22:25:41',0,NULL,20738.00,0.00,NULL,20738.00,791.00,0.00,20738.00,20738.00,0.00,791.00,NULL,NULL,7,2,NULL,1,2),(78,NULL,'2024-07-12 22:38:46',0,NULL,6157.00,0.00,NULL,6157.00,228.34,0.00,6157.00,6157.00,0.00,228.34,NULL,NULL,7,2,NULL,1,2),(79,NULL,'2024-07-13 20:34:30',0,NULL,15313.80,0.00,NULL,15313.80,589.80,0.00,15313.80,15313.80,0.00,589.80,NULL,NULL,7,2,NULL,1,2),(80,NULL,'2024-07-13 20:34:31',NULL,NULL,0.00,0.00,0.00,0.00,0.00,0.00,0.00,0.00,0.00,0.00,NULL,NULL,7,2,NULL,0,2),(81,NULL,'2024-07-13 20:40:38',0,NULL,2923.00,0.00,NULL,2923.00,198.90,0.00,2923.00,2923.00,0.00,198.90,NULL,NULL,7,2,NULL,1,2),(82,NULL,'2024-07-13 20:46:21',0,NULL,3595.00,0.00,NULL,3595.00,256.71,0.00,3595.00,3595.00,0.00,256.71,NULL,NULL,4,2,NULL,1,2),(83,NULL,'2024-07-13 21:01:42',0,NULL,18038.92,0.00,NULL,18038.92,1329.02,0.00,18038.92,18038.92,0.00,1329.02,NULL,NULL,4,2,NULL,1,2),(84,NULL,'2024-07-13 21:07:10',0,NULL,192.00,0.00,NULL,192.00,12.00,0.00,192.00,192.00,0.00,12.00,NULL,NULL,6,2,NULL,1,2),(85,NULL,'2024-07-13 21:08:06',0,NULL,80.00,0.00,NULL,80.00,28.00,0.00,80.00,80.00,0.00,28.00,NULL,NULL,6,2,NULL,1,2),(86,NULL,'2024-07-13 21:23:11',0,NULL,542.88,0.00,NULL,542.88,15.12,0.00,542.88,542.88,0.00,15.12,NULL,NULL,4,2,NULL,1,2),(87,NULL,'2024-07-13 21:32:33',0,NULL,288.00,0.00,NULL,288.00,14.40,0.00,288.00,288.00,0.00,14.40,NULL,NULL,8,2,NULL,1,2),(88,NULL,'2024-07-13 21:36:10',0,NULL,3417.00,0.00,NULL,3417.00,218.74,0.00,3417.00,3417.00,0.00,218.74,NULL,NULL,4,2,NULL,1,2),(89,NULL,'2024-07-14 11:22:30',0,NULL,13027.60,0.00,NULL,13027.60,763.00,0.00,13027.60,13027.60,0.00,763.00,NULL,NULL,4,2,NULL,1,2),(90,NULL,'2024-07-14 11:25:29',0,NULL,2130.00,0.00,NULL,2130.00,215.04,0.00,2130.00,2130.00,0.00,215.04,NULL,NULL,4,2,NULL,1,2),(91,NULL,'2024-07-14 11:28:31',0,NULL,19001.80,0.00,NULL,19001.80,696.80,0.00,19001.80,19001.80,0.00,696.80,NULL,NULL,7,2,NULL,1,2),(92,NULL,'2024-07-14 11:32:32',0,NULL,3979.00,0.00,NULL,3979.00,206.10,0.00,3979.00,3979.00,0.00,206.10,NULL,NULL,7,2,NULL,1,2),(93,NULL,'2024-07-14 11:40:11',0,NULL,9836.68,0.00,NULL,9836.68,220.56,0.00,9836.68,9836.68,0.00,220.56,NULL,NULL,3,2,NULL,1,2),(94,NULL,'2024-07-14 11:42:04',0,NULL,1795.00,0.00,NULL,1795.00,143.00,0.00,1795.00,1795.00,0.00,143.00,NULL,NULL,3,2,NULL,1,2),(95,NULL,'2024-07-14 11:42:04',NULL,NULL,0.00,0.00,0.00,0.00,0.00,0.00,0.00,0.00,0.00,0.00,NULL,NULL,3,2,NULL,0,2),(96,NULL,'2024-07-14 11:47:50',0,NULL,9403.00,0.00,NULL,9403.00,657.80,0.00,9403.00,9403.00,0.00,657.80,NULL,NULL,5,2,NULL,1,2),(97,NULL,'2024-07-15 11:33:16',0,NULL,315.00,0.00,NULL,315.00,22.05,0.00,315.00,315.00,0.00,22.05,NULL,NULL,8,2,NULL,1,2),(98,NULL,'2024-07-15 20:30:06',0,NULL,18858.80,0.00,NULL,18858.80,837.70,0.00,18858.80,18858.80,0.00,837.70,NULL,NULL,7,2,NULL,1,2),(99,NULL,'2024-07-15 20:42:24',0,NULL,2032.00,0.00,NULL,2032.00,192.44,0.00,2032.00,2032.00,0.00,192.44,NULL,NULL,7,2,NULL,1,2),(100,NULL,'2024-07-15 20:56:48',0,NULL,16678.40,0.00,NULL,16678.40,933.26,0.00,16678.40,16678.40,0.00,933.26,NULL,NULL,4,2,NULL,1,2),(101,NULL,'2024-07-15 20:58:31',0,NULL,3706.00,0.00,NULL,3706.00,231.72,0.00,3706.00,3706.00,0.00,231.72,NULL,NULL,4,2,NULL,1,2),(102,NULL,'2024-07-15 20:59:35',0,NULL,2090.00,0.00,NULL,2090.00,49.65,0.00,2090.00,2090.00,0.00,49.65,NULL,NULL,4,2,NULL,1,2),(103,NULL,'2024-07-15 21:18:18',0,NULL,16740.56,0.00,NULL,16740.56,693.24,0.00,16740.56,16740.56,0.00,693.24,NULL,NULL,3,2,NULL,1,2),(104,NULL,'2024-07-15 21:20:54',0,NULL,482.00,0.00,NULL,482.00,64.00,0.00,482.00,482.00,0.00,64.00,NULL,NULL,7,2,NULL,1,2),(105,NULL,'2024-07-15 22:00:56',0,NULL,450.00,0.00,NULL,450.00,18.00,0.00,450.00,450.00,0.00,18.00,NULL,NULL,3,2,NULL,1,2),(106,NULL,'2024-07-16 10:39:53',0,NULL,5480.00,0.00,NULL,5480.00,334.00,0.00,5480.00,5480.00,0.00,334.00,NULL,NULL,4,2,NULL,1,2),(107,NULL,'2024-07-16 10:46:32',0,NULL,850.00,0.00,NULL,850.00,50.00,0.00,850.00,850.00,0.00,50.00,NULL,NULL,8,2,NULL,1,2),(108,NULL,'2024-07-16 10:54:16',0,NULL,7350.96,0.00,NULL,7350.96,435.66,0.00,7350.96,7350.96,0.00,435.66,NULL,NULL,4,2,NULL,1,2),(109,NULL,'2024-07-16 10:57:21',0,NULL,8456.80,0.00,NULL,8456.80,350.80,0.00,8456.80,8456.80,0.00,350.80,NULL,NULL,7,2,NULL,1,2),(110,NULL,'2024-07-16 10:58:22',0,NULL,2810.00,0.00,NULL,2810.00,140.00,0.00,2810.00,2810.00,0.00,140.00,NULL,NULL,7,2,NULL,1,2),(111,NULL,'2024-07-16 11:00:09',0,NULL,3156.00,0.00,NULL,3156.00,235.52,0.00,3156.00,3156.00,0.00,235.52,NULL,NULL,7,2,NULL,1,2),(112,NULL,'2024-07-16 11:24:27',0,NULL,7531.00,0.00,NULL,7531.00,180.03,0.00,7531.00,7531.00,0.00,180.03,NULL,NULL,4,2,NULL,1,2),(113,NULL,'2024-07-16 11:55:34',0,NULL,10035.40,0.00,NULL,10035.40,196.64,0.00,10035.40,30106.20,0.00,196.64,NULL,NULL,3,2,NULL,1,2),(114,NULL,'2024-07-16 11:58:11',0,NULL,90.00,0.00,NULL,90.00,62.00,0.00,90.00,90.00,0.00,62.00,NULL,NULL,3,2,NULL,1,2),(115,NULL,'2024-07-16 12:02:06',0,NULL,726.00,0.00,NULL,726.00,79.68,0.00,726.00,726.00,0.00,79.68,NULL,NULL,5,2,NULL,1,2),(116,NULL,'2024-07-16 21:04:58',0,NULL,225.00,0.00,NULL,225.00,16.67,0.00,225.00,NULL,225.00,16.67,NULL,NULL,8,2,NULL,0,2),(117,NULL,'2024-07-17 11:13:50',0,NULL,5888.40,0.00,NULL,5888.40,269.40,0.00,5888.40,5888.40,0.00,269.40,NULL,NULL,7,2,NULL,1,2),(118,NULL,'2024-07-17 11:21:06',0,NULL,3212.00,0.00,NULL,3212.00,224.16,0.00,3212.00,3212.00,0.00,224.16,NULL,NULL,7,2,NULL,1,2),(119,NULL,'2024-07-17 12:36:32',0,NULL,17711.92,0.00,NULL,17711.92,921.62,0.00,17711.92,17711.92,0.00,921.62,NULL,NULL,4,2,NULL,1,2),(120,NULL,'2024-07-17 12:41:45',0,NULL,5009.00,0.00,NULL,5009.00,346.18,0.00,5009.00,5009.00,0.00,346.18,NULL,NULL,4,2,NULL,1,2),(121,NULL,'2024-07-17 13:07:53',0,NULL,7052.80,0.00,NULL,7052.80,475.56,0.00,7052.80,7052.80,0.00,475.56,NULL,NULL,3,2,NULL,1,2),(122,NULL,'2024-07-17 21:59:30',0,NULL,1456.00,0.00,NULL,1456.00,114.80,0.00,1456.00,1456.00,0.00,114.80,NULL,NULL,4,2,NULL,1,2),(123,NULL,'2024-07-18 10:57:11',0,NULL,13670.00,0.00,NULL,13670.00,802.00,0.00,13670.00,13670.00,0.00,802.00,NULL,NULL,7,2,NULL,1,2),(124,NULL,'2024-07-18 11:00:28',0,NULL,2857.00,0.00,NULL,2857.00,176.30,0.00,2857.00,2857.00,0.00,176.30,NULL,NULL,7,2,NULL,1,2),(125,NULL,'2024-07-18 11:04:23',0,NULL,4973.00,0.00,NULL,4973.00,274.89,0.00,4973.00,4973.00,0.00,274.89,NULL,NULL,4,2,NULL,1,2),(126,NULL,'2024-07-18 11:14:49',0,NULL,25887.00,0.00,NULL,25887.00,836.88,0.00,25887.00,25887.00,0.00,836.88,NULL,NULL,4,2,NULL,1,2),(127,NULL,'2024-07-18 11:19:46',0,NULL,5254.00,0.00,NULL,5254.00,347.13,0.00,5254.00,5254.00,0.00,347.13,NULL,NULL,5,2,NULL,1,2),(128,NULL,'2024-07-18 11:46:20',0,NULL,10401.96,0.00,NULL,10401.96,671.36,0.00,10401.96,10401.96,0.00,671.36,NULL,NULL,3,2,NULL,1,2),(129,NULL,'2024-07-31 11:18:59',0,NULL,66776.86,0.00,NULL,66776.86,4211.18,0.00,66776.86,66776.86,0.00,4211.18,NULL,NULL,6,2,NULL,1,2),(130,NULL,'2024-07-31 18:27:53',0,NULL,4613.00,0.00,NULL,4613.00,375.51,0.00,4613.00,4613.00,0.00,375.51,NULL,NULL,4,2,NULL,1,2),(131,NULL,'2024-07-31 18:32:37',0,NULL,1889.00,0.00,NULL,1889.00,135.86,0.00,1889.00,3778.00,0.00,135.86,NULL,NULL,4,2,NULL,1,2),(132,NULL,'2024-08-01 07:34:47',0,NULL,4013.00,0.00,NULL,4013.00,302.28,0.00,4013.00,4013.00,0.00,302.28,NULL,NULL,4,2,NULL,1,2),(133,NULL,'2024-08-01 07:38:00',0,NULL,5047.00,0.00,NULL,5047.00,386.10,0.00,5047.00,5047.00,0.00,386.10,NULL,NULL,4,2,NULL,1,2),(134,NULL,'2024-08-01 07:41:41',0,NULL,2145.00,0.00,NULL,2145.00,143.70,0.00,2145.00,2145.00,0.00,143.70,NULL,NULL,4,2,NULL,1,2),(135,NULL,'2024-08-01 07:44:09',0,NULL,2114.00,0.00,NULL,2114.00,155.86,0.00,2114.00,2114.00,0.00,155.86,NULL,NULL,4,2,NULL,1,2),(136,NULL,'2024-08-01 07:48:58',0,NULL,10976.00,0.00,NULL,10976.00,801.45,0.00,10976.00,10976.00,0.00,801.45,NULL,NULL,4,2,NULL,1,2),(137,NULL,'2024-08-01 07:52:28',0,NULL,4049.00,0.00,NULL,4049.00,279.68,0.00,4049.00,4049.00,0.00,279.68,NULL,NULL,4,2,NULL,1,2),(138,NULL,'2024-08-01 10:08:50',0,NULL,1464.00,0.00,NULL,1464.00,108.36,0.00,1464.00,1464.00,0.00,108.36,NULL,NULL,7,2,NULL,1,2),(139,NULL,'2024-08-01 10:12:58',0,NULL,4191.00,0.00,NULL,4191.00,247.14,0.00,4191.00,4191.00,0.00,247.14,NULL,NULL,7,2,NULL,1,2),(140,NULL,'2024-08-01 10:18:20',0,NULL,5515.00,0.00,NULL,5515.00,335.30,0.00,5515.00,5515.00,0.00,335.30,NULL,NULL,7,2,NULL,1,2),(141,NULL,'2024-08-01 10:22:14',0,NULL,1342.00,0.00,NULL,1342.00,77.41,0.00,1342.00,1342.00,0.00,77.41,NULL,NULL,7,2,NULL,1,2),(142,NULL,'2024-08-01 10:30:17',0,NULL,2565.00,0.00,NULL,2565.00,147.82,0.00,2565.00,2565.00,0.00,147.82,NULL,NULL,7,2,NULL,1,2),(143,NULL,'2024-08-01 10:31:59',0,NULL,3192.00,0.00,NULL,3192.00,184.16,0.00,3192.00,3192.00,0.00,184.16,NULL,NULL,7,2,NULL,1,2),(144,NULL,'2024-08-01 10:44:44',0,NULL,13202.00,0.00,NULL,13202.00,832.72,0.00,13202.00,13202.00,0.00,832.72,NULL,NULL,4,2,NULL,1,2),(145,NULL,'2024-08-01 10:49:51',0,NULL,9260.00,0.00,NULL,9260.00,589.96,0.00,9260.00,9260.00,0.00,589.96,NULL,NULL,4,2,NULL,1,2),(146,NULL,'2024-08-01 10:59:18',0,NULL,17926.92,0.00,NULL,17926.92,1159.82,0.00,17926.92,17926.92,0.00,1159.82,NULL,NULL,4,2,NULL,1,2),(147,NULL,'2024-08-01 11:07:38',0,NULL,12789.00,0.00,NULL,12789.00,869.96,0.00,12789.00,12789.00,0.00,869.96,NULL,NULL,4,2,NULL,1,2),(148,NULL,'2024-08-01 11:08:19',NULL,NULL,0.00,0.00,0.00,0.00,0.00,0.00,0.00,0.00,0.00,0.00,NULL,NULL,4,2,NULL,0,2),(149,NULL,'2024-08-01 11:08:58',NULL,NULL,0.00,0.00,0.00,0.00,0.00,0.00,0.00,0.00,0.00,0.00,NULL,NULL,4,2,NULL,0,2),(150,NULL,'2024-08-01 11:09:09',NULL,NULL,0.00,0.00,0.00,0.00,0.00,0.00,0.00,0.00,0.00,0.00,NULL,NULL,4,2,NULL,0,2),(151,NULL,'2024-08-01 15:50:37',0,NULL,22488.20,0.00,NULL,22488.20,1372.04,0.00,22488.20,22488.20,0.00,1372.04,NULL,NULL,8,2,NULL,1,2),(152,NULL,'2024-08-01 23:39:29',0,NULL,3300.00,0.00,NULL,3300.00,218.64,0.00,3300.00,3300.00,0.00,218.64,NULL,NULL,8,2,NULL,1,2),(153,NULL,'2024-08-02 00:04:11',0,NULL,14419.52,0.00,NULL,14419.52,897.16,0.00,14419.52,14419.52,0.00,897.16,NULL,NULL,4,2,NULL,1,2),(154,NULL,'2024-08-02 00:17:26',0,NULL,23129.00,0.00,NULL,23129.00,1510.60,0.00,23129.00,23129.00,0.00,1510.60,NULL,NULL,4,2,NULL,1,2),(155,NULL,'2024-08-02 00:22:40',0,NULL,2822.00,0.00,NULL,2822.00,182.30,0.00,2822.00,2822.00,0.00,182.30,NULL,NULL,4,2,NULL,1,2),(156,NULL,'2024-08-02 00:29:51',0,NULL,6515.00,0.00,NULL,6515.00,513.18,0.00,6515.00,6515.00,0.00,513.18,NULL,NULL,4,2,NULL,1,2),(157,NULL,'2024-08-06 10:05:28',0,NULL,14080.00,0.00,NULL,14080.00,760.00,0.00,14080.00,14080.00,0.00,760.00,NULL,NULL,7,2,NULL,1,2),(158,NULL,'2024-08-06 10:09:41',0,NULL,18676.80,0.00,NULL,18676.80,901.80,0.00,18676.80,18676.80,0.00,901.80,NULL,NULL,7,2,NULL,1,2),(159,NULL,'2024-08-06 10:27:11',0,NULL,4280.20,0.00,NULL,4280.20,170.20,0.00,4280.20,4280.20,0.00,170.20,NULL,NULL,7,2,NULL,1,2),(160,NULL,'2024-08-06 10:30:19',0,NULL,11470.00,0.00,NULL,11470.00,483.00,0.00,11470.00,11470.00,0.00,483.00,NULL,NULL,7,2,NULL,1,2),(161,NULL,'2024-08-06 10:33:19',0,NULL,13458.00,0.00,NULL,13458.00,577.00,0.00,13458.00,13458.00,0.00,577.00,NULL,NULL,7,2,NULL,1,2),(162,NULL,'2024-08-06 10:34:50',0,NULL,14652.00,0.00,NULL,14652.00,672.00,0.00,14652.00,14652.00,0.00,672.00,NULL,NULL,7,2,NULL,1,2),(163,NULL,'2024-08-06 10:40:12',0,NULL,11058.00,0.00,NULL,11058.00,481.00,0.00,11058.00,11058.00,0.00,481.00,NULL,NULL,7,2,NULL,1,2),(164,NULL,'2024-08-07 10:15:31',0,NULL,7200.20,0.00,NULL,7200.20,472.96,0.00,7200.20,7200.20,0.00,472.96,NULL,NULL,3,2,NULL,1,2),(165,NULL,'2024-08-07 10:32:06',0,NULL,21528.88,0.00,NULL,21528.88,1138.68,0.00,21528.88,21528.88,0.00,1138.68,NULL,NULL,3,2,NULL,1,2),(166,NULL,'2024-08-07 10:43:43',0,NULL,7082.32,0.00,NULL,7082.32,411.44,0.00,7082.32,7082.32,0.00,411.44,NULL,NULL,3,2,NULL,1,2),(167,NULL,'2024-08-07 10:53:24',0,NULL,6542.44,0.00,NULL,6542.44,402.22,0.00,6542.44,6542.44,0.00,402.22,NULL,NULL,3,2,NULL,1,2),(168,NULL,'2024-08-07 11:07:05',0,NULL,6777.48,0.00,NULL,6777.48,416.36,0.00,6777.48,6777.48,0.00,416.36,NULL,NULL,3,2,NULL,1,2),(169,NULL,'2024-08-07 11:22:44',0,NULL,6870.16,0.00,NULL,6870.16,426.88,0.00,6870.16,6870.16,0.00,426.88,NULL,NULL,3,2,NULL,1,2),(170,NULL,'2024-08-07 11:28:17',0,NULL,2630.20,0.00,NULL,2630.20,163.14,0.00,2630.20,2630.20,0.00,163.14,NULL,NULL,3,2,NULL,1,2),(171,NULL,'2024-08-07 11:35:27',0,NULL,3334.40,0.00,NULL,3334.40,198.44,0.00,3334.40,3334.40,0.00,198.44,NULL,NULL,3,2,NULL,1,2),(172,NULL,'2024-08-07 11:44:05',0,NULL,9845.28,0.00,NULL,9845.28,636.16,0.00,9845.28,9845.28,0.00,636.16,NULL,NULL,3,2,NULL,1,2),(173,NULL,'2024-08-07 11:53:50',0,NULL,4290.80,0.00,NULL,4290.80,315.14,0.00,4290.80,4290.80,0.00,315.14,NULL,NULL,3,2,NULL,1,2),(174,NULL,'2024-08-07 12:22:19',0,NULL,840.00,0.00,NULL,840.00,30.00,0.00,840.00,840.00,0.00,30.00,NULL,NULL,3,2,NULL,1,2),(175,NULL,'2024-08-08 13:00:33',0,NULL,350.08,0.00,NULL,350.08,27.28,0.00,350.08,350.08,0.00,27.28,NULL,NULL,6,2,NULL,1,2),(176,NULL,'2024-08-08 23:35:44',0,NULL,3837.00,0.00,NULL,3837.00,284.91,0.00,3837.00,3837.00,0.00,284.91,NULL,NULL,4,2,NULL,1,2),(177,NULL,'2024-08-08 23:41:34',0,NULL,5911.00,0.00,NULL,5911.00,426.49,0.00,5911.00,5911.00,0.00,426.49,NULL,NULL,4,2,NULL,1,2),(178,NULL,'2024-08-08 23:43:14',0,NULL,1512.00,0.00,NULL,1512.00,112.62,0.00,1512.00,1512.00,0.00,112.62,NULL,NULL,4,2,NULL,1,2),(179,NULL,'2024-08-08 23:45:54',0,NULL,5085.00,0.00,NULL,5085.00,359.25,0.00,5085.00,5085.00,0.00,359.25,NULL,NULL,4,2,NULL,1,2),(180,NULL,'2024-08-08 23:47:53',0,NULL,244.00,0.00,NULL,244.00,17.08,0.00,244.00,244.00,0.00,17.08,NULL,NULL,4,2,NULL,1,2),(181,NULL,'2024-08-08 23:51:07',0,NULL,4116.00,0.00,NULL,4116.00,299.58,0.00,4116.00,4116.00,0.00,299.58,NULL,NULL,4,2,NULL,1,2),(182,NULL,'2024-08-09 00:11:55',0,NULL,22797.00,0.00,NULL,22797.00,1245.00,0.00,22797.00,22797.00,0.00,1245.00,NULL,NULL,7,2,NULL,1,2),(183,NULL,'2024-08-09 00:13:22',0,NULL,6214.00,0.00,NULL,6214.00,262.00,0.00,6214.00,6214.00,0.00,262.00,NULL,NULL,7,2,NULL,1,2),(184,NULL,'2024-08-09 00:19:16',0,NULL,16785.00,0.00,NULL,16785.00,847.00,0.00,16785.00,16785.00,0.00,847.00,NULL,NULL,7,2,NULL,1,2),(185,NULL,'2024-08-09 00:21:10',0,NULL,3670.00,0.00,NULL,3670.00,180.00,0.00,3670.00,3670.00,0.00,180.00,NULL,NULL,7,2,NULL,1,2),(186,NULL,'2024-08-09 00:29:26',0,NULL,3072.00,0.00,NULL,3072.00,176.92,0.00,3072.00,3072.00,0.00,176.92,NULL,NULL,7,2,NULL,1,2),(187,NULL,'2024-08-09 00:34:28',0,NULL,3286.00,0.00,NULL,3286.00,133.20,0.00,3286.00,3286.00,0.00,133.20,NULL,NULL,7,2,NULL,1,2),(188,NULL,'2024-08-09 00:40:02',0,NULL,5856.00,0.00,NULL,5856.00,345.28,0.00,5856.00,5856.00,0.00,345.28,NULL,NULL,7,2,NULL,1,2),(189,NULL,'2024-08-09 00:42:21',0,NULL,762.00,0.00,NULL,762.00,44.28,0.00,762.00,762.00,0.00,44.28,NULL,NULL,7,2,NULL,1,2),(190,NULL,'2024-08-09 00:55:22',0,NULL,2220.00,0.00,NULL,2220.00,164.52,0.00,2220.00,2220.00,0.00,164.52,NULL,NULL,5,2,NULL,1,2),(191,NULL,'2024-08-09 00:56:15',0,NULL,2501.00,0.00,NULL,2501.00,185.31,0.00,2501.00,2501.00,0.00,185.31,NULL,NULL,5,2,NULL,1,2),(192,NULL,'2024-08-09 01:00:39',0,NULL,11810.00,0.00,NULL,11810.00,874.42,0.00,11810.00,11810.00,0.00,874.42,NULL,NULL,5,2,NULL,1,2),(193,NULL,'2024-08-09 01:06:18',0,NULL,2932.00,0.00,NULL,2932.00,217.20,0.00,2932.00,2932.00,0.00,217.20,NULL,NULL,5,2,NULL,1,2),(194,NULL,'2024-08-09 01:08:33',0,NULL,1533.00,0.00,NULL,1533.00,113.59,0.00,1533.00,1533.00,0.00,113.59,NULL,NULL,5,2,NULL,1,2),(195,NULL,'2024-08-09 01:11:14',0,NULL,3496.00,0.00,NULL,3496.00,239.00,0.00,3496.00,3496.00,0.00,239.00,NULL,NULL,5,2,NULL,1,2),(196,NULL,'2024-08-09 01:12:15',0,NULL,1060.00,0.00,NULL,1060.00,78.52,0.00,1060.00,1060.00,0.00,78.52,NULL,NULL,5,2,NULL,1,2),(197,NULL,'2024-08-09 01:13:51',0,NULL,1983.00,0.00,NULL,1983.00,146.91,0.00,1983.00,1983.00,0.00,146.91,NULL,NULL,5,2,NULL,1,2),(198,NULL,'2024-08-09 01:15:15',0,NULL,4896.00,0.00,NULL,4896.00,362.76,0.00,4896.00,4896.00,0.00,362.76,NULL,NULL,5,2,NULL,1,2),(199,NULL,'2024-08-09 01:18:44',0,NULL,2710.00,0.00,NULL,2710.00,200.74,0.00,2710.00,2710.00,0.00,200.74,NULL,NULL,5,2,NULL,1,2),(200,NULL,'2024-08-09 01:51:23',0,NULL,8467.36,0.00,NULL,8467.36,582.68,0.00,8467.36,8467.36,0.00,582.68,NULL,NULL,3,2,NULL,1,2),(201,NULL,'2024-08-09 02:09:19',0,NULL,3892.56,0.00,NULL,3892.56,255.48,0.00,3892.56,3892.56,0.00,255.48,NULL,NULL,3,2,NULL,1,2),(202,NULL,'2024-08-09 02:28:38',0,NULL,85.00,0.00,NULL,85.00,886.28,0.00,85.00,85.00,0.00,886.28,NULL,NULL,4,2,NULL,1,2),(203,NULL,'2024-08-09 02:33:02',0,NULL,6345.00,0.00,NULL,6345.00,503.74,0.00,6345.00,6345.00,0.00,503.74,NULL,NULL,4,2,NULL,1,2),(204,NULL,'2024-08-09 02:39:57',0,NULL,9999.00,0.00,NULL,9999.00,679.86,0.00,9999.00,9999.00,0.00,679.86,NULL,NULL,4,2,NULL,1,2),(205,NULL,'2024-08-09 02:43:45',0,NULL,6125.00,0.00,NULL,6125.00,399.20,0.00,6125.00,6125.00,0.00,399.20,NULL,NULL,4,2,NULL,1,2),(206,NULL,'2024-08-09 02:54:52',0,NULL,9037.20,0.00,NULL,9037.20,572.67,0.00,9037.20,9037.20,0.00,572.67,NULL,NULL,4,2,NULL,1,2),(207,NULL,'2024-08-09 03:03:35',0,NULL,36720.00,0.00,NULL,36720.00,2251.30,0.00,36720.00,36720.00,0.00,2251.30,NULL,NULL,4,2,NULL,1,2),(208,NULL,'2024-08-09 03:06:32',0,NULL,4340.44,0.00,NULL,4340.44,261.52,0.00,4340.44,4340.44,0.00,261.52,NULL,NULL,4,2,NULL,1,2),(209,NULL,'2024-08-09 03:10:04',0,NULL,10049.00,0.00,NULL,10049.00,640.98,0.00,10049.00,10049.00,0.00,640.98,NULL,NULL,4,2,NULL,1,2),(210,NULL,'2024-08-09 03:16:24',0,NULL,12672.24,0.00,NULL,12672.24,804.24,0.00,12672.24,12672.24,0.00,804.24,NULL,NULL,4,2,NULL,1,2),(211,NULL,'2024-08-26 06:36:12',0,NULL,235.00,0.00,NULL,235.00,-5.00,0.00,235.00,NULL,235.00,-5.00,NULL,NULL,3,2,NULL,0,NULL),(212,NULL,'2024-08-26 07:05:11',0,NULL,56.00,0.00,NULL,56.00,-10.00,0.00,56.00,NULL,56.00,-10.00,NULL,NULL,4,2,NULL,0,NULL),(213,NULL,'2024-08-26 07:05:33',NULL,NULL,0.00,0.00,0.00,0.00,0.00,0.00,0.00,0.00,0.00,0.00,NULL,NULL,4,2,NULL,0,NULL),(214,NULL,'2024-08-26 07:08:17',0,NULL,55.00,0.00,NULL,55.00,5.00,0.00,55.00,NULL,55.00,5.00,NULL,NULL,6,2,NULL,0,NULL),(215,NULL,'2024-08-26 07:15:46',0,NULL,935.00,0.00,NULL,935.00,69.26,0.00,935.00,NULL,935.00,69.26,NULL,NULL,7,2,NULL,0,NULL),(216,NULL,'2024-08-26 07:18:12',0,NULL,12.00,0.00,NULL,12.00,0.00,0.00,12.00,NULL,12.00,0.00,NULL,NULL,4,2,NULL,0,NULL),(217,NULL,'2024-08-26 09:38:36',0,NULL,69.00,0.00,NULL,69.00,-5.00,0.00,69.00,NULL,69.00,-5.00,NULL,NULL,3,2,NULL,0,NULL),(218,NULL,'2024-08-29 07:41:35',0,NULL,24.00,0.00,NULL,24.00,0.00,0.00,24.00,NULL,24.00,0.00,NULL,NULL,6,2,NULL,0,1),(219,NULL,'2024-08-31 06:05:35',0,NULL,44.00,0.00,NULL,44.00,-10.00,0.00,44.00,NULL,44.00,-10.00,NULL,NULL,4,2,NULL,0,NULL),(220,NULL,'2024-08-31 06:10:36',0,NULL,12.00,0.00,NULL,12.00,0.00,0.00,12.00,NULL,12.00,0.00,NULL,NULL,4,2,NULL,0,1),(221,NULL,'2024-08-31 06:22:56',0,NULL,935.00,0.00,NULL,935.00,69.26,0.00,935.00,NULL,935.00,69.26,NULL,NULL,4,2,NULL,0,1),(222,NULL,'2024-08-31 08:24:45',0,NULL,110.00,0.00,NULL,110.00,10.00,0.00,110.00,NULL,110.00,10.00,NULL,NULL,4,2,NULL,0,1),(223,NULL,'2024-09-01 12:26:52',0,NULL,100.00,0.00,NULL,100.00,-20.00,0.00,100.00,NULL,100.00,-20.00,NULL,NULL,4,2,NULL,0,1),(224,NULL,'2024-09-02 06:21:00',0,NULL,56.00,0.00,NULL,56.00,-10.00,0.00,56.00,NULL,56.00,-10.00,NULL,NULL,7,2,NULL,0,1),(225,NULL,'2024-09-05 11:16:50',0,NULL,24.00,0.00,NULL,24.00,0.00,0.00,24.00,NULL,24.00,0.00,NULL,NULL,3,2,NULL,0,1);
/*!40000 ALTER TABLE `cart_informtion` ENABLE KEYS */;
UNLOCK TABLES;

--
-- Table structure for table `cart_item_return`
--

DROP TABLE IF EXISTS `cart_item_return`;
/*!40101 SET @saved_cs_client     = @@character_set_client */;
/*!50503 SET character_set_client = utf8mb4 */;
CREATE TABLE `cart_item_return` (
  `cart_item_return_id` int NOT NULL AUTO_INCREMENT,
  `cart_return_id` int DEFAULT NULL,
  `product_id` int DEFAULT NULL,
  `stock_id` int DEFAULT NULL,
  `cart_item_id` int DEFAULT NULL,
  `invoice_quantity` decimal(10,2) DEFAULT '0.00',
  `return_quantity` decimal(10,2) DEFAULT '0.00',
  `new_invoice_quantity` decimal(10,2) DEFAULT '0.00',
  `unit_sales_cost` decimal(10,2) DEFAULT '0.00',
  `invoice_toatl_amount` decimal(10,2) DEFAULT '0.00',
  `total_return_amount` decimal(10,2) DEFAULT '0.00',
  `new_invoice_amount` decimal(10,2) DEFAULT '0.00',
  `cerate_date` date DEFAULT NULL,
  PRIMARY KEY (`cart_item_return_id`)
) ENGINE=MyISAM AUTO_INCREMENT=421 DEFAULT CHARSET=latin1;
/*!40101 SET character_set_client = @saved_cs_client */;

--
-- Dumping data for table `cart_item_return`
--

LOCK TABLES `cart_item_return` WRITE;
/*!40000 ALTER TABLE `cart_item_return` DISABLE KEYS */;
INSERT INTO `cart_item_return` VALUES (1,2,3,157,67,36.00,4.00,32.00,48.00,1728.00,192.00,1536.00,'2024-07-02'),(2,2,9,151,69,96.00,48.00,48.00,4.00,384.00,192.00,192.00,'2024-07-02'),(3,5,207,144,71,60.00,24.00,36.00,44.00,2640.00,1056.00,1584.00,'2024-07-02'),(4,5,215,145,74,9.00,1.00,8.00,137.00,1233.00,137.00,1096.00,'2024-07-02'),(5,6,328,120,35,9.00,1.00,8.00,290.00,2610.00,290.00,2320.00,'2024-07-02'),(6,6,332,124,40,240.00,3.00,237.00,32.00,7680.00,96.00,7584.00,'2024-07-02'),(7,6,301,136,49,73.00,1.00,72.00,85.00,6205.00,85.00,6120.00,'2024-07-02'),(8,11,245,4,53,19.00,12.00,7.00,118.00,2242.00,1416.00,826.00,'2024-07-03'),(9,11,450,36,56,12.00,12.00,0.00,45.00,540.00,540.00,0.00,'2024-07-03'),(10,15,189,29,225,8.00,5.00,3.00,300.00,2400.00,1500.00,900.00,'2024-07-03'),(11,15,184,25,227,54.00,12.00,42.00,20.00,1080.00,240.00,840.00,'2024-07-03'),(12,15,202,23,228,54.00,39.00,15.00,35.00,1890.00,1365.00,525.00,'2024-07-03'),(13,15,204,21,229,138.00,30.00,108.00,7.00,966.00,210.00,756.00,'2024-07-03'),(14,15,484,198,231,4.00,4.00,0.00,48.00,192.00,192.00,0.00,'2024-07-03'),(15,16,332,124,212,30.00,14.00,16.00,32.00,960.00,448.00,512.00,'2024-07-03'),(16,16,300,135,220,24.00,1.00,23.00,85.00,2040.00,85.00,1955.00,'2024-07-03'),(17,16,301,136,221,49.00,1.00,48.00,85.00,4165.00,85.00,4080.00,'2024-07-03'),(18,16,302,137,222,17.00,1.00,16.00,85.00,1445.00,85.00,1360.00,'2024-07-03'),(19,17,64,43,78,528.00,192.00,336.00,4.00,2112.00,768.00,1344.00,'2024-07-03'),(20,17,74,46,81,192.00,96.00,96.00,3.96,760.32,380.16,380.16,'2024-07-03'),(21,17,72,47,82,96.00,24.00,72.00,7.92,760.32,190.08,570.24,'2024-07-03'),(22,17,73,48,83,6.00,3.00,3.00,35.00,210.00,105.00,105.00,'2024-07-03'),(23,17,85,59,84,336.00,120.00,216.00,3.96,1330.56,475.20,855.36,'2024-07-03'),(24,17,88,52,85,96.00,48.00,48.00,3.96,380.16,190.08,190.08,'2024-07-03'),(25,17,90,56,87,96.00,48.00,48.00,3.96,380.16,190.08,190.08,'2024-07-03'),(26,17,96,57,89,192.00,48.00,144.00,3.96,760.32,190.08,570.24,'2024-07-03'),(27,17,79,55,93,96.00,48.00,48.00,7.93,761.28,380.64,380.64,'2024-07-03'),(28,17,82,165,94,4.00,1.00,3.00,40.00,160.00,40.00,120.00,'2024-07-03'),(29,17,98,60,95,792.00,72.00,720.00,4.00,3168.00,288.00,2880.00,'2024-07-03'),(30,17,120,78,96,4.00,1.00,3.00,100.00,400.00,100.00,300.00,'2024-07-03'),(31,17,122,77,98,5.00,2.00,3.00,100.00,500.00,200.00,300.00,'2024-07-03'),(32,17,131,82,100,3.00,1.00,2.00,100.00,300.00,100.00,200.00,'2024-07-03'),(33,20,3,157,253,21.00,5.00,16.00,48.00,1008.00,240.00,768.00,'2024-07-04'),(34,20,2,156,254,10.00,2.00,8.00,55.00,550.00,110.00,440.00,'2024-07-04'),(35,20,4,149,255,144.00,48.00,96.00,8.00,1152.00,384.00,768.00,'2024-07-04'),(36,20,8,150,257,240.00,144.00,96.00,4.00,960.00,576.00,384.00,'2024-07-04'),(37,21,2,156,232,26.00,8.00,18.00,55.00,1430.00,440.00,990.00,'2024-07-04'),(38,21,9,151,236,240.00,48.00,192.00,4.00,960.00,192.00,768.00,'2024-07-04'),(39,25,64,43,292,240.00,48.00,192.00,4.00,960.00,192.00,768.00,'2024-07-06'),(40,25,72,217,294,48.00,48.00,0.00,7.92,380.16,380.16,0.00,'2024-07-06'),(41,25,73,48,295,3.00,3.00,0.00,35.00,105.00,105.00,0.00,'2024-07-06'),(42,25,96,57,298,192.00,48.00,144.00,3.96,760.32,190.08,570.24,'2024-07-06'),(43,25,98,222,299,288.00,216.00,72.00,4.00,1152.00,864.00,288.00,'2024-07-06'),(44,25,75,49,301,144.00,48.00,96.00,3.96,570.24,190.08,380.16,'2024-07-06'),(45,25,125,163,305,3.00,1.00,2.00,190.00,570.00,190.00,380.00,'2024-07-06'),(46,25,44,76,311,6.00,2.00,4.00,70.00,420.00,140.00,280.00,'2024-07-06'),(47,25,467,178,315,1.00,1.00,0.00,40.00,40.00,40.00,0.00,'2024-07-06'),(48,25,465,176,316,1.00,1.00,0.00,120.00,120.00,120.00,0.00,'2024-07-06'),(49,25,369,96,319,12.00,12.00,0.00,25.00,300.00,300.00,0.00,'2024-07-06'),(50,25,371,98,320,6.00,6.00,0.00,25.00,150.00,150.00,0.00,'2024-07-06'),(51,27,2,156,323,54.00,1.00,53.00,55.00,2970.00,55.00,2915.00,'2024-07-06'),(52,27,4,149,325,72.00,60.00,12.00,8.00,576.00,480.00,96.00,'2024-07-06'),(53,27,9,151,326,480.00,144.00,336.00,4.00,1920.00,576.00,1344.00,'2024-07-06'),(54,30,189,29,344,7.00,1.00,6.00,300.00,2100.00,300.00,1800.00,'2024-07-06'),(55,30,187,28,345,9.00,6.00,3.00,160.00,1440.00,960.00,480.00,'2024-07-06'),(56,30,184,25,347,18.00,15.00,3.00,20.00,360.00,300.00,60.00,'2024-07-06'),(57,30,191,15,349,15.00,3.00,12.00,65.00,975.00,195.00,780.00,'2024-07-06'),(58,30,204,21,350,30.00,30.00,0.00,7.00,210.00,210.00,0.00,'2024-07-06'),(59,30,194,24,352,6.00,6.00,0.00,22.00,132.00,132.00,0.00,'2024-07-06'),(60,31,339,131,368,6.00,6.00,0.00,42.00,252.00,252.00,0.00,'2024-07-06'),(61,32,98,222,338,72.00,48.00,24.00,4.00,288.00,192.00,96.00,'2024-07-06'),(62,33,2,156,457,36.00,4.00,32.00,55.00,1980.00,220.00,1760.00,'2024-07-07'),(63,33,3,157,458,22.00,14.00,8.00,48.00,1056.00,672.00,384.00,'2024-07-07'),(64,33,4,149,459,168.00,48.00,120.00,8.00,1344.00,384.00,960.00,'2024-07-07'),(65,33,7,152,460,48.00,48.00,0.00,4.00,192.00,192.00,0.00,'2024-07-07'),(66,33,17,153,462,3.00,3.00,0.00,68.00,204.00,204.00,0.00,'2024-07-07'),(67,34,207,144,451,180.00,13.00,167.00,44.00,7920.00,572.00,7348.00,'2024-07-07'),(68,34,213,147,452,17.00,4.00,13.00,36.80,625.60,147.20,478.40,'2024-07-07'),(69,35,440,185,454,2.00,1.00,1.00,290.00,580.00,290.00,290.00,'2024-07-07'),(70,35,486,200,455,4.00,2.00,2.00,910.00,3640.00,1820.00,1820.00,'2024-07-07'),(71,36,64,43,395,384.00,120.00,264.00,4.00,1536.00,480.00,1056.00,'2024-07-07'),(72,36,78,219,401,48.00,24.00,24.00,3.96,190.08,95.04,95.04,'2024-07-07'),(73,36,79,218,402,192.00,48.00,144.00,7.92,1520.64,380.16,1140.48,'2024-07-07'),(74,36,88,52,403,96.00,48.00,48.00,3.96,380.16,190.08,190.08,'2024-07-07'),(75,36,80,53,404,144.00,48.00,96.00,7.92,1140.48,380.16,760.32,'2024-07-07'),(76,36,76,50,406,72.00,48.00,24.00,7.92,570.24,380.16,190.08,'2024-07-07'),(77,36,98,222,407,288.00,144.00,144.00,4.00,1152.00,576.00,576.00,'2024-07-07'),(78,36,125,163,409,3.00,1.00,2.00,190.00,570.00,190.00,380.00,'2024-07-07'),(79,36,122,77,410,2.00,1.00,1.00,100.00,200.00,100.00,100.00,'2024-07-07'),(80,36,175,227,415,18.00,6.00,12.00,96.00,1728.00,576.00,1152.00,'2024-07-07'),(81,36,176,221,416,6.00,5.00,1.00,38.00,228.00,190.00,38.00,'2024-07-07'),(82,36,99,62,419,1.00,1.00,0.00,150.00,150.00,150.00,0.00,'2024-07-07'),(83,36,170,66,421,1.00,1.00,0.00,85.00,85.00,85.00,0.00,'2024-07-07'),(84,37,320,130,424,2.00,1.00,1.00,170.00,340.00,170.00,170.00,'2024-07-07'),(85,37,300,135,425,12.00,3.00,9.00,85.00,1020.00,255.00,765.00,'2024-07-07'),(86,37,301,136,426,25.00,3.00,22.00,85.00,2125.00,255.00,1870.00,'2024-07-07'),(87,37,302,137,427,6.00,3.00,3.00,85.00,510.00,255.00,255.00,'2024-07-07'),(88,37,303,138,428,6.00,3.00,3.00,85.00,510.00,255.00,255.00,'2024-07-07'),(89,37,332,124,430,30.00,2.00,28.00,32.00,960.00,64.00,896.00,'2024-07-07'),(90,37,417,92,434,48.00,48.00,0.00,4.33,207.84,207.84,0.00,'2024-07-07'),(91,38,187,28,436,13.00,2.00,11.00,160.00,2080.00,320.00,1760.00,'2024-07-07'),(92,38,202,23,438,13.00,6.00,7.00,35.00,455.00,210.00,245.00,'2024-07-07'),(93,38,197,20,442,1.00,1.00,0.00,70.00,70.00,70.00,0.00,'2024-07-07'),(94,38,204,21,443,12.00,12.00,0.00,7.00,84.00,84.00,0.00,'2024-07-07'),(95,39,247,2,444,4.00,4.00,0.00,530.00,2120.00,2120.00,0.00,'2024-07-08'),(96,39,246,3,445,6.00,6.00,0.00,225.00,1350.00,1350.00,0.00,'2024-07-08'),(97,39,245,4,446,3.00,3.00,0.00,118.00,354.00,354.00,0.00,'2024-07-08'),(98,39,244,5,447,24.00,12.00,12.00,63.00,1512.00,756.00,756.00,'2024-07-08'),(99,39,452,37,448,6.00,6.00,0.00,85.00,510.00,510.00,0.00,'2024-07-08'),(100,39,450,36,449,12.00,12.00,0.00,45.00,540.00,540.00,0.00,'2024-07-08'),(101,40,259,212,450,6.00,2.00,4.00,32.00,192.00,64.00,128.00,'2024-07-08'),(102,41,245,4,332,12.00,12.00,0.00,118.00,1416.00,1416.00,0.00,'2024-07-08'),(103,42,64,224,515,480.00,192.00,288.00,4.00,1920.00,768.00,1152.00,'2024-07-08'),(104,42,74,46,516,144.00,24.00,120.00,3.96,570.24,95.04,475.20,'2024-07-08'),(105,42,72,217,518,72.00,24.00,48.00,7.92,570.24,190.08,380.16,'2024-07-08'),(106,42,73,48,519,6.00,6.00,0.00,35.00,210.00,210.00,0.00,'2024-07-08'),(107,42,85,59,520,144.00,96.00,48.00,3.96,570.24,380.16,190.08,'2024-07-08'),(108,42,96,57,521,240.00,48.00,192.00,3.96,950.40,190.08,760.32,'2024-07-08'),(109,42,174,58,523,48.00,24.00,24.00,7.92,380.16,190.08,190.08,'2024-07-08'),(110,42,80,53,525,264.00,72.00,192.00,7.92,2090.88,570.24,1520.64,'2024-07-08'),(111,42,78,54,526,48.00,48.00,0.00,3.96,190.08,190.08,0.00,'2024-07-08'),(112,42,79,55,527,24.00,24.00,0.00,7.93,190.32,190.32,0.00,'2024-07-08'),(113,42,75,49,528,240.00,48.00,192.00,3.96,950.40,190.08,760.32,'2024-07-08'),(114,42,98,222,530,432.00,108.00,324.00,4.00,1728.00,432.00,1296.00,'2024-07-08'),(115,42,122,77,533,4.00,2.00,2.00,100.00,400.00,200.00,200.00,'2024-07-08'),(116,42,175,227,537,24.00,4.00,20.00,96.00,2304.00,384.00,1920.00,'2024-07-08'),(117,42,41,159,538,25.00,2.00,23.00,320.00,8000.00,640.00,7360.00,'2024-07-08'),(118,42,31,72,539,1.00,1.00,0.00,280.00,280.00,280.00,0.00,'2024-07-08'),(119,42,148,86,540,25.00,13.00,12.00,35.00,875.00,455.00,420.00,'2024-07-08'),(120,46,215,145,549,10.00,4.00,6.00,137.00,1370.00,548.00,822.00,'2024-07-09'),(121,47,3,157,510,18.00,3.00,15.00,48.00,864.00,144.00,720.00,'2024-07-09'),(122,47,9,151,512,192.00,120.00,72.00,4.00,768.00,480.00,288.00,'2024-07-09'),(123,47,4,149,513,48.00,24.00,24.00,8.00,384.00,192.00,192.00,'2024-07-09'),(124,48,327,122,484,4.00,1.00,3.00,190.00,760.00,190.00,570.00,'2024-07-09'),(125,48,320,130,485,17.00,8.00,9.00,170.00,2890.00,1360.00,1530.00,'2024-07-09'),(126,48,314,127,487,23.00,1.00,22.00,50.00,1150.00,50.00,1100.00,'2024-07-09'),(127,48,400,108,491,3.00,1.00,2.00,520.00,1560.00,520.00,1040.00,'2024-07-09'),(128,48,391,110,492,4.00,1.00,3.00,325.00,1300.00,325.00,975.00,'2024-07-09'),(129,48,409,226,498,34.00,3.00,31.00,45.24,1538.16,135.72,1402.44,'2024-07-09'),(130,48,339,131,502,6.00,6.00,0.00,42.00,252.00,252.00,0.00,'2024-07-09'),(131,49,189,29,470,2.00,1.00,1.00,300.00,600.00,300.00,300.00,'2024-07-09'),(132,49,187,28,471,38.00,2.00,36.00,160.00,6080.00,320.00,5760.00,'2024-07-09'),(133,50,245,4,478,12.00,1.00,11.00,118.00,1416.00,118.00,1298.00,'2024-07-09'),(134,50,247,2,479,2.00,1.00,1.00,530.00,1060.00,530.00,530.00,'2024-07-09'),(135,50,252,175,480,6.00,6.00,0.00,45.00,270.00,270.00,0.00,'2024-07-09'),(136,50,251,208,481,34.00,18.00,16.00,25.00,850.00,450.00,400.00,'2024-07-09'),(137,51,229,234,559,2.00,1.00,1.00,1380.00,2760.00,1380.00,1380.00,'2024-07-09'),(138,51,213,230,561,118.00,12.00,106.00,36.40,4295.20,436.80,3858.40,'2024-07-09'),(139,52,1,236,567,14.00,7.00,7.00,55.00,770.00,385.00,385.00,'2024-07-09'),(140,52,3,237,568,50.00,11.00,39.00,48.00,2400.00,528.00,1872.00,'2024-07-09'),(141,52,4,149,569,96.00,24.00,72.00,8.00,768.00,192.00,576.00,'2024-07-09'),(142,53,486,200,565,3.00,2.00,1.00,910.00,2730.00,1820.00,910.00,'2024-07-09'),(143,54,244,203,627,18.00,6.00,12.00,63.00,1134.00,378.00,756.00,'2024-07-09'),(144,54,245,4,628,6.00,3.00,3.00,118.00,708.00,354.00,354.00,'2024-07-09'),(145,55,64,224,603,1440.00,312.00,1128.00,4.00,5760.00,1248.00,4512.00,'2024-07-10'),(146,55,74,46,604,97.00,49.00,48.00,3.96,384.12,194.04,190.08,'2024-07-10'),(147,55,72,217,605,960.00,48.00,912.00,7.92,7603.20,380.16,7223.04,'2024-07-10'),(148,55,85,59,606,96.00,96.00,0.00,3.96,380.16,380.16,0.00,'2024-07-10'),(149,55,96,57,608,96.00,48.00,48.00,3.96,380.16,190.08,190.08,'2024-07-10'),(150,55,80,53,610,144.00,120.00,24.00,7.92,1140.48,950.40,190.08,'2024-07-10'),(151,55,75,49,613,48.00,48.00,0.00,3.96,190.08,190.08,0.00,'2024-07-10'),(152,55,76,50,614,48.00,24.00,24.00,7.92,380.16,190.08,190.08,'2024-07-10'),(153,55,98,222,615,432.00,36.00,396.00,4.00,1728.00,144.00,1584.00,'2024-07-10'),(154,55,120,78,617,3.00,3.00,0.00,100.00,300.00,300.00,0.00,'2024-07-10'),(155,55,132,228,620,8.00,4.00,4.00,48.00,384.00,192.00,192.00,'2024-07-10'),(156,55,41,159,621,15.00,0.50,14.50,320.00,4800.00,160.00,4640.00,'2024-07-10'),(157,55,175,227,623,12.00,7.00,5.00,96.00,1152.00,672.00,480.00,'2024-07-10'),(158,55,180,229,624,3.00,3.00,0.00,95.00,285.00,285.00,0.00,'2024-07-10'),(159,55,44,76,625,3.00,3.00,0.00,70.00,210.00,210.00,0.00,'2024-07-10'),(160,59,64,224,634,480.00,96.00,384.00,4.00,1920.00,384.00,1536.00,'2024-07-10'),(161,59,74,46,635,240.00,192.00,48.00,3.96,950.40,760.32,190.08,'2024-07-10'),(162,59,90,56,637,96.00,48.00,48.00,3.96,380.16,190.08,190.08,'2024-07-10'),(163,59,98,222,638,288.00,72.00,216.00,4.00,1152.00,288.00,864.00,'2024-07-10'),(164,59,75,49,639,96.00,48.00,48.00,3.96,380.16,190.08,190.08,'2024-07-10'),(165,59,80,53,640,96.00,24.00,72.00,7.92,760.32,190.08,570.24,'2024-07-10'),(166,59,78,219,641,48.00,48.00,0.00,3.96,190.08,190.08,0.00,'2024-07-10'),(167,59,122,77,644,2.00,1.00,1.00,100.00,200.00,100.00,100.00,'2024-07-10'),(168,59,131,223,645,1.00,1.00,0.00,100.00,100.00,100.00,0.00,'2024-07-10'),(169,59,175,227,648,5.00,2.00,3.00,96.00,480.00,192.00,288.00,'2024-07-10'),(170,59,40,250,651,11.00,3.00,8.00,320.00,3520.00,960.00,2560.00,'2024-07-10'),(171,60,320,130,660,1.00,1.00,0.00,170.00,170.00,170.00,0.00,'2024-07-10'),(172,60,332,124,662,63.00,15.00,48.00,32.00,2016.00,480.00,1536.00,'2024-07-10'),(173,61,189,241,672,16.00,1.00,15.00,315.00,5040.00,315.00,4725.00,'2024-07-10'),(174,61,187,28,673,24.00,3.00,21.00,160.00,3840.00,480.00,3360.00,'2024-07-10'),(175,61,202,23,675,6.00,6.00,0.00,35.00,210.00,210.00,0.00,'2024-07-10'),(176,61,204,21,676,12.00,2.00,10.00,7.00,84.00,14.00,70.00,'2024-07-10'),(177,61,193,245,677,6.00,6.00,0.00,18.00,108.00,108.00,0.00,'2024-07-10'),(178,61,194,24,678,6.00,6.00,0.00,22.00,132.00,132.00,0.00,'2024-07-10'),(179,62,328,120,573,18.00,3.00,15.00,290.00,5220.00,870.00,4350.00,'2024-07-10'),(180,62,367,107,579,24.00,24.00,0.00,65.00,1560.00,1560.00,0.00,'2024-07-10'),(181,62,360,101,580,48.00,24.00,24.00,40.00,1920.00,960.00,960.00,'2024-07-10'),(182,62,377,103,581,36.00,12.00,24.00,26.00,936.00,312.00,624.00,'2024-07-10'),(183,62,400,108,584,2.00,1.00,1.00,520.00,1040.00,520.00,520.00,'2024-07-10'),(184,62,300,135,593,50.00,4.00,46.00,85.00,4250.00,340.00,3910.00,'2024-07-10'),(185,62,301,136,594,56.00,4.00,52.00,85.00,4760.00,340.00,4420.00,'2024-07-10'),(186,63,187,28,598,3.00,3.00,0.00,160.00,480.00,480.00,0.00,'2024-07-10'),(187,63,196,19,601,2.00,2.00,0.00,42.00,84.00,84.00,0.00,'2024-07-10'),(188,65,207,144,735,108.00,41.00,67.00,44.00,4752.00,1804.00,2948.00,'2024-07-11'),(189,66,2,156,745,36.00,15.00,21.00,55.00,1980.00,825.00,1155.00,'2024-07-11'),(190,66,3,157,746,43.00,19.00,24.00,48.00,2064.00,912.00,1152.00,'2024-07-11'),(191,66,4,149,747,72.00,36.00,36.00,8.00,576.00,288.00,288.00,'2024-07-11'),(192,66,9,240,748,576.00,312.00,264.00,4.00,2304.00,1248.00,1056.00,'2024-07-11'),(193,66,17,153,751,12.00,6.00,6.00,68.00,816.00,408.00,408.00,'2024-07-11'),(194,66,215,145,753,5.00,5.00,0.00,137.00,685.00,685.00,0.00,'2024-07-11'),(195,67,207,144,238,65.00,4.00,61.00,44.00,2860.00,176.00,2684.00,'2024-07-11'),(196,67,440,185,240,7.00,5.00,2.00,290.00,2030.00,1450.00,580.00,'2024-07-11'),(197,68,215,145,246,15.00,6.00,9.00,137.00,2055.00,822.00,1233.00,'2024-07-11'),(198,68,438,202,248,3.00,2.00,1.00,440.00,1320.00,880.00,440.00,'2024-07-11'),(199,68,440,185,249,2.00,2.00,0.00,290.00,580.00,580.00,0.00,'2024-07-11'),(200,68,443,201,252,5.00,0.50,4.50,170.00,850.00,85.00,765.00,'2024-07-11'),(201,69,328,120,697,15.00,1.00,14.00,290.00,4350.00,290.00,4060.00,'2024-07-11'),(202,69,332,124,700,30.00,8.00,22.00,32.00,960.00,256.00,704.00,'2024-07-11'),(203,69,409,226,707,23.00,3.00,20.00,45.24,1040.52,135.72,904.80,'2024-07-11'),(204,69,302,137,718,19.00,8.00,11.00,85.00,1615.00,680.00,935.00,'2024-07-11'),(205,70,204,21,720,24.00,24.00,0.00,7.00,168.00,168.00,0.00,'2024-07-11'),(206,70,189,241,721,15.00,4.00,11.00,315.00,4725.00,1260.00,3465.00,'2024-07-11'),(207,70,189,29,722,3.00,1.00,2.00,300.00,900.00,300.00,600.00,'2024-07-11'),(208,70,187,28,723,12.00,3.00,9.00,160.00,1920.00,480.00,1440.00,'2024-07-11'),(209,70,184,25,725,24.00,6.00,18.00,20.00,480.00,120.00,360.00,'2024-07-11'),(210,70,202,23,726,15.00,12.00,3.00,35.00,525.00,420.00,105.00,'2024-07-11'),(211,70,191,15,728,18.00,12.00,6.00,65.00,1170.00,780.00,390.00,'2024-07-11'),(212,70,193,245,731,12.00,12.00,0.00,18.00,216.00,216.00,0.00,'2024-07-11'),(213,73,207,144,756,90.00,18.00,72.00,44.00,3960.00,792.00,3168.00,'2024-07-12'),(214,73,440,185,760,9.00,2.00,7.00,290.00,2610.00,580.00,2030.00,'2024-07-12'),(215,74,2,156,763,50.00,7.00,43.00,55.00,2750.00,385.00,2365.00,'2024-07-12'),(216,74,3,157,764,48.00,13.00,35.00,48.00,2304.00,624.00,1680.00,'2024-07-12'),(217,74,4,149,765,24.00,24.00,0.00,8.00,192.00,192.00,0.00,'2024-07-12'),(218,74,5,238,766,48.00,48.00,0.00,8.00,384.00,384.00,0.00,'2024-07-12'),(219,74,19,158,769,3.00,3.00,0.00,140.00,420.00,420.00,0.00,'2024-07-12'),(220,76,4,149,776,60.00,48.00,12.00,8.00,480.00,384.00,96.00,'2024-07-13'),(221,76,8,239,778,48.00,48.00,0.00,4.00,192.00,192.00,0.00,'2024-07-13'),(222,77,187,28,781,2.00,1.00,1.00,160.00,320.00,160.00,160.00,'2024-07-13'),(223,77,184,25,782,18.00,7.00,11.00,20.00,360.00,140.00,220.00,'2024-07-13'),(224,78,400,108,794,1.00,1.00,0.00,520.00,520.00,520.00,0.00,'2024-07-13'),(225,78,359,100,799,24.00,24.00,0.00,40.00,960.00,960.00,0.00,'2024-07-13'),(226,78,419,90,805,36.00,18.00,18.00,6.50,234.00,117.00,117.00,'2024-07-13'),(227,79,409,265,822,18.00,6.00,12.00,45.24,814.32,271.44,542.88,'2024-07-13'),(228,80,246,3,826,8.00,2.00,6.00,225.00,1800.00,450.00,1350.00,'2024-07-13'),(229,80,259,212,827,3.00,3.00,0.00,32.00,96.00,96.00,0.00,'2024-07-13'),(230,80,487,215,828,3.00,3.00,0.00,24.00,72.00,72.00,0.00,'2024-07-13'),(231,80,260,10,829,6.00,3.00,3.00,75.00,450.00,225.00,225.00,'2024-07-13'),(232,80,257,211,830,3.00,3.00,0.00,25.00,75.00,75.00,0.00,'2024-07-13'),(233,80,262,214,831,3.00,3.00,0.00,32.00,96.00,96.00,0.00,'2024-07-13'),(234,80,256,210,832,3.00,3.00,0.00,32.00,96.00,96.00,0.00,'2024-07-13'),(235,82,229,234,862,4.00,1.00,3.00,1380.00,5520.00,1380.00,4140.00,'2024-07-15'),(236,83,2,156,869,42.00,15.00,27.00,55.00,2310.00,825.00,1485.00,'2024-07-15'),(237,83,3,157,870,18.00,7.00,11.00,48.00,864.00,336.00,528.00,'2024-07-15'),(238,83,4,149,871,36.00,24.00,12.00,8.00,288.00,192.00,96.00,'2024-07-15'),(239,83,5,238,872,96.00,48.00,48.00,8.00,768.00,384.00,384.00,'2024-07-15'),(240,83,7,152,873,144.00,96.00,48.00,4.00,576.00,384.00,192.00,'2024-07-15'),(241,83,8,239,874,96.00,48.00,48.00,4.00,384.00,192.00,192.00,'2024-07-15'),(242,83,9,240,875,96.00,48.00,48.00,4.00,384.00,192.00,192.00,'2024-07-15'),(243,83,11,154,876,6.00,6.00,0.00,35.00,210.00,210.00,0.00,'2024-07-15'),(244,83,79,218,879,24.00,24.00,0.00,7.92,190.08,190.08,0.00,'2024-07-15'),(245,84,64,224,880,144.00,48.00,96.00,4.00,576.00,192.00,384.00,'2024-07-15'),(246,84,74,46,881,384.00,96.00,288.00,3.96,1520.64,380.16,1140.48,'2024-07-15'),(247,84,73,48,882,8.00,2.00,6.00,35.00,280.00,70.00,210.00,'2024-07-15'),(248,84,85,59,883,240.00,48.00,192.00,3.96,950.40,190.08,760.32,'2024-07-15'),(249,84,75,49,885,144.00,48.00,96.00,3.96,570.24,190.08,380.16,'2024-07-15'),(250,84,79,218,887,144.00,24.00,120.00,7.92,1140.48,190.08,950.40,'2024-07-15'),(251,84,98,254,888,576.00,180.00,396.00,4.00,2304.00,720.00,1584.00,'2024-07-15'),(252,84,120,78,889,2.00,2.00,0.00,100.00,200.00,200.00,0.00,'2024-07-15'),(253,84,122,77,890,2.00,1.00,1.00,100.00,200.00,100.00,100.00,'2024-07-15'),(254,84,40,250,893,10.00,0.50,9.50,320.00,3200.00,160.00,3040.00,'2024-07-15'),(255,85,328,120,833,12.00,3.00,9.00,290.00,3480.00,870.00,2610.00,'2024-07-15'),(256,85,326,121,834,2.00,1.00,1.00,205.00,410.00,205.00,205.00,'2024-07-15'),(257,85,325,126,835,12.00,12.00,0.00,45.00,540.00,540.00,0.00,'2024-07-15'),(258,85,347,134,853,2.00,1.00,1.00,190.00,380.00,190.00,190.00,'2024-07-15'),(259,86,189,241,854,6.00,4.00,2.00,315.00,1890.00,1260.00,630.00,'2024-07-15'),(260,86,184,25,856,24.00,18.00,6.00,20.00,480.00,360.00,120.00,'2024-07-15'),(261,86,204,21,858,24.00,12.00,12.00,7.00,168.00,84.00,84.00,'2024-07-15'),(262,87,259,212,903,15.00,3.00,12.00,32.00,480.00,96.00,384.00,'2024-07-15'),(263,87,262,214,904,9.00,3.00,6.00,32.00,288.00,96.00,192.00,'2024-07-15'),(264,87,256,210,905,6.00,6.00,0.00,32.00,192.00,192.00,0.00,'2024-07-15'),(265,87,257,211,906,3.00,3.00,0.00,25.00,75.00,75.00,0.00,'2024-07-15'),(266,87,449,39,907,3.00,3.00,0.00,29.00,87.00,87.00,0.00,'2024-07-15'),(267,87,263,9,908,3.00,3.00,0.00,22.00,66.00,66.00,0.00,'2024-07-15'),(268,87,487,215,909,3.00,3.00,0.00,24.00,72.00,72.00,0.00,'2024-07-15'),(269,87,244,203,910,24.00,7.00,17.00,63.00,1512.00,441.00,1071.00,'2024-07-15'),(270,90,213,230,914,50.00,3.00,47.00,36.40,1820.00,109.20,1710.80,'2024-07-15'),(271,90,440,281,920,3.00,3.00,0.00,290.00,870.00,870.00,0.00,'2024-07-15'),(272,91,2,156,921,18.00,6.00,12.00,55.00,990.00,330.00,660.00,'2024-07-15'),(273,91,3,157,922,12.00,6.00,6.00,48.00,576.00,288.00,288.00,'2024-07-15'),(274,91,5,238,923,24.00,24.00,0.00,8.00,192.00,192.00,0.00,'2024-07-15'),(275,91,8,239,925,192.00,192.00,0.00,4.00,768.00,768.00,0.00,'2024-07-15'),(276,91,9,240,926,240.00,240.00,0.00,4.00,960.00,960.00,0.00,'2024-07-15'),(277,92,320,275,929,7.00,4.00,3.00,170.00,1190.00,680.00,510.00,'2024-07-15'),(278,92,325,126,930,21.00,2.00,19.00,45.00,945.00,90.00,855.00,'2024-07-15'),(279,92,332,124,931,58.00,6.00,52.00,32.00,1856.00,192.00,1664.00,'2024-07-15'),(280,92,375,104,936,12.00,12.00,0.00,26.00,312.00,312.00,0.00,'2024-07-15'),(281,92,358,102,940,3.00,3.00,0.00,40.00,120.00,120.00,0.00,'2024-07-15'),(282,92,423,32,946,1.00,1.00,0.00,60.00,60.00,60.00,0.00,'2024-07-15'),(283,92,428,114,948,2.00,1.00,1.00,120.00,240.00,120.00,120.00,'2024-07-15'),(284,92,427,118,949,2.00,1.00,1.00,120.00,240.00,120.00,120.00,'2024-07-15'),(285,93,189,241,960,6.00,1.00,5.00,315.00,1890.00,315.00,1575.00,'2024-07-15'),(286,93,191,15,962,4.00,1.00,3.00,65.00,260.00,65.00,195.00,'2024-07-15'),(287,94,74,46,964,528.00,72.00,456.00,3.96,2090.88,285.12,1805.76,'2024-07-15'),(288,94,90,56,967,192.00,120.00,72.00,3.96,760.32,475.20,285.12,'2024-07-15'),(289,94,98,222,969,720.00,240.00,480.00,4.00,2880.00,960.00,1920.00,'2024-07-15'),(290,94,75,49,971,144.00,144.00,0.00,3.96,570.24,570.24,0.00,'2024-07-15'),(291,94,88,259,974,144.00,48.00,96.00,3.96,570.24,190.08,380.16,'2024-07-15'),(292,94,79,218,976,48.00,24.00,24.00,7.92,380.16,190.08,190.08,'2024-07-15'),(293,94,40,250,977,12.00,3.00,9.00,320.00,3840.00,960.00,2880.00,'2024-07-15'),(294,94,180,251,979,4.00,1.00,3.00,95.00,380.00,95.00,285.00,'2024-07-15'),(295,94,163,71,980,4.00,1.00,3.00,140.00,560.00,140.00,420.00,'2024-07-15'),(296,94,120,255,988,24.00,5.00,19.00,100.00,2400.00,500.00,1900.00,'2024-07-15'),(297,95,351,216,989,1.00,0.50,0.50,340.00,340.00,170.00,170.00,'2024-07-15'),(298,95,207,144,992,11.00,11.00,0.00,44.00,484.00,484.00,0.00,'2024-07-15'),(299,96,136,161,993,5.00,2.00,3.00,150.00,750.00,300.00,450.00,'2024-07-15'),(300,98,247,2,956,3.00,1.00,2.00,530.00,1590.00,530.00,1060.00,'2024-07-16'),(301,98,245,204,958,24.00,15.00,9.00,118.00,2832.00,1770.00,1062.00,'2024-07-16'),(302,98,244,203,959,24.00,6.00,18.00,63.00,1512.00,378.00,1134.00,'2024-07-16'),(303,99,489,262,1058,24.00,24.00,0.00,16.00,384.00,384.00,0.00,'2024-07-16'),(304,100,74,46,1036,96.00,48.00,48.00,3.96,380.16,190.08,190.08,'2024-07-16'),(305,100,72,286,1037,96.00,24.00,72.00,7.92,760.32,190.08,570.24,'2024-07-16'),(306,100,85,59,1038,192.00,96.00,96.00,3.96,760.32,380.16,380.16,'2024-07-16'),(307,100,98,222,1041,288.00,72.00,216.00,4.00,1152.00,288.00,864.00,'2024-07-16'),(308,100,79,218,1044,72.00,12.00,60.00,7.92,570.24,95.04,475.20,'2024-07-16'),(309,100,120,78,1045,4.00,2.00,2.00,100.00,400.00,200.00,200.00,'2024-07-16'),(310,100,171,220,1050,1.00,1.00,0.00,160.00,160.00,160.00,0.00,'2024-07-16'),(311,101,74,46,1036,96.00,48.00,48.00,3.96,380.16,190.08,190.08,'2024-07-16'),(312,101,72,286,1037,96.00,24.00,72.00,7.92,760.32,190.08,570.24,'2024-07-16'),(313,101,85,59,1038,192.00,96.00,96.00,3.96,760.32,380.16,380.16,'2024-07-16'),(314,101,98,222,1041,288.00,72.00,216.00,4.00,1152.00,288.00,864.00,'2024-07-16'),(315,101,79,218,1044,72.00,12.00,60.00,7.92,570.24,95.04,475.20,'2024-07-16'),(316,101,120,78,1045,4.00,2.00,2.00,100.00,400.00,200.00,200.00,'2024-07-16'),(317,101,171,220,1050,1.00,1.00,0.00,160.00,160.00,160.00,0.00,'2024-07-16'),(318,102,74,46,1036,96.00,48.00,48.00,3.96,380.16,190.08,190.08,'2024-07-16'),(319,102,72,286,1037,96.00,24.00,72.00,7.92,760.32,190.08,570.24,'2024-07-16'),(320,102,85,59,1038,192.00,96.00,96.00,3.96,760.32,380.16,380.16,'2024-07-16'),(321,102,98,222,1041,288.00,72.00,216.00,4.00,1152.00,288.00,864.00,'2024-07-16'),(322,102,79,218,1044,72.00,12.00,60.00,7.92,570.24,95.04,475.20,'2024-07-16'),(323,102,120,78,1045,4.00,2.00,2.00,100.00,400.00,200.00,200.00,'2024-07-16'),(324,102,171,220,1050,1.00,1.00,0.00,160.00,160.00,160.00,0.00,'2024-07-16'),(325,103,326,121,1001,1.00,1.00,0.00,205.00,205.00,205.00,0.00,'2024-07-16'),(326,103,325,126,1002,15.00,3.00,12.00,45.00,675.00,135.00,540.00,'2024-07-16'),(327,103,332,124,1004,36.00,18.00,18.00,32.00,1152.00,576.00,576.00,'2024-07-16'),(328,103,419,90,1010,24.00,24.00,0.00,6.50,156.00,156.00,0.00,'2024-07-16'),(329,103,302,268,1015,9.00,4.00,5.00,85.00,765.00,340.00,425.00,'2024-07-16'),(330,103,303,269,1016,15.00,4.00,11.00,85.00,1275.00,340.00,935.00,'2024-07-16'),(331,103,304,270,1017,12.00,4.00,8.00,85.00,1020.00,340.00,680.00,'2024-07-16'),(332,104,189,241,1029,13.00,3.00,10.00,315.00,4095.00,945.00,3150.00,'2024-07-16'),(333,104,187,28,1030,26.00,6.00,20.00,160.00,4160.00,960.00,3200.00,'2024-07-16'),(334,104,184,25,1031,36.00,12.00,24.00,20.00,720.00,240.00,480.00,'2024-07-16'),(335,104,201,248,1032,3.00,1.00,2.00,100.00,300.00,100.00,200.00,'2024-07-16'),(336,104,204,21,1033,15.00,12.00,3.00,7.00,105.00,84.00,21.00,'2024-07-16'),(337,104,197,20,1034,6.00,1.00,5.00,70.00,420.00,70.00,350.00,'2024-07-16'),(338,106,2,156,1024,44.00,32.00,12.00,55.00,2420.00,1760.00,660.00,'2024-07-16'),(339,106,9,240,1028,192.00,72.00,120.00,4.00,768.00,288.00,480.00,'2024-07-16'),(340,108,213,230,1068,62.00,6.00,56.00,36.40,2256.80,218.40,2038.40,'2024-07-17'),(341,108,229,234,1069,1.00,1.00,0.00,1380.00,1380.00,1380.00,0.00,'2024-07-17'),(342,109,2,156,1075,36.00,16.00,20.00,55.00,1980.00,880.00,1100.00,'2024-07-17'),(343,109,4,149,1076,96.00,48.00,48.00,8.00,768.00,384.00,384.00,'2024-07-17'),(344,109,7,152,1078,96.00,96.00,0.00,4.00,384.00,384.00,0.00,'2024-07-17'),(345,109,11,154,1081,6.00,6.00,0.00,35.00,210.00,210.00,0.00,'2024-07-17'),(346,109,3,237,1082,6.00,6.00,0.00,48.00,288.00,288.00,0.00,'2024-07-17'),(347,110,332,124,1089,19.00,4.00,15.00,32.00,608.00,128.00,480.00,'2024-07-17'),(348,110,360,101,1090,18.00,1.00,17.00,40.00,720.00,40.00,680.00,'2024-07-17'),(349,110,300,266,1098,32.00,6.00,26.00,85.00,2720.00,510.00,2210.00,'2024-07-17'),(350,111,187,28,1108,6.00,1.00,5.00,160.00,960.00,160.00,800.00,'2024-07-17'),(351,111,184,25,1109,24.00,6.00,18.00,20.00,480.00,120.00,360.00,'2024-07-17'),(352,111,205,22,1112,6.00,6.00,0.00,25.00,150.00,150.00,0.00,'2024-07-17'),(353,111,194,24,1114,6.00,6.00,0.00,22.00,132.00,132.00,0.00,'2024-07-17'),(354,112,64,287,1115,480.00,144.00,336.00,4.00,1920.00,576.00,1344.00,'2024-07-17'),(355,112,74,46,1116,144.00,144.00,0.00,3.96,570.24,570.24,0.00,'2024-07-17'),(356,112,72,289,1117,48.00,48.00,0.00,7.92,380.16,380.16,0.00,'2024-07-17'),(357,112,85,59,1118,96.00,96.00,0.00,3.96,380.16,380.16,0.00,'2024-07-17'),(358,112,96,57,1120,96.00,48.00,48.00,3.96,380.16,190.08,190.08,'2024-07-17'),(359,112,75,49,1121,96.00,96.00,0.00,3.96,380.16,380.16,0.00,'2024-07-17'),(360,112,76,50,1122,24.00,24.00,0.00,7.92,190.08,190.08,0.00,'2024-07-17'),(361,112,88,259,1123,96.00,48.00,48.00,3.96,380.16,190.08,190.08,'2024-07-17'),(362,112,98,222,1128,144.00,72.00,72.00,4.00,576.00,288.00,288.00,'2024-07-17'),(363,112,120,78,1129,4.00,2.00,2.00,100.00,400.00,200.00,200.00,'2024-07-17'),(364,112,122,294,1132,2.00,2.00,0.00,100.00,200.00,200.00,0.00,'2024-07-17'),(365,112,136,296,1133,8.00,3.00,5.00,150.00,1200.00,450.00,750.00,'2024-07-17'),(366,114,64,287,1197,480.00,144.00,336.00,4.00,1920.00,576.00,1344.00,'2024-07-29'),(367,114,74,46,1198,144.00,48.00,96.00,3.96,570.24,190.08,380.16,'2024-07-29'),(368,114,72,286,1199,72.00,24.00,48.00,7.92,570.24,190.08,380.16,'2024-07-29'),(369,114,73,290,1200,9.00,6.00,3.00,35.00,315.00,210.00,105.00,'2024-07-29'),(370,114,85,59,1201,96.00,48.00,48.00,3.96,380.16,190.08,190.08,'2024-07-29'),(371,114,75,49,1203,192.00,144.00,48.00,3.96,760.32,570.24,190.08,'2024-07-29'),(372,114,98,222,1209,144.00,36.00,108.00,4.00,576.00,144.00,432.00,'2024-07-29'),(373,114,120,78,1211,4.00,3.00,1.00,100.00,400.00,300.00,100.00,'2024-07-29'),(374,114,126,256,1212,3.00,2.00,1.00,190.00,570.00,380.00,190.00,'2024-07-29'),(375,114,22,258,1219,1.00,1.00,0.00,132.00,132.00,132.00,0.00,'2024-07-29'),(376,114,171,220,1221,4.00,1.00,3.00,160.00,640.00,160.00,480.00,'2024-07-29'),(377,115,328,120,1169,11.00,1.00,10.00,290.00,3190.00,290.00,2900.00,'2024-07-29'),(378,115,325,126,1173,48.00,1.00,47.00,45.00,2160.00,45.00,2115.00,'2024-07-29'),(379,115,332,124,1174,51.00,12.00,39.00,32.00,1632.00,384.00,1248.00,'2024-07-29'),(380,115,423,32,1183,3.00,1.00,2.00,60.00,180.00,60.00,120.00,'2024-07-29'),(381,115,301,267,1187,40.00,2.00,38.00,85.00,3400.00,170.00,3230.00,'2024-07-29'),(382,115,302,268,1188,46.00,6.00,40.00,85.00,3910.00,510.00,3400.00,'2024-07-29'),(383,115,303,269,1189,16.00,4.00,12.00,85.00,1360.00,340.00,1020.00,'2024-07-29'),(384,116,189,241,1158,8.00,3.00,5.00,315.00,2520.00,945.00,1575.00,'2024-07-29'),(385,116,187,28,1159,7.00,1.00,6.00,160.00,1120.00,160.00,960.00,'2024-07-29'),(386,116,184,25,1162,24.00,12.00,12.00,20.00,480.00,240.00,240.00,'2024-07-29'),(387,116,191,15,1163,12.00,6.00,6.00,65.00,780.00,390.00,390.00,'2024-07-29'),(388,116,194,24,1166,15.00,6.00,9.00,22.00,330.00,132.00,198.00,'2024-07-29'),(389,116,193,245,1167,21.00,6.00,15.00,18.00,378.00,108.00,270.00,'2024-07-29'),(390,116,204,21,1168,12.00,12.00,0.00,7.00,84.00,84.00,0.00,'2024-07-29'),(391,117,229,234,1146,3.00,2.00,1.00,1380.00,4140.00,2760.00,1380.00,'2024-07-29'),(392,118,5,238,1154,120.00,60.00,60.00,8.00,960.00,480.00,480.00,'2024-07-29'),(393,118,7,152,1155,144.00,96.00,48.00,4.00,576.00,384.00,192.00,'2024-07-29'),(394,171,259,212,1059,6.00,3.00,3.00,32.00,192.00,96.00,96.00,'2024-08-09'),(395,171,262,214,1060,6.00,3.00,3.00,32.00,192.00,96.00,96.00,'2024-08-09'),(396,171,260,10,1061,6.00,3.00,3.00,75.00,450.00,225.00,225.00,'2024-08-09'),(397,171,257,211,1062,6.00,3.00,3.00,25.00,150.00,75.00,75.00,'2024-08-09'),(398,171,256,8,1063,6.00,3.00,3.00,32.00,192.00,96.00,96.00,'2024-08-09'),(399,171,487,215,1064,6.00,3.00,3.00,24.00,144.00,72.00,72.00,'2024-08-09'),(400,171,449,39,1065,3.00,3.00,0.00,29.00,87.00,87.00,0.00,'2024-08-09'),(401,172,244,203,1191,15.00,3.00,12.00,63.00,945.00,189.00,756.00,'2024-08-09'),(402,196,328,272,1858,13.00,13.00,0.00,290.00,3770.00,3770.00,0.00,'2024-08-09'),(403,196,326,121,1859,10.00,10.00,0.00,205.00,2050.00,2050.00,0.00,'2024-08-09'),(404,196,329,123,1860,3.00,3.00,0.00,70.00,210.00,210.00,0.00,'2024-08-09'),(405,196,325,126,1861,24.00,24.00,0.00,45.00,1080.00,1080.00,0.00,'2024-08-09'),(406,196,320,130,1862,8.00,8.00,0.00,170.00,1360.00,1360.00,0.00,'2024-08-09'),(407,196,314,127,1863,24.00,24.00,0.00,50.00,1200.00,1200.00,0.00,'2024-08-09'),(408,196,318,129,1864,12.00,12.00,0.00,78.00,936.00,936.00,0.00,'2024-08-09'),(409,196,332,124,1865,33.00,33.00,0.00,32.00,1056.00,1056.00,0.00,'2024-08-09'),(410,196,394,279,1866,1.00,1.00,0.00,390.00,390.00,390.00,0.00,'2024-08-09'),(411,196,420,33,1867,72.00,72.00,0.00,6.66,479.52,479.52,0.00,'2024-08-09'),(412,196,419,90,1868,72.00,72.00,0.00,6.50,468.00,468.00,0.00,'2024-08-09'),(413,196,429,113,1869,1.00,1.00,0.00,200.00,200.00,200.00,0.00,'2024-08-09'),(414,196,426,117,1870,1.00,1.00,0.00,155.00,155.00,155.00,0.00,'2024-08-09'),(415,196,302,137,1871,8.00,7.00,1.00,85.00,680.00,595.00,85.00,'2024-08-09'),(416,196,304,270,1872,4.00,4.00,0.00,85.00,340.00,340.00,0.00,'2024-08-09'),(417,206,189,29,465,1.00,1.00,0.00,300.00,300.00,300.00,0.00,'2024-08-24'),(418,206,207,144,468,2.00,1.00,1.00,44.00,88.00,44.00,44.00,'2024-08-24'),(419,207,246,205,1067,1.00,1.00,0.00,225.00,225.00,225.00,0.00,'2024-08-24'),(420,209,208,417,1984,2.00,1.00,1.00,44.00,88.00,44.00,44.00,'2024-09-01');
/*!40000 ALTER TABLE `cart_item_return` ENABLE KEYS */;
UNLOCK TABLES;

--
-- Table structure for table `cart_items`
--

DROP TABLE IF EXISTS `cart_items`;
/*!40101 SET @saved_cs_client     = @@character_set_client */;
/*!50503 SET character_set_client = utf8mb4 */;
CREATE TABLE `cart_items` (
  `cart_item_id` int NOT NULL AUTO_INCREMENT,
  `cart_id` int DEFAULT NULL,
  `product_id` int DEFAULT NULL,
  `stock_id` int DEFAULT NULL,
  `size_id` varchar(128) DEFAULT NULL,
  `unit_id` int DEFAULT NULL,
  `unit_purchase_cost` decimal(10,2) DEFAULT '0.00',
  `quantity` decimal(10,2) DEFAULT '0.00',
  `unit_sales_cost` decimal(10,2) DEFAULT '0.00',
  `total_price` decimal(10,2) DEFAULT '0.00',
  `vat` decimal(10,2) DEFAULT '0.00',
  `net_amount` decimal(10,2) DEFAULT '0.00',
  `is_confirmed` varchar(11) DEFAULT NULL,
  PRIMARY KEY (`cart_item_id`)
) ENGINE=InnoDB AUTO_INCREMENT=1988 DEFAULT CHARSET=latin1;
/*!40101 SET character_set_client = @saved_cs_client */;

--
-- Dumping data for table `cart_items`
--

LOCK TABLES `cart_items` WRITE;
/*!40000 ALTER TABLE `cart_items` DISABLE KEYS */;
INSERT INTO `cart_items` VALUES (1,1,64,43,NULL,7,3.80,480.00,4.00,1920.00,0.00,1920.00,'1'),(2,1,74,46,NULL,7,3.70,48.00,3.96,190.08,0.00,190.08,'1'),(3,1,72,47,NULL,7,7.45,96.00,7.92,760.32,0.00,760.32,'1'),(4,1,85,59,NULL,7,3.70,240.00,3.96,950.40,0.00,950.40,'1'),(5,1,88,52,NULL,7,3.70,144.00,3.96,570.24,0.00,570.24,'1'),(6,1,80,53,NULL,7,7.45,72.00,7.92,570.24,0.00,570.24,'1'),(7,1,66,44,NULL,2,44.00,18.00,46.64,839.52,0.00,839.52,'1'),(8,1,90,56,NULL,7,3.70,192.00,3.96,760.32,0.00,760.32,'1'),(9,1,68,45,NULL,2,39.42,21.00,42.00,882.00,0.00,882.00,'1'),(10,1,96,57,NULL,7,3.70,96.00,3.96,380.16,0.00,380.16,'1'),(11,1,75,49,NULL,7,3.70,168.00,3.96,665.28,0.00,665.28,'1'),(12,1,76,50,NULL,7,7.45,72.00,7.92,570.24,0.00,570.24,'1'),(13,1,98,60,NULL,1,3.80,972.00,4.00,3888.00,0.00,3888.00,'1'),(14,1,73,48,NULL,2,33.50,18.00,35.00,630.00,0.00,630.00,'1'),(15,1,120,78,NULL,7,93.36,8.00,100.00,800.00,0.00,800.00,'1'),(16,1,122,77,NULL,7,93.36,8.00,100.00,800.00,0.00,800.00,'1'),(17,1,125,79,NULL,7,180.00,4.00,190.00,760.00,0.00,760.00,'1'),(18,1,132,81,NULL,7,180.96,13.00,192.00,2496.00,0.00,2496.00,'1'),(19,1,43,160,NULL,1,25.00,54.00,28.00,1512.00,0.00,1512.00,'1'),(20,1,44,76,NULL,1,65.00,12.00,70.00,840.00,0.00,840.00,'1'),(21,1,131,82,NULL,7,93.60,1.00,100.00,100.00,0.00,100.00,'1'),(22,1,40,73,NULL,4,306.00,25.50,320.00,8160.00,0.00,8160.00,'1'),(23,1,31,72,NULL,4,270.00,2.00,280.00,560.00,0.00,560.00,'1'),(24,1,37,74,NULL,4,360.00,1.00,380.00,380.00,0.00,380.00,'1'),(25,1,175,68,NULL,7,7.52,468.00,8.00,3744.00,0.00,3744.00,'1'),(26,1,176,69,NULL,2,34.00,21.00,38.00,798.00,0.00,798.00,'1'),(27,1,180,70,NULL,2,90.00,11.00,95.00,1045.00,0.00,1045.00,'1'),(28,1,171,65,NULL,11,50.00,1.00,60.00,60.00,0.00,60.00,'1'),(29,1,168,67,NULL,2,65.00,3.00,70.00,210.00,0.00,210.00,'1'),(30,1,174,58,NULL,1,7.45,24.00,7.92,190.08,0.00,190.08,'1'),(31,1,170,66,NULL,8,80.00,3.00,85.00,255.00,0.00,255.00,'1'),(32,1,20,83,NULL,13,192.00,10.00,220.00,2200.00,0.00,2200.00,'1'),(33,1,23,84,NULL,13,248.00,2.00,260.00,520.00,0.00,520.00,'1'),(34,1,163,71,NULL,4,132.00,6.00,140.00,840.00,0.00,840.00,'1'),(35,2,328,120,NULL,7,269.40,8.00,290.00,2320.00,0.00,2320.00,'1'),(36,2,326,121,NULL,7,192.00,1.00,205.00,205.00,0.00,205.00,'1'),(37,2,320,130,NULL,2,160.56,3.00,170.00,510.00,0.00,510.00,'1'),(38,2,314,127,NULL,2,47.50,6.00,50.00,300.00,0.00,300.00,'1'),(39,2,325,126,NULL,2,42.00,12.00,45.00,540.00,0.00,540.00,'1'),(40,2,332,124,NULL,2,30.00,237.00,32.00,7584.00,0.00,7584.00,'1'),(41,2,327,122,NULL,7,180.00,1.00,190.00,190.00,0.00,190.00,'1'),(42,2,377,103,NULL,1,24.30,8.00,26.00,208.00,0.00,208.00,'1'),(43,2,375,104,NULL,1,24.30,4.00,26.00,104.00,0.00,104.00,'1'),(44,2,376,105,NULL,1,24.30,3.00,26.00,78.00,0.00,78.00,'1'),(45,2,409,89,NULL,1,3.56,360.00,3.75,1350.00,0.00,1350.00,'1'),(46,2,420,33,NULL,1,6.20,24.00,6.66,159.84,0.00,159.84,'1'),(47,2,431,116,NULL,8,83.70,2.00,90.00,180.00,0.00,180.00,'1'),(48,2,300,135,NULL,1,80.00,85.00,85.00,7225.00,0.00,7225.00,'1'),(49,2,301,136,NULL,1,80.00,72.00,85.00,6120.00,0.00,6120.00,'1'),(50,2,302,137,NULL,1,80.00,58.00,85.00,4930.00,0.00,4930.00,'1'),(51,2,303,138,NULL,1,80.00,8.00,85.00,680.00,0.00,680.00,'1'),(52,2,304,139,NULL,1,80.00,6.00,85.00,510.00,0.00,510.00,'1'),(53,3,245,4,NULL,1,109.26,7.00,118.00,826.00,0.00,826.00,'1'),(54,3,246,3,NULL,1,208.33,6.00,225.00,1350.00,0.00,1350.00,'1'),(55,3,244,5,NULL,1,58.33,2.00,63.00,126.00,0.00,126.00,'1'),(56,3,450,36,NULL,1,41.67,0.00,45.00,0.00,0.00,0.00,'1'),(57,3,251,174,NULL,2,23.15,16.00,25.00,400.00,0.00,400.00,'1'),(58,3,252,175,NULL,2,41.67,4.00,45.00,180.00,0.00,180.00,'1'),(59,4,189,29,NULL,2,280.00,4.00,300.00,1200.00,0.00,1200.00,'1'),(60,4,187,28,NULL,2,148.80,3.00,160.00,480.00,0.00,480.00,'1'),(61,4,202,23,NULL,2,32.90,12.00,35.00,420.00,0.00,420.00,'1'),(62,4,192,16,NULL,1,82.80,3.00,90.00,270.00,0.00,270.00,'1'),(63,4,191,15,NULL,1,59.80,3.00,65.00,195.00,0.00,195.00,'1'),(64,4,204,21,NULL,1,6.51,48.00,7.00,336.00,0.00,336.00,'1'),(65,4,185,26,NULL,2,48.36,6.00,52.00,312.00,0.00,312.00,'1'),(66,5,2,156,NULL,2,51.82,47.00,55.00,2585.00,0.00,2585.00,'1'),(67,5,3,157,NULL,1,45.20,32.00,48.00,1536.00,0.00,1536.00,'1'),(68,5,8,150,NULL,1,3.77,24.00,4.00,96.00,0.00,96.00,'1'),(69,5,9,151,NULL,1,3.77,48.00,4.00,192.00,0.00,192.00,'1'),(70,5,17,153,NULL,1,65.00,3.00,68.00,204.00,0.00,204.00,'1'),(71,6,207,144,NULL,4,42.00,36.00,44.00,1584.00,0.00,1584.00,'1'),(72,6,213,147,NULL,1,35.80,104.00,36.80,3827.20,0.00,3827.20,'1'),(73,6,212,148,NULL,1,18.40,35.00,18.90,661.50,0.00,661.50,'1'),(74,6,215,145,NULL,4,132.00,8.00,137.00,1096.00,0.00,1096.00,'1'),(75,6,239,146,NULL,4,423.00,2.00,437.00,874.00,0.00,874.00,'1'),(76,6,440,185,NULL,4,270.00,6.00,290.00,1740.00,0.00,1740.00,'1'),(77,6,443,184,NULL,4,160.00,5.00,170.00,850.00,0.00,850.00,'1'),(78,7,64,43,NULL,7,3.80,336.00,4.00,1344.00,0.00,1344.00,'1'),(79,7,66,44,NULL,2,44.00,12.00,46.64,559.68,0.00,559.68,'1'),(80,7,68,45,NULL,2,39.42,3.00,42.00,126.00,0.00,126.00,'1'),(81,7,74,46,NULL,7,3.70,96.00,3.96,380.16,0.00,380.16,'1'),(82,7,72,47,NULL,7,7.45,72.00,7.92,570.24,0.00,570.24,'1'),(83,7,73,48,NULL,2,33.50,3.00,35.00,105.00,0.00,105.00,'1'),(84,7,85,59,NULL,7,3.70,216.00,3.96,855.36,0.00,855.36,'1'),(85,7,88,52,NULL,7,3.70,48.00,3.96,190.08,0.00,190.08,'1'),(86,7,80,53,NULL,7,7.45,96.00,7.92,760.32,0.00,760.32,'1'),(87,7,90,56,NULL,7,3.70,48.00,3.96,190.08,0.00,190.08,'1'),(88,7,174,58,NULL,1,7.45,48.00,7.92,380.16,0.00,380.16,'1'),(89,7,96,57,NULL,7,3.70,144.00,3.96,570.24,0.00,570.24,'1'),(90,7,75,49,NULL,7,3.70,144.00,3.96,570.24,0.00,570.24,'1'),(91,7,76,50,NULL,7,7.45,48.00,7.92,380.16,0.00,380.16,'1'),(92,7,77,51,NULL,1,34.00,12.00,40.00,480.00,0.00,480.00,'1'),(93,7,79,55,NULL,7,7.45,48.00,7.93,380.64,0.00,380.64,'1'),(94,7,82,165,NULL,1,37.52,3.00,40.00,120.00,0.00,120.00,'1'),(95,7,98,60,NULL,1,3.80,720.00,4.00,2880.00,0.00,2880.00,'1'),(96,7,120,78,NULL,7,93.36,3.00,100.00,300.00,0.00,300.00,'1'),(97,7,125,79,NULL,7,180.00,1.00,190.00,190.00,0.00,190.00,'1'),(98,7,122,77,NULL,7,93.36,3.00,100.00,300.00,0.00,300.00,'1'),(99,7,132,81,NULL,7,180.96,5.00,192.00,960.00,0.00,960.00,'1'),(100,7,131,82,NULL,7,93.60,2.00,100.00,200.00,0.00,200.00,'1'),(101,7,136,161,NULL,12,141.00,4.00,150.00,600.00,0.00,600.00,'1'),(102,7,41,159,NULL,4,306.00,20.00,320.00,6400.00,0.00,6400.00,'1'),(103,7,31,72,NULL,4,270.00,2.00,280.00,560.00,0.00,560.00,'1'),(104,7,116,64,NULL,11,146.00,2.00,155.00,310.00,0.00,310.00,'1'),(105,7,102,61,NULL,11,140.00,1.00,150.00,150.00,0.00,150.00,'1'),(106,7,99,62,NULL,11,140.00,1.00,150.00,150.00,0.00,150.00,'1'),(107,7,101,63,NULL,11,140.00,3.00,150.00,450.00,0.00,450.00,'1'),(108,7,43,75,NULL,1,25.00,12.00,28.00,336.00,0.00,336.00,'1'),(109,7,44,76,NULL,1,65.00,3.00,70.00,210.00,0.00,210.00,'1'),(110,7,163,71,NULL,4,132.00,2.00,140.00,280.00,0.00,280.00,'1'),(111,7,176,69,NULL,2,34.00,1.00,38.00,38.00,0.00,38.00,'1'),(112,8,438,186,NULL,4,400.00,0.50,440.00,220.00,0.00,220.00,'1'),(113,8,207,144,NULL,4,42.00,29.00,44.00,1276.00,0.00,1276.00,'1'),(114,8,471,182,NULL,2,30.00,36.00,35.00,1260.00,0.00,1260.00,'1'),(115,8,465,176,NULL,12,110.00,3.00,120.00,360.00,0.00,360.00,'1'),(116,8,469,180,NULL,12,38.00,4.00,45.00,180.00,0.00,180.00,'1'),(117,8,470,181,NULL,12,38.00,8.00,45.00,360.00,0.00,360.00,'1'),(118,8,467,178,NULL,2,35.00,3.00,40.00,120.00,0.00,120.00,'1'),(119,8,468,179,NULL,12,35.00,6.00,40.00,240.00,0.00,240.00,'1'),(120,9,2,156,NULL,2,51.82,73.00,55.00,4015.00,0.00,4015.00,'1'),(121,9,3,157,NULL,1,45.20,48.00,48.00,2304.00,0.00,2304.00,'1'),(122,9,4,149,NULL,1,7.55,48.00,8.00,384.00,0.00,384.00,'1'),(123,9,8,150,NULL,1,3.77,1104.00,4.00,4416.00,0.00,4416.00,'1'),(124,9,11,154,NULL,2,33.00,9.00,35.00,315.00,0.00,315.00,'1'),(125,9,12,155,NULL,2,30.00,12.00,32.00,384.00,0.00,384.00,'1'),(126,9,148,86,NULL,2,32.00,24.00,35.00,840.00,0.00,840.00,'1'),(127,9,79,55,NULL,7,7.45,24.00,7.93,190.32,0.00,190.32,'1'),(128,9,43,160,NULL,1,25.00,30.00,28.00,840.00,0.00,840.00,'1'),(129,10,207,144,NULL,4,42.00,279.00,44.00,12276.00,0.00,12276.00,'1'),(130,10,212,148,NULL,1,18.40,375.00,18.90,7087.50,0.00,7087.50,'1'),(131,10,215,145,NULL,4,132.00,38.00,137.00,5206.00,0.00,5206.00,'1'),(132,10,438,186,NULL,4,400.00,9.50,440.00,4180.00,0.00,4180.00,'1'),(133,10,440,185,NULL,4,270.00,4.50,290.00,1305.00,0.00,1305.00,'1'),(134,10,443,184,NULL,4,160.00,6.70,170.00,1139.00,0.00,1139.00,'1'),(135,11,189,29,NULL,2,280.00,17.00,300.00,5100.00,0.00,5100.00,'1'),(136,11,187,28,NULL,2,148.80,27.00,160.00,4320.00,0.00,4320.00,'1'),(137,11,184,25,NULL,2,18.60,36.00,20.00,720.00,0.00,720.00,'1'),(138,11,202,23,NULL,2,32.90,59.00,35.00,2065.00,0.00,2065.00,'1'),(139,11,204,21,NULL,1,6.51,72.00,7.00,504.00,0.00,504.00,'1'),(140,11,205,22,NULL,1,22.32,6.00,25.00,150.00,0.00,150.00,'1'),(141,11,196,19,NULL,1,38.64,19.00,42.00,798.00,0.00,798.00,'1'),(142,11,201,18,NULL,1,59.80,4.00,65.00,260.00,0.00,260.00,'1'),(143,11,185,26,NULL,2,48.36,12.00,52.00,624.00,0.00,624.00,'1'),(144,11,186,27,NULL,2,58.59,2.00,66.00,132.00,0.00,132.00,'1'),(145,11,484,198,NULL,7,43.00,2.00,48.00,96.00,0.00,96.00,'1'),(146,11,191,15,NULL,1,59.80,6.00,65.00,390.00,0.00,390.00,'1'),(147,11,192,16,NULL,1,82.80,3.00,90.00,270.00,0.00,270.00,'1'),(148,12,409,89,NULL,1,3.56,156.00,3.75,585.00,0.00,585.00,'1'),(149,12,424,31,NULL,2,68.66,1.00,80.00,80.00,0.00,80.00,'1'),(150,12,432,93,NULL,8,37.20,4.00,37.40,149.60,0.00,149.60,'1'),(151,12,301,136,NULL,1,80.00,20.00,85.00,1700.00,0.00,1700.00,'1'),(152,12,302,137,NULL,1,80.00,31.00,85.00,2635.00,0.00,2635.00,'1'),(153,12,300,135,NULL,1,80.00,20.00,85.00,1700.00,0.00,1700.00,'1'),(154,12,332,124,NULL,2,30.00,96.00,32.00,3072.00,0.00,3072.00,'1'),(155,12,325,126,NULL,2,42.00,24.00,45.00,1080.00,0.00,1080.00,'1'),(156,12,308,143,NULL,1,580.00,1.00,620.00,620.00,0.00,620.00,'1'),(157,12,307,142,NULL,1,580.00,1.00,620.00,620.00,0.00,620.00,'1'),(158,13,328,120,NULL,7,269.40,7.00,290.00,2030.00,0.00,2030.00,'1'),(159,13,326,121,NULL,7,192.00,1.00,205.00,205.00,0.00,205.00,'1'),(160,13,325,126,NULL,2,42.00,24.00,45.00,1080.00,0.00,1080.00,'1'),(161,13,323,128,NULL,2,48.40,7.00,50.00,350.00,0.00,350.00,'1'),(162,13,320,130,NULL,2,160.56,12.00,170.00,2040.00,0.00,2040.00,'1'),(163,13,318,129,NULL,2,74.00,24.00,78.00,1872.00,0.00,1872.00,'1'),(164,13,329,123,NULL,1,64.00,9.00,70.00,630.00,0.00,630.00,'1'),(165,13,332,124,NULL,2,30.00,105.00,32.00,3360.00,0.00,3360.00,'1'),(166,13,409,89,NULL,1,3.56,60.00,3.75,225.00,0.00,225.00,'1'),(167,13,394,112,NULL,1,370.00,1.00,390.00,390.00,0.00,390.00,'1'),(168,13,391,110,NULL,1,305.00,3.00,325.00,975.00,0.00,975.00,'1'),(169,13,434,119,NULL,8,175.00,2.00,190.00,380.00,0.00,380.00,'1'),(170,13,429,113,NULL,8,186.00,2.00,200.00,400.00,0.00,400.00,'1'),(171,13,423,32,NULL,2,56.40,1.00,60.00,60.00,0.00,60.00,'1'),(172,13,344,132,NULL,2,120.00,2.00,125.00,250.00,0.00,250.00,'1'),(173,13,301,136,NULL,1,80.00,23.00,85.00,1955.00,0.00,1955.00,'1'),(174,13,302,137,NULL,1,80.00,23.00,85.00,1955.00,0.00,1955.00,'1'),(175,13,303,138,NULL,1,80.00,23.00,85.00,1955.00,0.00,1955.00,'1'),(176,13,304,139,NULL,1,80.00,23.00,85.00,1955.00,0.00,1955.00,'1'),(177,13,305,140,NULL,1,580.00,4.00,620.00,2480.00,0.00,2480.00,'1'),(178,13,307,142,NULL,1,580.00,4.00,620.00,2480.00,0.00,2480.00,'1'),(179,13,308,143,NULL,1,580.00,4.00,620.00,2480.00,0.00,2480.00,'1'),(180,13,431,116,NULL,8,83.70,5.00,90.00,450.00,0.00,450.00,'1'),(181,14,247,2,NULL,1,490.74,2.00,530.00,1060.00,0.00,1060.00,'1'),(182,14,246,3,NULL,1,208.33,4.00,225.00,900.00,0.00,900.00,'1'),(183,14,245,4,NULL,1,109.26,40.00,118.00,4720.00,0.00,4720.00,'1'),(184,14,244,5,NULL,1,58.33,13.00,63.00,819.00,0.00,819.00,'1'),(185,14,456,42,NULL,1,31.13,54.00,33.00,1782.00,0.00,1782.00,'1'),(186,14,251,174,NULL,2,23.15,28.00,25.00,700.00,0.00,700.00,'1'),(187,15,325,126,NULL,2,42.00,12.00,45.00,540.00,0.00,540.00,'1'),(188,15,314,127,NULL,2,47.50,6.00,50.00,300.00,0.00,300.00,'1'),(189,15,320,130,NULL,2,160.56,1.00,170.00,170.00,0.00,170.00,'1'),(190,15,332,124,NULL,2,30.00,96.00,32.00,3072.00,0.00,3072.00,'1'),(191,15,431,116,NULL,8,83.70,3.00,90.00,270.00,0.00,270.00,'1'),(192,15,377,103,NULL,1,24.30,12.00,26.00,312.00,0.00,312.00,'1'),(193,15,394,112,NULL,1,370.00,1.00,390.00,390.00,0.00,390.00,'1'),(194,15,300,135,NULL,1,80.00,52.00,85.00,4420.00,0.00,4420.00,'1'),(195,15,301,136,NULL,1,80.00,28.00,85.00,2380.00,0.00,2380.00,'1'),(196,15,302,137,NULL,1,80.00,9.00,85.00,765.00,0.00,765.00,'1'),(197,15,303,138,NULL,1,80.00,7.00,85.00,595.00,0.00,595.00,'1'),(198,15,304,139,NULL,1,80.00,12.00,85.00,1020.00,0.00,1020.00,'1'),(199,15,339,131,NULL,2,39.85,6.00,42.00,252.00,0.00,252.00,'1'),(200,16,189,29,NULL,2,280.00,4.00,300.00,1200.00,0.00,1200.00,'1'),(201,16,187,28,NULL,2,148.80,10.00,160.00,1600.00,0.00,1600.00,'1'),(202,16,192,16,NULL,1,82.80,3.00,90.00,270.00,0.00,270.00,'1'),(203,16,191,15,NULL,1,59.80,21.00,65.00,1365.00,0.00,1365.00,'1'),(204,16,204,21,NULL,1,6.51,24.00,7.00,168.00,0.00,168.00,'1'),(205,16,196,19,NULL,1,38.64,3.00,42.00,126.00,0.00,126.00,'1'),(206,16,202,23,NULL,2,32.90,9.00,35.00,315.00,0.00,315.00,'1'),(207,16,194,24,NULL,1,20.24,6.00,22.00,132.00,0.00,132.00,'1'),(208,17,328,120,NULL,7,269.40,8.00,290.00,2320.00,0.00,2320.00,'1'),(209,17,326,121,NULL,7,192.00,2.00,205.00,410.00,0.00,410.00,'1'),(210,17,320,130,NULL,2,160.56,1.00,170.00,170.00,0.00,170.00,'1'),(211,17,325,126,NULL,2,42.00,3.00,45.00,135.00,0.00,135.00,'1'),(212,17,332,124,NULL,2,30.00,16.00,32.00,512.00,0.00,512.00,'1'),(213,17,420,33,NULL,1,6.20,12.00,6.66,79.92,0.00,79.92,'1'),(214,17,419,90,NULL,1,6.24,12.00,6.50,78.00,0.00,78.00,'1'),(215,17,358,102,NULL,1,35.60,1.00,40.00,40.00,0.00,40.00,'1'),(216,17,372,99,NULL,1,23.33,1.00,25.00,25.00,0.00,25.00,'1'),(217,17,431,116,NULL,8,83.70,5.00,90.00,450.00,0.00,450.00,'1'),(218,17,423,32,NULL,2,56.40,14.00,60.00,840.00,0.00,840.00,'1'),(219,17,345,133,NULL,2,140.00,4.00,150.00,600.00,0.00,600.00,'1'),(220,17,300,135,NULL,1,80.00,23.00,85.00,1955.00,0.00,1955.00,'1'),(221,17,301,136,NULL,1,80.00,48.00,85.00,4080.00,0.00,4080.00,'1'),(222,17,302,137,NULL,1,80.00,16.00,85.00,1360.00,0.00,1360.00,'1'),(223,17,303,138,NULL,1,80.00,6.00,85.00,510.00,0.00,510.00,'1'),(224,17,426,117,NULL,8,146.88,1.00,155.00,155.00,0.00,155.00,'1'),(225,18,189,29,NULL,2,280.00,3.00,300.00,900.00,0.00,900.00,'1'),(226,18,187,28,NULL,2,148.80,7.00,160.00,1120.00,0.00,1120.00,'1'),(227,18,184,25,NULL,2,18.60,42.00,20.00,840.00,0.00,840.00,'1'),(228,18,202,23,NULL,2,32.90,15.00,35.00,525.00,0.00,525.00,'1'),(229,18,204,21,NULL,1,6.51,108.00,7.00,756.00,0.00,756.00,'1'),(230,18,191,15,NULL,1,59.80,1.00,65.00,65.00,0.00,65.00,'1'),(231,18,484,198,NULL,7,43.00,0.00,48.00,0.00,0.00,0.00,'1'),(232,19,2,156,NULL,2,51.82,18.00,55.00,990.00,0.00,990.00,'1'),(233,19,3,157,NULL,1,45.20,30.00,48.00,1440.00,0.00,1440.00,'1'),(234,19,4,149,NULL,1,7.55,24.00,8.00,192.00,0.00,192.00,'1'),(235,19,7,152,NULL,1,3.77,48.00,4.00,192.00,0.00,192.00,'1'),(236,19,9,151,NULL,1,3.77,192.00,4.00,768.00,0.00,768.00,'1'),(237,19,43,75,NULL,1,25.00,12.00,28.00,336.00,0.00,336.00,'1'),(238,20,207,144,NULL,4,42.00,61.00,44.00,2684.00,0.00,2684.00,'1'),(239,20,215,145,NULL,4,132.00,12.00,137.00,1644.00,0.00,1644.00,'1'),(240,20,440,185,NULL,4,270.00,2.00,290.00,580.00,0.00,580.00,'1'),(241,20,486,200,NULL,10,850.00,2.00,910.00,1820.00,0.00,1820.00,'1'),(242,20,485,199,NULL,10,910.00,3.00,950.00,2850.00,0.00,2850.00,'1'),(243,20,391,110,NULL,1,305.00,2.00,325.00,650.00,0.00,650.00,'1'),(244,21,207,144,NULL,4,42.00,30.00,44.00,1320.00,0.00,1320.00,'1'),(245,21,212,148,NULL,1,18.40,50.00,18.90,945.00,0.00,945.00,'1'),(246,21,215,145,NULL,4,132.00,9.00,137.00,1233.00,0.00,1233.00,'1'),(247,21,213,147,NULL,1,35.80,25.00,36.80,920.00,0.00,920.00,'1'),(248,21,438,202,NULL,4,400.00,1.00,440.00,440.00,0.00,440.00,'1'),(249,21,440,185,NULL,4,270.00,0.00,290.00,0.00,0.00,0.00,'1'),(250,21,486,200,NULL,10,850.00,3.00,910.00,2730.00,0.00,2730.00,'1'),(251,21,485,199,NULL,10,910.00,5.00,950.00,4750.00,0.00,4750.00,'1'),(252,21,443,201,NULL,4,160.00,4.50,170.00,765.00,0.00,765.00,'1'),(253,22,3,157,NULL,1,45.20,16.00,48.00,768.00,0.00,768.00,'1'),(254,22,2,156,NULL,2,51.82,8.00,55.00,440.00,0.00,440.00,'1'),(255,22,4,149,NULL,1,7.55,96.00,8.00,768.00,0.00,768.00,'1'),(256,22,9,151,NULL,1,3.77,96.00,4.00,384.00,0.00,384.00,'1'),(257,22,8,150,NULL,1,3.77,96.00,4.00,384.00,0.00,384.00,'1'),(258,23,64,162,NULL,7,3.80,1176.00,4.00,4704.00,0.00,4704.00,'1'),(259,23,74,46,NULL,7,3.70,96.00,3.96,380.16,0.00,380.16,'1'),(260,23,72,47,NULL,7,7.45,72.00,7.92,570.24,0.00,570.24,'1'),(261,23,82,165,NULL,1,37.52,6.00,40.00,240.00,0.00,240.00,'1'),(262,23,79,55,NULL,7,7.45,108.00,7.93,856.44,0.00,856.44,'1'),(263,23,85,59,NULL,7,3.70,144.00,3.96,570.24,0.00,570.24,'1'),(264,23,88,52,NULL,7,3.70,144.00,3.96,570.24,0.00,570.24,'1'),(265,23,80,53,NULL,7,7.45,72.00,7.92,570.24,0.00,570.24,'1'),(266,23,90,56,NULL,7,3.70,48.00,3.96,190.08,0.00,190.08,'1'),(267,23,96,57,NULL,7,3.70,48.00,3.96,190.08,0.00,190.08,'1'),(268,23,75,49,NULL,7,3.70,240.00,3.96,950.40,0.00,950.40,'1'),(269,23,76,50,NULL,7,7.45,48.00,7.92,380.16,0.00,380.16,'1'),(270,23,98,60,NULL,1,3.80,108.00,4.00,432.00,0.00,432.00,'1'),(271,23,122,77,NULL,7,93.36,9.00,100.00,900.00,0.00,900.00,'1'),(272,23,126,164,NULL,7,180.00,4.00,190.00,760.00,0.00,760.00,'1'),(273,23,131,82,NULL,7,93.60,1.00,100.00,100.00,0.00,100.00,'1'),(274,23,43,160,NULL,1,25.00,6.00,28.00,168.00,0.00,168.00,'1'),(275,23,41,159,NULL,4,306.00,10.00,320.00,3200.00,0.00,3200.00,'1'),(276,23,37,74,NULL,4,360.00,3.50,380.00,1330.00,0.00,1330.00,'1'),(277,23,31,72,NULL,4,270.00,0.50,280.00,140.00,0.00,140.00,'1'),(278,23,176,69,NULL,2,34.00,3.00,38.00,114.00,0.00,114.00,'1'),(279,23,174,58,NULL,1,7.45,24.00,7.92,190.08,0.00,190.08,'1'),(280,23,170,66,NULL,8,80.00,1.00,85.00,85.00,0.00,85.00,'1'),(281,25,213,147,NULL,1,35.80,25.00,36.80,920.00,0.00,920.00,'1'),(282,26,246,3,NULL,1,208.33,8.00,225.00,1800.00,0.00,1800.00,'1'),(283,26,245,4,NULL,1,109.26,15.00,118.00,1770.00,0.00,1770.00,'1'),(284,26,244,5,NULL,1,58.33,12.00,63.00,756.00,0.00,756.00,'1'),(285,26,251,174,NULL,2,23.15,80.00,25.00,2000.00,0.00,2000.00,'1'),(286,27,300,135,NULL,1,80.00,4.00,85.00,340.00,0.00,340.00,'1'),(287,27,301,136,NULL,1,80.00,5.00,85.00,425.00,0.00,425.00,'1'),(288,27,302,137,NULL,1,80.00,2.00,85.00,170.00,0.00,170.00,'1'),(289,27,443,184,NULL,4,160.00,5.00,170.00,850.00,0.00,850.00,'1'),(290,27,328,120,NULL,7,269.40,48.00,290.00,13920.00,0.00,13920.00,'1'),(291,27,196,19,NULL,1,38.64,1.00,42.00,42.00,0.00,42.00,'1'),(292,28,64,43,NULL,7,3.80,192.00,4.00,768.00,0.00,768.00,'1'),(293,28,74,46,NULL,7,3.70,96.00,3.96,380.16,0.00,380.16,'1'),(294,28,72,217,NULL,7,7.45,0.00,7.92,0.00,0.00,0.00,'1'),(295,28,73,48,NULL,2,33.50,0.00,35.00,0.00,0.00,0.00,'1'),(296,28,85,59,NULL,7,3.70,48.00,3.96,190.08,0.00,190.08,'1'),(297,28,90,56,NULL,7,3.70,48.00,3.96,190.08,0.00,190.08,'1'),(298,28,96,57,NULL,7,3.70,144.00,3.96,570.24,0.00,570.24,'1'),(299,28,98,222,NULL,1,3.80,72.00,4.00,288.00,0.00,288.00,'1'),(300,28,98,60,NULL,1,3.80,36.00,4.00,144.00,0.00,144.00,'1'),(301,28,75,49,NULL,7,3.70,96.00,3.96,380.16,0.00,380.16,'1'),(302,28,79,218,NULL,7,7.45,24.00,7.92,190.08,0.00,190.08,'1'),(303,28,80,53,NULL,7,7.45,24.00,7.92,190.08,0.00,190.08,'1'),(304,28,120,78,NULL,7,93.36,3.00,100.00,300.00,0.00,300.00,'1'),(305,28,125,163,NULL,7,180.00,2.00,190.00,380.00,0.00,380.00,'1'),(306,28,122,77,NULL,7,93.36,6.00,100.00,600.00,0.00,600.00,'1'),(307,28,126,164,NULL,7,180.00,2.00,190.00,380.00,0.00,380.00,'1'),(308,28,136,161,NULL,12,141.00,1.00,150.00,150.00,0.00,150.00,'1'),(309,28,132,81,NULL,7,180.96,3.00,192.00,576.00,0.00,576.00,'1'),(310,28,43,225,NULL,1,25.00,30.00,28.00,840.00,0.00,840.00,'1'),(311,28,44,76,NULL,1,65.00,4.00,70.00,280.00,0.00,280.00,'1'),(312,28,149,87,NULL,1,35.00,6.00,38.00,228.00,0.00,228.00,'1'),(313,28,176,69,NULL,2,34.00,6.00,38.00,228.00,0.00,228.00,'1'),(314,28,468,179,NULL,12,35.00,2.00,40.00,80.00,0.00,80.00,'1'),(315,28,467,178,NULL,2,35.00,0.00,40.00,0.00,0.00,0.00,'1'),(316,28,465,176,NULL,12,110.00,0.00,120.00,0.00,0.00,0.00,'1'),(317,28,440,185,NULL,4,270.00,2.00,290.00,580.00,0.00,580.00,'1'),(318,28,328,120,NULL,7,269.40,1.00,290.00,290.00,0.00,290.00,'1'),(319,28,369,96,NULL,1,23.33,0.00,25.00,0.00,0.00,0.00,'1'),(320,28,371,98,NULL,1,23.33,0.00,25.00,0.00,0.00,0.00,'1'),(321,29,207,144,NULL,4,42.00,78.00,44.00,3432.00,0.00,3432.00,'1'),(322,29,215,145,NULL,4,132.00,6.00,137.00,822.00,0.00,822.00,'1'),(323,30,2,156,NULL,2,51.82,53.00,55.00,2915.00,0.00,2915.00,'1'),(324,30,3,157,NULL,1,45.20,40.00,48.00,1920.00,0.00,1920.00,'1'),(325,30,4,149,NULL,1,7.55,12.00,8.00,96.00,0.00,96.00,'1'),(326,30,9,151,NULL,1,3.77,336.00,4.00,1344.00,0.00,1344.00,'1'),(327,30,11,154,NULL,2,33.00,6.00,35.00,210.00,0.00,210.00,'1'),(328,30,149,87,NULL,1,35.00,6.00,38.00,228.00,0.00,228.00,'1'),(329,30,43,75,NULL,1,25.00,5.00,28.00,140.00,0.00,140.00,'1'),(330,30,43,160,NULL,1,25.00,6.00,28.00,168.00,0.00,168.00,'1'),(331,30,43,225,NULL,1,25.00,1.00,28.00,28.00,0.00,28.00,'1'),(332,31,245,4,NULL,1,109.26,0.00,118.00,0.00,0.00,0.00,'1'),(333,31,244,5,NULL,1,58.33,24.00,63.00,1512.00,0.00,1512.00,'1'),(334,32,196,19,NULL,1,38.64,1.00,42.00,42.00,0.00,42.00,'1'),(335,32,301,136,NULL,1,80.00,1.00,85.00,85.00,0.00,85.00,'1'),(336,32,302,137,NULL,1,80.00,1.00,85.00,85.00,0.00,85.00,'1'),(337,33,175,227,NULL,7,90.24,2.00,96.00,192.00,0.00,192.00,'1'),(338,33,98,222,NULL,1,3.80,24.00,4.00,96.00,0.00,96.00,'1'),(339,33,75,49,NULL,7,3.70,48.00,3.96,190.08,0.00,190.08,'1'),(340,33,88,52,NULL,7,3.70,48.00,3.96,190.08,0.00,190.08,'1'),(341,33,64,43,NULL,7,3.80,48.00,4.00,192.00,0.00,192.00,'1'),(342,33,41,159,NULL,4,306.00,5.00,320.00,1600.00,0.00,1600.00,'1'),(343,33,471,182,NULL,2,30.00,0.50,35.00,17.50,0.00,17.50,'1'),(344,34,189,29,NULL,2,280.00,6.00,300.00,1800.00,0.00,1800.00,'1'),(345,34,187,28,NULL,2,148.80,3.00,160.00,480.00,0.00,480.00,'1'),(346,34,186,27,NULL,2,58.59,6.00,66.00,396.00,0.00,396.00,'1'),(347,34,184,25,NULL,2,18.60,3.00,20.00,60.00,0.00,60.00,'1'),(348,34,192,16,NULL,1,82.80,12.00,90.00,1080.00,0.00,1080.00,'1'),(349,34,191,15,NULL,1,59.80,12.00,65.00,780.00,0.00,780.00,'1'),(350,34,204,21,NULL,1,6.51,0.00,7.00,0.00,0.00,0.00,'1'),(351,34,196,19,NULL,1,38.64,3.00,42.00,126.00,0.00,126.00,'1'),(352,34,194,24,NULL,1,20.24,0.00,22.00,0.00,0.00,0.00,'1'),(353,34,202,23,NULL,2,32.90,2.00,35.00,70.00,0.00,70.00,'1'),(354,35,328,120,NULL,7,269.40,2.00,290.00,580.00,0.00,580.00,'1'),(355,35,325,126,NULL,2,42.00,3.00,45.00,135.00,0.00,135.00,'1'),(356,35,332,124,NULL,2,30.00,15.00,32.00,480.00,0.00,480.00,'1'),(357,35,391,110,NULL,1,305.00,3.00,325.00,975.00,0.00,975.00,'1'),(358,35,360,101,NULL,1,35.60,12.00,40.00,480.00,0.00,480.00,'1'),(359,35,409,226,NULL,7,42.72,21.00,45.24,950.04,0.00,950.04,'1'),(360,35,429,113,NULL,8,186.00,3.00,200.00,600.00,0.00,600.00,'1'),(361,35,428,114,NULL,8,111.60,1.00,120.00,120.00,0.00,120.00,'1'),(362,35,427,118,NULL,8,105.00,1.00,120.00,120.00,0.00,120.00,'1'),(363,35,426,117,NULL,8,146.88,2.00,155.00,310.00,0.00,310.00,'1'),(364,35,434,119,NULL,8,175.00,1.00,190.00,190.00,0.00,190.00,'1'),(365,35,425,30,NULL,2,82.40,2.00,90.00,180.00,0.00,180.00,'1'),(366,35,424,31,NULL,2,68.66,2.00,80.00,160.00,0.00,160.00,'1'),(367,35,432,93,NULL,8,37.20,2.00,37.40,74.80,0.00,74.80,'1'),(368,35,339,131,NULL,2,39.85,0.00,42.00,0.00,0.00,0.00,'1'),(369,35,305,140,NULL,1,580.00,1.00,620.00,620.00,0.00,620.00,'1'),(370,35,306,141,NULL,1,580.00,1.00,620.00,620.00,0.00,620.00,'1'),(371,35,307,142,NULL,1,580.00,3.00,620.00,1860.00,0.00,1860.00,'1'),(372,35,308,143,NULL,1,580.00,2.00,620.00,1240.00,0.00,1240.00,'1'),(373,35,300,135,NULL,1,80.00,24.00,85.00,2040.00,0.00,2040.00,'1'),(374,35,301,136,NULL,1,80.00,24.00,85.00,2040.00,0.00,2040.00,'1'),(375,35,302,137,NULL,1,80.00,11.00,85.00,935.00,0.00,935.00,'1'),(376,35,347,134,NULL,2,173.00,6.00,190.00,1140.00,0.00,1140.00,'1'),(377,35,344,132,NULL,2,120.00,3.00,125.00,375.00,0.00,375.00,'1'),(378,36,486,200,NULL,10,850.00,2.00,910.00,1820.00,0.00,1820.00,'1'),(379,36,485,199,NULL,10,910.00,2.00,950.00,1900.00,0.00,1900.00,'1'),(380,37,443,201,NULL,4,160.00,3.00,170.00,510.00,0.00,510.00,'1'),(381,37,472,187,NULL,1,42.70,1.00,45.00,45.00,0.00,45.00,'1'),(382,37,473,188,NULL,1,43.48,1.00,47.00,47.00,0.00,47.00,'1'),(383,37,189,29,NULL,2,280.00,1.00,300.00,300.00,0.00,300.00,'1'),(384,37,201,18,NULL,1,59.80,1.00,65.00,65.00,0.00,65.00,'1'),(385,37,207,144,NULL,4,42.00,1.00,44.00,44.00,0.00,44.00,'1'),(386,37,213,147,NULL,1,35.80,1.00,36.80,36.80,0.00,36.80,'1'),(387,37,215,145,NULL,4,132.00,2.00,137.00,274.00,0.00,274.00,'1'),(388,37,325,126,NULL,2,42.00,1.00,45.00,45.00,0.00,45.00,'1'),(389,37,308,143,NULL,1,580.00,1.00,620.00,620.00,0.00,620.00,'1'),(390,37,440,185,NULL,4,270.00,0.20,290.00,58.00,0.00,58.00,'1'),(391,37,438,202,NULL,4,400.00,0.20,440.00,88.00,0.00,88.00,'1'),(392,38,409,226,NULL,7,42.72,4.00,45.24,180.96,0.00,180.96,'1'),(393,38,339,131,NULL,2,39.85,50.00,42.00,2100.00,0.00,2100.00,'1'),(394,38,300,135,NULL,1,80.00,2.00,85.00,170.00,0.00,170.00,'1'),(395,39,64,43,NULL,7,3.80,264.00,4.00,1056.00,0.00,1056.00,'1'),(396,39,74,46,NULL,7,3.70,192.00,3.96,760.32,0.00,760.32,'1'),(397,39,72,217,NULL,7,7.45,72.00,7.92,570.24,0.00,570.24,'1'),(398,39,85,59,NULL,7,3.70,192.00,3.96,760.32,0.00,760.32,'1'),(399,39,96,57,NULL,7,3.70,144.00,3.96,570.24,0.00,570.24,'1'),(400,39,174,58,NULL,1,7.45,48.00,7.92,380.16,0.00,380.16,'1'),(401,39,78,219,NULL,7,3.70,24.00,3.96,95.04,0.00,95.04,'1'),(402,39,79,218,NULL,7,7.45,144.00,7.92,1140.48,0.00,1140.48,'1'),(403,39,88,52,NULL,7,3.70,48.00,3.96,190.08,0.00,190.08,'1'),(404,39,80,53,NULL,7,7.45,96.00,7.92,760.32,0.00,760.32,'1'),(405,39,75,49,NULL,7,3.70,48.00,3.96,190.08,0.00,190.08,'1'),(406,39,76,50,NULL,7,7.45,24.00,7.92,190.08,0.00,190.08,'1'),(407,39,98,222,NULL,1,3.80,144.00,4.00,576.00,0.00,576.00,'1'),(408,39,120,78,NULL,7,93.36,2.00,100.00,200.00,0.00,200.00,'1'),(409,39,125,163,NULL,7,180.00,2.00,190.00,380.00,0.00,380.00,'1'),(410,39,122,77,NULL,7,93.36,1.00,100.00,100.00,0.00,100.00,'1'),(411,39,126,164,NULL,7,180.00,1.00,190.00,190.00,0.00,190.00,'1'),(412,39,131,223,NULL,7,93.60,2.00,100.00,200.00,0.00,200.00,'1'),(413,39,136,161,NULL,12,141.00,2.00,150.00,300.00,0.00,300.00,'1'),(414,39,43,225,NULL,1,25.00,17.00,28.00,476.00,0.00,476.00,'1'),(415,39,175,227,NULL,7,90.24,12.00,96.00,1152.00,0.00,1152.00,'1'),(416,39,176,221,NULL,2,34.00,1.00,38.00,38.00,0.00,38.00,'1'),(417,39,41,159,NULL,4,306.00,14.00,320.00,4480.00,0.00,4480.00,'1'),(418,39,37,74,NULL,4,360.00,2.00,380.00,760.00,0.00,760.00,'1'),(419,39,99,62,NULL,11,140.00,0.00,150.00,0.00,0.00,0.00,'1'),(420,39,171,220,NULL,11,150.00,1.00,160.00,160.00,0.00,160.00,'1'),(421,39,170,66,NULL,8,80.00,0.00,85.00,0.00,0.00,0.00,'1'),(422,40,328,120,NULL,7,269.40,3.00,290.00,870.00,0.00,870.00,'1'),(423,40,326,121,NULL,7,192.00,1.00,205.00,205.00,0.00,205.00,'1'),(424,40,320,130,NULL,2,160.56,1.00,170.00,170.00,0.00,170.00,'1'),(425,40,300,135,NULL,1,80.00,9.00,85.00,765.00,0.00,765.00,'1'),(426,40,301,136,NULL,1,80.00,22.00,85.00,1870.00,0.00,1870.00,'1'),(427,40,302,137,NULL,1,80.00,3.00,85.00,255.00,0.00,255.00,'1'),(428,40,303,138,NULL,1,80.00,3.00,85.00,255.00,0.00,255.00,'1'),(429,40,419,90,NULL,1,6.24,12.00,6.50,78.00,0.00,78.00,'1'),(430,40,332,124,NULL,2,30.00,28.00,32.00,896.00,0.00,896.00,'1'),(431,40,202,23,NULL,2,32.90,10.00,35.00,350.00,0.00,350.00,'1'),(432,40,204,21,NULL,1,6.51,12.00,7.00,84.00,0.00,84.00,'1'),(433,40,465,176,NULL,12,110.00,5.00,120.00,600.00,0.00,600.00,'1'),(434,40,417,92,NULL,1,4.16,0.00,4.33,0.00,0.00,0.00,'1'),(435,41,189,29,NULL,2,280.00,3.00,300.00,900.00,0.00,900.00,'1'),(436,41,187,28,NULL,2,148.80,11.00,160.00,1760.00,0.00,1760.00,'1'),(437,41,186,27,NULL,2,58.59,6.00,66.00,396.00,0.00,396.00,'1'),(438,41,202,23,NULL,2,32.90,7.00,35.00,245.00,0.00,245.00,'1'),(439,41,201,18,NULL,1,59.80,4.00,65.00,260.00,0.00,260.00,'1'),(440,41,191,15,NULL,1,59.80,6.00,65.00,390.00,0.00,390.00,'1'),(441,41,196,19,NULL,1,38.64,10.00,42.00,420.00,0.00,420.00,'1'),(442,41,197,20,NULL,1,64.40,0.00,70.00,0.00,0.00,0.00,'1'),(443,41,204,21,NULL,1,6.51,0.00,7.00,0.00,0.00,0.00,'1'),(444,42,247,2,NULL,1,490.74,0.00,530.00,0.00,0.00,0.00,'1'),(445,42,246,3,NULL,1,208.33,0.00,225.00,0.00,0.00,0.00,'1'),(446,42,245,4,NULL,1,109.26,0.00,118.00,0.00,0.00,0.00,'1'),(447,42,244,5,NULL,1,58.33,12.00,63.00,756.00,0.00,756.00,'1'),(448,42,452,37,NULL,1,78.70,0.00,85.00,0.00,0.00,0.00,'1'),(449,42,450,36,NULL,1,41.67,0.00,45.00,0.00,0.00,0.00,'1'),(450,43,259,212,NULL,1,29.63,4.00,32.00,128.00,0.00,128.00,'1'),(451,44,207,144,NULL,4,42.00,167.00,44.00,7348.00,0.00,7348.00,'1'),(452,44,213,147,NULL,1,35.80,13.00,36.80,478.40,0.00,478.40,'1'),(453,44,239,146,NULL,4,423.00,2.00,437.00,874.00,0.00,874.00,'1'),(454,45,440,185,NULL,4,270.00,1.00,290.00,290.00,0.00,290.00,'1'),(455,45,486,200,NULL,10,850.00,2.00,910.00,1820.00,0.00,1820.00,'1'),(456,45,485,199,NULL,10,910.00,5.00,950.00,4750.00,0.00,4750.00,'1'),(457,46,2,156,NULL,2,51.82,32.00,55.00,1760.00,0.00,1760.00,'1'),(458,46,3,157,NULL,1,45.20,8.00,48.00,384.00,0.00,384.00,'1'),(459,46,4,149,NULL,1,7.55,120.00,8.00,960.00,0.00,960.00,'1'),(460,46,7,152,NULL,1,3.77,0.00,4.00,0.00,0.00,0.00,'1'),(461,46,9,151,NULL,1,3.77,144.00,4.00,576.00,0.00,576.00,'1'),(462,46,17,153,NULL,1,65.00,0.00,68.00,0.00,0.00,0.00,'1'),(463,46,149,87,NULL,1,35.00,9.00,38.00,342.00,0.00,342.00,'1'),(464,46,90,56,NULL,7,3.70,48.00,3.96,190.08,0.00,190.08,'1'),(465,47,189,29,NULL,2,280.00,0.00,300.00,0.00,0.00,0.00,'1'),(466,47,196,19,NULL,1,38.64,1.00,42.00,42.00,0.00,42.00,'1'),(467,47,409,226,NULL,7,42.72,1.00,45.24,45.24,0.00,45.24,'1'),(468,47,207,144,NULL,4,42.00,1.00,44.00,44.00,0.00,44.00,'1'),(469,48,189,241,NULL,2,292.95,21.00,315.00,6615.00,0.00,6615.00,'1'),(470,48,189,29,NULL,2,280.00,1.00,300.00,300.00,0.00,300.00,'1'),(471,48,187,28,NULL,2,148.80,36.00,160.00,5760.00,0.00,5760.00,'1'),(472,48,192,16,NULL,1,82.80,3.00,90.00,270.00,0.00,270.00,'1'),(473,48,192,244,NULL,1,82.80,9.00,90.00,810.00,0.00,810.00,'1'),(474,48,201,18,NULL,1,59.80,3.00,65.00,195.00,0.00,195.00,'1'),(475,48,204,21,NULL,1,6.51,48.00,7.00,336.00,0.00,336.00,'1'),(476,48,197,20,NULL,1,64.40,3.00,70.00,210.00,0.00,210.00,'1'),(477,49,244,203,NULL,1,58.33,40.00,63.00,2520.00,0.00,2520.00,'1'),(478,49,245,4,NULL,1,109.26,11.00,118.00,1298.00,0.00,1298.00,'1'),(479,49,247,2,NULL,1,490.74,1.00,530.00,530.00,0.00,530.00,'1'),(480,49,252,175,NULL,2,41.67,0.00,45.00,0.00,0.00,0.00,'1'),(481,49,251,208,NULL,2,23.15,16.00,25.00,400.00,0.00,400.00,'1'),(482,50,328,120,NULL,7,269.40,18.00,290.00,5220.00,0.00,5220.00,'1'),(483,50,326,121,NULL,7,192.00,9.00,205.00,1845.00,0.00,1845.00,'1'),(484,50,327,122,NULL,7,180.00,3.00,190.00,570.00,0.00,570.00,'1'),(485,50,320,130,NULL,2,160.56,9.00,170.00,1530.00,0.00,1530.00,'1'),(486,50,325,126,NULL,2,42.00,33.00,45.00,1485.00,0.00,1485.00,'1'),(487,50,314,127,NULL,2,47.50,22.00,50.00,1100.00,0.00,1100.00,'1'),(488,50,329,123,NULL,1,64.00,9.00,70.00,630.00,0.00,630.00,'1'),(489,50,332,124,NULL,2,30.00,96.00,32.00,3072.00,0.00,3072.00,'1'),(490,50,330,125,NULL,2,70.50,54.00,75.00,4050.00,0.00,4050.00,'1'),(491,50,400,108,NULL,1,485.00,2.00,520.00,1040.00,0.00,1040.00,'1'),(492,50,391,110,NULL,1,305.00,3.00,325.00,975.00,0.00,975.00,'1'),(493,50,375,104,NULL,1,24.30,12.00,26.00,312.00,0.00,312.00,'1'),(494,50,376,105,NULL,1,24.30,12.00,26.00,312.00,0.00,312.00,'1'),(495,50,377,103,NULL,1,24.30,12.00,26.00,312.00,0.00,312.00,'1'),(496,50,369,96,NULL,1,23.33,12.00,25.00,300.00,0.00,300.00,'1'),(497,50,372,99,NULL,1,23.33,12.00,25.00,300.00,0.00,300.00,'1'),(498,50,409,226,NULL,7,42.72,31.00,45.24,1402.44,0.00,1402.44,'1'),(499,50,425,30,NULL,2,82.40,7.00,90.00,630.00,0.00,630.00,'1'),(500,50,423,32,NULL,2,56.40,2.00,60.00,120.00,0.00,120.00,'1'),(501,50,428,114,NULL,8,111.60,1.00,120.00,120.00,0.00,120.00,'1'),(502,50,339,131,NULL,2,39.85,0.00,42.00,0.00,0.00,0.00,'1'),(503,50,300,135,NULL,1,80.00,25.00,85.00,2125.00,0.00,2125.00,'1'),(504,50,301,136,NULL,1,80.00,25.00,85.00,2125.00,0.00,2125.00,'1'),(505,50,302,137,NULL,1,80.00,8.00,85.00,680.00,0.00,680.00,'1'),(506,50,303,138,NULL,1,80.00,2.00,85.00,170.00,0.00,170.00,'1'),(507,50,307,142,NULL,1,580.00,1.00,620.00,620.00,0.00,620.00,'1'),(508,50,41,159,NULL,4,306.00,3.00,320.00,960.00,0.00,960.00,'1'),(509,51,2,156,NULL,2,51.82,36.00,55.00,1980.00,0.00,1980.00,'1'),(510,51,3,157,NULL,1,45.20,15.00,48.00,720.00,0.00,720.00,'1'),(511,51,11,154,NULL,2,33.00,12.00,35.00,420.00,0.00,420.00,'1'),(512,51,9,151,NULL,1,3.77,72.00,4.00,288.00,0.00,288.00,'1'),(513,51,4,149,NULL,1,7.55,24.00,8.00,192.00,0.00,192.00,'1'),(514,51,17,153,NULL,1,65.00,6.00,68.00,408.00,0.00,408.00,'1'),(515,52,64,224,NULL,7,3.80,288.00,4.00,1152.00,0.00,1152.00,'1'),(516,52,74,46,NULL,7,3.70,120.00,3.96,475.20,0.00,475.20,'1'),(517,52,72,47,NULL,7,7.45,24.00,7.92,190.08,0.00,190.08,'1'),(518,52,72,217,NULL,7,7.45,48.00,7.92,380.16,0.00,380.16,'1'),(519,52,73,48,NULL,2,33.50,0.00,35.00,0.00,0.00,0.00,'1'),(520,52,85,59,NULL,7,3.70,48.00,3.96,190.08,0.00,190.08,'1'),(521,52,96,57,NULL,7,3.70,192.00,3.96,760.32,0.00,760.32,'1'),(522,52,90,56,NULL,7,3.70,96.00,3.96,380.16,0.00,380.16,'1'),(523,52,174,58,NULL,1,7.45,24.00,7.92,190.08,0.00,190.08,'1'),(524,52,88,52,NULL,7,3.70,192.00,3.96,760.32,0.00,760.32,'1'),(525,52,80,53,NULL,7,7.45,192.00,7.92,1520.64,0.00,1520.64,'1'),(526,52,78,54,NULL,7,3.70,0.00,3.96,0.00,0.00,0.00,'1'),(527,52,79,55,NULL,7,7.45,0.00,7.93,0.00,0.00,0.00,'1'),(528,52,75,49,NULL,7,3.70,192.00,3.96,760.32,0.00,760.32,'1'),(529,52,76,50,NULL,7,7.45,48.00,7.92,380.16,0.00,380.16,'1'),(530,52,98,222,NULL,1,3.80,324.00,4.00,1296.00,0.00,1296.00,'1'),(531,52,120,78,NULL,7,93.36,5.00,100.00,500.00,0.00,500.00,'1'),(532,52,125,163,NULL,7,180.00,8.00,190.00,1520.00,0.00,1520.00,'1'),(533,52,122,77,NULL,7,93.36,2.00,100.00,200.00,0.00,200.00,'1'),(534,52,126,164,NULL,7,180.00,5.00,190.00,950.00,0.00,950.00,'1'),(535,52,132,228,NULL,7,45.24,32.00,48.00,1536.00,0.00,1536.00,'1'),(536,52,136,161,NULL,12,141.00,10.00,150.00,1500.00,0.00,1500.00,'1'),(537,52,175,227,NULL,7,90.24,20.00,96.00,1920.00,0.00,1920.00,'1'),(538,52,41,159,NULL,4,306.00,23.00,320.00,7360.00,0.00,7360.00,'1'),(539,52,31,72,NULL,4,270.00,0.00,280.00,0.00,0.00,0.00,'1'),(540,52,148,86,NULL,2,32.00,12.00,35.00,420.00,0.00,420.00,'1'),(541,52,102,61,NULL,11,140.00,1.00,150.00,150.00,0.00,150.00,'1'),(542,52,131,223,NULL,7,93.60,3.00,100.00,300.00,0.00,300.00,'1'),(543,53,466,177,NULL,11,120.00,1.00,130.00,130.00,0.00,130.00,'1'),(544,53,440,185,NULL,4,270.00,2.00,290.00,580.00,0.00,580.00,'1'),(545,53,468,179,NULL,12,35.00,2.00,40.00,80.00,0.00,80.00,'1'),(546,53,467,178,NULL,2,35.00,3.00,40.00,120.00,0.00,120.00,'1'),(547,54,229,234,NULL,9,1300.00,2.00,1380.00,2760.00,0.00,2760.00,'1'),(548,54,230,233,NULL,9,2550.00,7.00,2650.00,18550.00,0.00,18550.00,'1'),(549,54,215,145,NULL,4,132.00,6.00,137.00,822.00,0.00,822.00,'1'),(550,54,207,144,NULL,4,42.00,35.00,44.00,1540.00,0.00,1540.00,'1'),(551,54,213,230,NULL,1,35.00,75.00,36.40,2730.00,0.00,2730.00,'1'),(552,54,485,199,NULL,10,910.00,2.00,950.00,1900.00,0.00,1900.00,'1'),(553,54,486,200,NULL,10,850.00,2.00,910.00,1820.00,0.00,1820.00,'1'),(554,54,219,232,NULL,2,405.00,2.00,415.00,830.00,0.00,830.00,'1'),(555,55,41,159,NULL,4,306.00,1.50,320.00,480.00,0.00,480.00,'1'),(556,55,31,72,NULL,4,270.00,0.50,280.00,140.00,0.00,140.00,'1'),(557,55,369,96,NULL,1,23.33,12.00,25.00,300.00,0.00,300.00,'1'),(558,56,230,233,NULL,9,2550.00,6.00,2650.00,15900.00,0.00,15900.00,'1'),(559,56,229,234,NULL,9,1300.00,1.00,1380.00,1380.00,0.00,1380.00,'1'),(560,56,207,144,NULL,4,42.00,30.00,44.00,1320.00,0.00,1320.00,'1'),(561,56,213,230,NULL,1,35.00,106.00,36.40,3858.40,0.00,3858.40,'1'),(562,56,217,231,NULL,10,370.00,1.00,380.00,380.00,0.00,380.00,'1'),(563,56,239,146,NULL,4,423.00,1.00,437.00,437.00,0.00,437.00,'1'),(564,57,440,185,NULL,4,270.00,3.00,290.00,870.00,0.00,870.00,'1'),(565,57,486,200,NULL,10,850.00,1.00,910.00,910.00,0.00,910.00,'1'),(566,57,485,199,NULL,10,910.00,1.00,950.00,950.00,0.00,950.00,'1'),(567,58,1,236,NULL,2,51.82,7.00,55.00,385.00,0.00,385.00,'1'),(568,58,3,237,NULL,1,45.20,39.00,48.00,1872.00,0.00,1872.00,'1'),(569,58,4,149,NULL,1,7.55,72.00,8.00,576.00,0.00,576.00,'1'),(570,58,7,152,NULL,1,3.77,144.00,4.00,576.00,0.00,576.00,'1'),(571,58,8,150,NULL,1,3.77,48.00,4.00,192.00,0.00,192.00,'1'),(572,58,11,154,NULL,2,33.00,6.00,35.00,210.00,0.00,210.00,'1'),(573,59,328,120,NULL,7,269.40,15.00,290.00,4350.00,0.00,4350.00,'1'),(574,59,326,121,NULL,7,192.00,14.00,205.00,2870.00,0.00,2870.00,'1'),(575,59,327,122,NULL,7,180.00,2.00,190.00,380.00,0.00,380.00,'1'),(576,59,325,126,NULL,2,42.00,69.00,45.00,3105.00,0.00,3105.00,'1'),(577,59,323,128,NULL,2,48.40,45.00,50.00,2250.00,0.00,2250.00,'1'),(578,59,409,226,NULL,7,42.72,67.00,45.24,3031.08,0.00,3031.08,'1'),(579,59,367,107,NULL,1,60.00,0.00,65.00,0.00,0.00,0.00,'1'),(580,59,360,101,NULL,1,35.60,24.00,40.00,960.00,0.00,960.00,'1'),(581,59,377,103,NULL,1,24.30,24.00,26.00,624.00,0.00,624.00,'1'),(582,59,375,104,NULL,1,24.30,36.00,26.00,936.00,0.00,936.00,'1'),(583,59,376,105,NULL,1,24.30,24.00,26.00,624.00,0.00,624.00,'1'),(584,59,400,108,NULL,1,485.00,1.00,520.00,520.00,0.00,520.00,'1'),(585,59,394,112,NULL,1,370.00,1.00,390.00,390.00,0.00,390.00,'1'),(586,59,332,124,NULL,2,30.00,51.00,32.00,1632.00,0.00,1632.00,'1'),(587,59,427,118,NULL,8,105.00,3.00,120.00,360.00,0.00,360.00,'1'),(588,59,428,114,NULL,8,111.60,1.00,120.00,120.00,0.00,120.00,'1'),(589,59,428,114,NULL,8,111.60,1.00,120.00,120.00,0.00,120.00,'1'),(590,59,423,32,NULL,2,56.40,1.00,60.00,60.00,0.00,60.00,'1'),(591,59,347,134,NULL,2,173.00,1.00,190.00,190.00,0.00,190.00,'1'),(592,59,339,131,NULL,2,39.85,6.00,42.00,252.00,0.00,252.00,'1'),(593,59,300,135,NULL,1,80.00,46.00,85.00,3910.00,0.00,3910.00,'1'),(594,59,301,136,NULL,1,80.00,52.00,85.00,4420.00,0.00,4420.00,'1'),(595,59,302,137,NULL,1,80.00,49.00,85.00,4165.00,0.00,4165.00,'1'),(596,59,303,138,NULL,1,80.00,13.00,85.00,1105.00,0.00,1105.00,'1'),(597,60,189,241,NULL,2,292.95,2.00,315.00,630.00,0.00,630.00,'1'),(598,60,187,28,NULL,2,148.80,0.00,160.00,0.00,0.00,0.00,'1'),(599,60,184,25,NULL,2,18.60,24.00,20.00,480.00,0.00,480.00,'1'),(600,60,202,23,NULL,2,32.90,6.00,35.00,210.00,0.00,210.00,'1'),(601,60,196,19,NULL,1,38.64,0.00,42.00,0.00,0.00,0.00,'1'),(602,60,484,198,NULL,7,43.00,1.00,48.00,48.00,0.00,48.00,'1'),(603,61,64,224,NULL,7,3.80,1128.00,4.00,4512.00,0.00,4512.00,'1'),(604,61,74,46,NULL,7,3.70,48.00,3.96,190.08,0.00,190.08,'1'),(605,61,72,217,NULL,7,7.45,912.00,7.92,7223.04,0.00,7223.04,'1'),(606,61,85,59,NULL,7,3.70,0.00,3.96,0.00,0.00,0.00,'1'),(607,61,90,56,NULL,7,3.70,48.00,3.96,190.08,0.00,190.08,'1'),(608,61,96,57,NULL,7,3.70,48.00,3.96,190.08,0.00,190.08,'1'),(609,61,88,52,NULL,7,3.70,24.00,3.96,95.04,0.00,95.04,'1'),(610,61,80,53,NULL,7,7.45,24.00,7.92,190.08,0.00,190.08,'1'),(611,61,78,219,NULL,7,3.70,96.00,3.96,380.16,0.00,380.16,'1'),(612,61,79,218,NULL,7,7.45,96.00,7.92,760.32,0.00,760.32,'1'),(613,61,75,49,NULL,7,3.70,0.00,3.96,0.00,0.00,0.00,'1'),(614,61,76,50,NULL,7,7.45,24.00,7.92,190.08,0.00,190.08,'1'),(615,61,98,222,NULL,1,3.80,396.00,4.00,1584.00,0.00,1584.00,'1'),(616,61,171,220,NULL,11,150.00,2.00,160.00,320.00,0.00,320.00,'1'),(617,61,120,78,NULL,7,93.36,0.00,100.00,0.00,0.00,0.00,'1'),(618,61,122,77,NULL,7,93.36,2.00,100.00,200.00,0.00,200.00,'1'),(619,61,136,161,NULL,12,141.00,1.00,150.00,150.00,0.00,150.00,'1'),(620,61,132,228,NULL,7,45.24,4.00,48.00,192.00,0.00,192.00,'1'),(621,61,41,159,NULL,4,306.00,14.50,320.00,4640.00,0.00,4640.00,'1'),(622,61,37,74,NULL,4,360.00,0.50,380.00,190.00,0.00,190.00,'1'),(623,61,175,227,NULL,7,90.24,5.00,96.00,480.00,0.00,480.00,'1'),(624,61,180,229,NULL,2,90.00,0.00,95.00,0.00,0.00,0.00,'1'),(625,61,44,76,NULL,1,65.00,0.00,70.00,0.00,0.00,0.00,'1'),(626,61,332,124,NULL,2,30.00,2.00,32.00,64.00,0.00,64.00,'1'),(627,62,244,203,NULL,1,58.33,12.00,63.00,756.00,0.00,756.00,'1'),(628,62,245,4,NULL,1,109.26,3.00,118.00,354.00,0.00,354.00,'1'),(629,62,246,3,NULL,1,208.33,6.00,225.00,1350.00,0.00,1350.00,'1'),(630,62,247,2,NULL,1,490.74,4.00,530.00,2120.00,0.00,2120.00,'1'),(631,62,450,36,NULL,1,41.67,12.00,45.00,540.00,0.00,540.00,'1'),(632,62,252,175,NULL,2,41.67,4.00,45.00,180.00,0.00,180.00,'1'),(633,62,251,208,NULL,2,23.15,20.00,25.00,500.00,0.00,500.00,'1'),(634,63,64,224,NULL,7,3.80,384.00,4.00,1536.00,0.00,1536.00,'1'),(635,63,74,46,NULL,7,3.70,48.00,3.96,190.08,0.00,190.08,'1'),(636,63,73,48,NULL,2,33.50,6.00,35.00,210.00,0.00,210.00,'1'),(637,63,90,56,NULL,7,3.70,48.00,3.96,190.08,0.00,190.08,'1'),(638,63,98,222,NULL,1,3.80,216.00,4.00,864.00,0.00,864.00,'1'),(639,63,75,49,NULL,7,3.70,48.00,3.96,190.08,0.00,190.08,'1'),(640,63,80,53,NULL,7,7.45,72.00,7.92,570.24,0.00,570.24,'1'),(641,63,78,219,NULL,7,3.70,0.00,3.96,0.00,0.00,0.00,'1'),(642,63,79,218,NULL,7,7.45,48.00,7.92,380.16,0.00,380.16,'1'),(643,63,120,78,NULL,7,93.36,2.00,100.00,200.00,0.00,200.00,'1'),(644,63,122,77,NULL,7,93.36,1.00,100.00,100.00,0.00,100.00,'1'),(645,63,131,223,NULL,7,93.60,0.00,100.00,0.00,0.00,0.00,'1'),(646,63,136,161,NULL,12,141.00,1.00,150.00,150.00,0.00,150.00,'1'),(647,63,170,66,NULL,8,80.00,1.00,85.00,85.00,0.00,85.00,'1'),(648,63,175,227,NULL,7,90.24,3.00,96.00,288.00,0.00,288.00,'1'),(649,63,180,229,NULL,2,90.00,3.00,95.00,285.00,0.00,285.00,'1'),(650,63,132,228,NULL,7,45.24,4.00,48.00,192.00,0.00,192.00,'1'),(651,63,40,250,NULL,4,306.00,8.00,320.00,2560.00,0.00,2560.00,'1'),(652,63,21,257,NULL,13,168.00,2.00,185.00,370.00,0.00,370.00,'1'),(653,63,22,258,NULL,13,120.00,1.00,132.00,132.00,0.00,132.00,'1'),(654,64,443,201,NULL,4,160.00,8.00,170.00,1360.00,0.00,1360.00,'1'),(655,64,458,167,NULL,1,73.00,12.00,75.00,900.00,0.00,900.00,'1'),(656,64,189,241,NULL,2,292.95,1.00,315.00,315.00,0.00,315.00,'1'),(657,64,302,137,NULL,1,80.00,3.00,85.00,255.00,0.00,255.00,'1'),(658,64,332,124,NULL,2,30.00,6.00,32.00,192.00,0.00,192.00,'1'),(659,65,328,120,NULL,7,269.40,1.00,290.00,290.00,0.00,290.00,'1'),(660,65,320,130,NULL,2,160.56,0.00,170.00,0.00,0.00,0.00,'1'),(661,65,314,127,NULL,2,47.50,9.00,50.00,450.00,0.00,450.00,'1'),(662,65,332,124,NULL,2,30.00,48.00,32.00,1536.00,0.00,1536.00,'1'),(663,65,400,108,NULL,1,485.00,1.00,520.00,520.00,0.00,520.00,'1'),(664,65,409,226,NULL,7,42.72,3.00,45.24,135.72,0.00,135.72,'1'),(665,65,377,103,NULL,1,24.30,24.00,26.00,624.00,0.00,624.00,'1'),(666,65,300,135,NULL,1,80.00,18.00,85.00,1530.00,0.00,1530.00,'1'),(667,65,301,136,NULL,1,80.00,15.00,85.00,1275.00,0.00,1275.00,'1'),(668,65,302,137,NULL,1,80.00,14.00,85.00,1190.00,0.00,1190.00,'1'),(669,65,339,131,NULL,2,39.85,5.00,42.00,210.00,0.00,210.00,'1'),(670,65,431,116,NULL,8,83.70,1.00,90.00,90.00,0.00,90.00,'1'),(671,65,306,141,NULL,1,580.00,1.00,620.00,620.00,0.00,620.00,'1'),(672,66,189,241,NULL,2,292.95,15.00,315.00,4725.00,0.00,4725.00,'1'),(673,66,187,28,NULL,2,148.80,21.00,160.00,3360.00,0.00,3360.00,'1'),(674,66,186,27,NULL,2,58.59,6.00,66.00,396.00,0.00,396.00,'1'),(675,66,202,23,NULL,2,32.90,0.00,35.00,0.00,0.00,0.00,'1'),(676,66,204,21,NULL,1,6.51,10.00,7.00,70.00,0.00,70.00,'1'),(677,66,193,245,NULL,5,15.64,0.00,18.00,0.00,0.00,0.00,'1'),(678,66,194,24,NULL,1,20.24,0.00,22.00,0.00,0.00,0.00,'1'),(679,67,122,77,NULL,7,93.36,12.00,100.00,1200.00,0.00,1200.00,'1'),(680,67,131,223,NULL,7,93.60,5.00,100.00,500.00,0.00,500.00,'1'),(681,67,132,260,NULL,7,45.24,4.00,48.00,192.00,0.00,192.00,'1'),(682,67,488,261,NULL,11,110.00,6.00,120.00,720.00,0.00,720.00,'1'),(683,67,469,180,NULL,12,38.00,18.00,45.00,810.00,0.00,810.00,'1'),(684,67,470,181,NULL,12,38.00,6.00,45.00,270.00,0.00,270.00,'1'),(685,67,64,43,NULL,7,3.80,48.00,4.00,192.00,0.00,192.00,'1'),(686,67,489,262,NULL,2,14.00,24.00,16.00,384.00,0.00,384.00,'1'),(687,67,471,182,NULL,2,30.00,30.00,35.00,1050.00,0.00,1050.00,'1'),(688,67,186,27,NULL,2,58.59,12.00,66.00,792.00,0.00,792.00,'1'),(689,67,184,25,NULL,2,18.60,12.00,20.00,240.00,0.00,240.00,'1'),(690,67,484,198,NULL,7,43.00,10.00,48.00,480.00,0.00,480.00,'1'),(691,67,204,21,NULL,1,6.51,6.00,7.00,42.00,0.00,42.00,'1'),(692,67,468,179,NULL,12,35.00,3.00,40.00,120.00,0.00,120.00,'1'),(693,68,394,112,NULL,1,370.00,5.00,390.00,1950.00,0.00,1950.00,'1'),(694,69,377,103,NULL,1,24.30,12.00,26.00,312.00,0.00,312.00,'1'),(695,69,409,226,NULL,7,42.72,3.00,45.24,135.72,0.00,135.72,'1'),(696,69,420,33,NULL,1,6.20,12.00,6.66,79.92,0.00,79.92,'1'),(697,70,328,120,NULL,7,269.40,14.00,290.00,4060.00,0.00,4060.00,'1'),(698,70,326,121,NULL,7,192.00,3.00,205.00,615.00,0.00,615.00,'1'),(699,70,325,126,NULL,2,42.00,9.00,45.00,405.00,0.00,405.00,'1'),(700,70,332,124,NULL,2,30.00,22.00,32.00,704.00,0.00,704.00,'1'),(701,70,314,127,NULL,2,47.50,12.00,50.00,600.00,0.00,600.00,'1'),(702,70,327,122,NULL,7,180.00,1.00,190.00,190.00,0.00,190.00,'1'),(703,70,320,130,NULL,2,160.56,3.00,170.00,510.00,0.00,510.00,'1'),(704,70,358,102,NULL,1,35.60,36.00,40.00,1440.00,0.00,1440.00,'1'),(705,70,377,103,NULL,1,24.30,24.00,26.00,624.00,0.00,624.00,'1'),(706,70,376,105,NULL,1,24.30,12.00,26.00,312.00,0.00,312.00,'1'),(707,70,409,226,NULL,7,42.72,20.00,45.24,904.80,0.00,904.80,'1'),(708,70,435,94,NULL,8,127.20,1.00,135.00,135.00,0.00,135.00,'1'),(709,70,425,30,NULL,2,82.40,6.00,90.00,540.00,0.00,540.00,'1'),(710,70,424,31,NULL,2,68.66,1.00,80.00,80.00,0.00,80.00,'1'),(711,70,428,114,NULL,8,111.60,1.00,120.00,120.00,0.00,120.00,'1'),(712,70,419,90,NULL,1,6.24,60.00,6.50,390.00,0.00,390.00,'1'),(713,70,417,92,NULL,1,4.16,48.00,4.33,207.84,0.00,207.84,'1'),(714,70,415,91,NULL,1,4.16,6.00,4.33,25.98,0.00,25.98,'1'),(715,70,431,116,NULL,8,83.70,5.00,90.00,450.00,0.00,450.00,'1'),(716,70,300,135,NULL,1,80.00,14.00,85.00,1190.00,0.00,1190.00,'1'),(717,70,301,136,NULL,1,80.00,5.00,85.00,425.00,0.00,425.00,'1'),(718,70,302,137,NULL,1,80.00,11.00,85.00,935.00,0.00,935.00,'1'),(719,70,303,138,NULL,1,80.00,3.00,85.00,255.00,0.00,255.00,'1'),(720,71,204,21,NULL,1,6.51,0.00,7.00,0.00,0.00,0.00,'1'),(721,71,189,241,NULL,2,292.95,11.00,315.00,3465.00,0.00,3465.00,'1'),(722,71,189,29,NULL,2,280.00,2.00,300.00,600.00,0.00,600.00,'1'),(723,71,187,28,NULL,2,148.80,9.00,160.00,1440.00,0.00,1440.00,'1'),(724,71,186,27,NULL,2,58.59,1.00,66.00,66.00,0.00,66.00,'1'),(725,71,184,25,NULL,2,18.60,18.00,20.00,360.00,0.00,360.00,'1'),(726,71,202,23,NULL,2,32.90,3.00,35.00,105.00,0.00,105.00,'1'),(727,71,192,244,NULL,1,82.80,6.00,90.00,540.00,0.00,540.00,'1'),(728,71,191,15,NULL,1,59.80,6.00,65.00,390.00,0.00,390.00,'1'),(729,71,201,248,NULL,1,92.00,2.00,100.00,200.00,0.00,200.00,'1'),(730,71,194,24,NULL,1,20.24,12.00,22.00,264.00,0.00,264.00,'1'),(731,71,193,245,NULL,5,15.64,0.00,18.00,0.00,0.00,0.00,'1'),(732,72,230,233,NULL,9,2550.00,4.00,2650.00,10600.00,0.00,10600.00,'1'),(733,72,229,234,NULL,9,1300.00,1.00,1380.00,1380.00,0.00,1380.00,'1'),(734,72,215,145,NULL,4,132.00,40.00,137.00,5480.00,0.00,5480.00,'1'),(735,72,207,144,NULL,4,42.00,67.00,44.00,2948.00,0.00,2948.00,'1'),(736,72,219,232,NULL,2,405.00,4.00,415.00,1660.00,0.00,1660.00,'1'),(737,72,217,231,NULL,10,370.00,3.00,380.00,1140.00,0.00,1140.00,'1'),(738,72,440,185,NULL,4,270.00,5.00,290.00,1450.00,0.00,1450.00,'1'),(739,73,318,129,NULL,2,74.00,4.00,78.00,312.00,0.00,312.00,'1'),(740,74,245,4,NULL,1,109.26,8.00,118.00,944.00,0.00,944.00,'1'),(741,74,244,203,NULL,1,58.33,14.00,63.00,882.00,0.00,882.00,'1'),(742,74,251,208,NULL,2,23.15,8.00,25.00,200.00,0.00,200.00,'1'),(743,74,487,215,NULL,1,22.22,6.00,24.00,144.00,0.00,144.00,'1'),(744,74,259,212,NULL,1,29.63,1.00,32.00,32.00,0.00,32.00,'1'),(745,75,2,156,NULL,2,51.82,21.00,55.00,1155.00,0.00,1155.00,'1'),(746,75,3,157,NULL,1,45.20,24.00,48.00,1152.00,0.00,1152.00,'1'),(747,75,4,149,NULL,1,7.55,36.00,8.00,288.00,0.00,288.00,'1'),(748,75,9,240,NULL,1,3.76,264.00,4.00,1056.00,0.00,1056.00,'1'),(749,75,7,152,NULL,1,3.77,96.00,4.00,384.00,0.00,384.00,'1'),(750,75,8,239,NULL,1,3.76,96.00,4.00,384.00,0.00,384.00,'1'),(751,75,17,153,NULL,1,65.00,6.00,68.00,408.00,0.00,408.00,'1'),(752,75,438,202,NULL,4,400.00,0.50,440.00,220.00,0.00,220.00,'1'),(753,75,215,145,NULL,4,132.00,0.00,137.00,0.00,0.00,0.00,'1'),(754,76,329,123,NULL,1,64.00,1.00,70.00,70.00,0.00,70.00,'1'),(755,76,187,28,NULL,2,148.80,1.00,160.00,160.00,0.00,160.00,'1'),(756,77,207,144,NULL,4,42.00,72.00,44.00,3168.00,0.00,3168.00,'1'),(757,77,229,234,NULL,9,1300.00,2.00,1380.00,2760.00,0.00,2760.00,'1'),(758,77,230,233,NULL,9,2550.00,2.00,2650.00,5300.00,0.00,5300.00,'1'),(759,77,213,230,NULL,1,35.00,25.00,36.40,910.00,0.00,910.00,'1'),(760,77,440,185,NULL,4,270.00,7.00,290.00,2030.00,0.00,2030.00,'1'),(761,77,485,199,NULL,10,910.00,5.00,950.00,4750.00,0.00,4750.00,'1'),(762,77,486,200,NULL,10,850.00,2.00,910.00,1820.00,0.00,1820.00,'1'),(763,78,2,156,NULL,2,51.82,43.00,55.00,2365.00,0.00,2365.00,'1'),(764,78,3,157,NULL,1,45.20,35.00,48.00,1680.00,0.00,1680.00,'1'),(765,78,4,149,NULL,1,7.55,0.00,8.00,0.00,0.00,0.00,'1'),(766,78,5,238,NULL,1,7.55,0.00,8.00,0.00,0.00,0.00,'1'),(767,78,7,152,NULL,1,3.77,144.00,4.00,576.00,0.00,576.00,'1'),(768,78,9,240,NULL,1,3.76,384.00,4.00,1536.00,0.00,1536.00,'1'),(769,78,19,158,NULL,2,136.00,0.00,140.00,0.00,0.00,0.00,'1'),(770,79,213,230,NULL,1,35.00,162.00,36.40,5896.80,0.00,5896.80,'1'),(771,79,207,144,NULL,4,42.00,24.00,44.00,1056.00,0.00,1056.00,'1'),(772,79,230,233,NULL,9,2550.00,3.00,2650.00,7950.00,0.00,7950.00,'1'),(773,79,215,145,NULL,4,132.00,3.00,137.00,411.00,0.00,411.00,'1'),(774,81,2,156,NULL,2,51.82,13.00,55.00,715.00,0.00,715.00,'1'),(775,81,3,157,NULL,1,45.20,6.00,48.00,288.00,0.00,288.00,'1'),(776,81,4,149,NULL,1,7.55,12.00,8.00,96.00,0.00,96.00,'1'),(777,81,5,238,NULL,1,7.55,60.00,8.00,480.00,0.00,480.00,'1'),(778,81,8,239,NULL,1,3.76,0.00,4.00,0.00,0.00,0.00,'1'),(779,81,9,240,NULL,1,3.76,336.00,4.00,1344.00,0.00,1344.00,'1'),(780,82,189,241,NULL,2,292.95,8.00,315.00,2520.00,0.00,2520.00,'1'),(781,82,187,28,NULL,2,148.80,1.00,160.00,160.00,0.00,160.00,'1'),(782,82,184,25,NULL,2,18.60,11.00,20.00,220.00,0.00,220.00,'1'),(783,82,205,22,NULL,1,22.32,9.00,25.00,225.00,0.00,225.00,'1'),(784,82,204,21,NULL,1,6.51,51.00,7.00,357.00,0.00,357.00,'1'),(785,82,191,15,NULL,1,59.80,1.00,65.00,65.00,0.00,65.00,'1'),(786,82,484,198,NULL,7,43.00,1.00,48.00,48.00,0.00,48.00,'1'),(787,83,328,120,NULL,7,269.40,8.00,290.00,2320.00,0.00,2320.00,'1'),(788,83,326,121,NULL,7,192.00,1.00,205.00,205.00,0.00,205.00,'1'),(789,83,327,122,NULL,7,180.00,1.00,190.00,190.00,0.00,190.00,'1'),(790,83,329,123,NULL,1,64.00,4.00,70.00,280.00,0.00,280.00,'1'),(791,83,314,127,NULL,2,47.50,18.00,50.00,900.00,0.00,900.00,'1'),(792,83,320,130,NULL,2,160.56,5.00,170.00,850.00,0.00,850.00,'1'),(793,83,332,124,NULL,2,30.00,30.00,32.00,960.00,0.00,960.00,'1'),(794,83,400,108,NULL,1,485.00,0.00,520.00,0.00,0.00,0.00,'1'),(795,83,391,110,NULL,1,305.00,1.00,325.00,325.00,0.00,325.00,'1'),(796,83,394,112,NULL,1,370.00,1.00,390.00,390.00,0.00,390.00,'1'),(797,83,360,101,NULL,1,35.60,24.00,40.00,960.00,0.00,960.00,'1'),(798,83,358,102,NULL,1,35.60,12.00,40.00,480.00,0.00,480.00,'1'),(799,83,359,100,NULL,1,35.60,0.00,40.00,0.00,0.00,0.00,'1'),(800,83,375,104,NULL,1,24.30,12.00,26.00,312.00,0.00,312.00,'1'),(801,83,377,103,NULL,1,24.30,12.00,26.00,312.00,0.00,312.00,'1'),(802,83,371,98,NULL,1,23.33,12.00,25.00,300.00,0.00,300.00,'1'),(803,83,372,99,NULL,1,23.33,12.00,25.00,300.00,0.00,300.00,'1'),(804,83,415,91,NULL,1,4.16,72.00,4.33,311.76,0.00,311.76,'1'),(805,83,419,90,NULL,1,6.24,18.00,6.50,117.00,0.00,117.00,'1'),(806,83,425,30,NULL,2,82.40,2.00,90.00,180.00,0.00,180.00,'1'),(807,83,424,31,NULL,2,68.66,1.00,80.00,80.00,0.00,80.00,'1'),(808,83,429,113,NULL,8,186.00,2.00,200.00,400.00,0.00,400.00,'1'),(809,83,426,117,NULL,8,146.88,2.00,155.00,310.00,0.00,310.00,'1'),(810,83,305,140,NULL,1,580.00,2.00,620.00,1240.00,0.00,1240.00,'1'),(811,83,307,142,NULL,1,580.00,2.00,620.00,1240.00,0.00,1240.00,'1'),(812,83,308,143,NULL,1,580.00,2.00,620.00,1240.00,0.00,1240.00,'1'),(813,83,98,222,NULL,1,3.80,72.00,4.00,288.00,0.00,288.00,'1'),(814,83,74,46,NULL,7,3.70,48.00,3.96,190.08,0.00,190.08,'1'),(815,83,90,56,NULL,7,3.70,48.00,3.96,190.08,0.00,190.08,'1'),(816,83,175,227,NULL,7,90.24,3.00,96.00,288.00,0.00,288.00,'1'),(817,83,40,250,NULL,4,306.00,6.00,320.00,1920.00,0.00,1920.00,'1'),(818,83,489,262,NULL,2,14.00,24.00,16.00,384.00,0.00,384.00,'1'),(819,83,64,43,NULL,7,3.80,144.00,4.00,576.00,0.00,576.00,'1'),(820,84,332,124,NULL,2,30.00,6.00,32.00,192.00,0.00,192.00,'1'),(821,85,491,264,NULL,1,26.00,2.00,40.00,80.00,0.00,80.00,'1'),(822,86,409,265,NULL,7,42.72,12.00,45.24,542.88,0.00,542.88,'1'),(823,87,98,60,NULL,1,3.80,72.00,4.00,288.00,0.00,288.00,'1'),(824,88,244,203,NULL,1,58.33,18.00,63.00,1134.00,0.00,1134.00,'1'),(825,88,245,4,NULL,1,109.26,6.00,118.00,708.00,0.00,708.00,'1'),(826,88,246,3,NULL,1,208.33,6.00,225.00,1350.00,0.00,1350.00,'1'),(827,88,259,212,NULL,1,29.63,0.00,32.00,0.00,0.00,0.00,'1'),(828,88,487,215,NULL,1,22.22,0.00,24.00,0.00,0.00,0.00,'1'),(829,88,260,10,NULL,1,69.44,3.00,75.00,225.00,0.00,225.00,'1'),(830,88,257,211,NULL,1,23.15,0.00,25.00,0.00,0.00,0.00,'1'),(831,88,262,214,NULL,1,29.63,0.00,32.00,0.00,0.00,0.00,'1'),(832,88,256,210,NULL,1,29.63,0.00,32.00,0.00,0.00,0.00,'1'),(833,89,328,120,NULL,7,269.40,9.00,290.00,2610.00,0.00,2610.00,'1'),(834,89,326,121,NULL,7,192.00,1.00,205.00,205.00,0.00,205.00,'1'),(835,89,325,126,NULL,2,42.00,0.00,45.00,0.00,0.00,0.00,'1'),(836,89,327,122,NULL,7,180.00,2.00,190.00,380.00,0.00,380.00,'1'),(837,89,329,123,NULL,1,64.00,9.00,70.00,630.00,0.00,630.00,'1'),(838,89,332,124,NULL,2,30.00,24.00,32.00,768.00,0.00,768.00,'1'),(839,89,391,110,NULL,1,305.00,2.00,325.00,650.00,0.00,650.00,'1'),(840,89,392,111,NULL,1,330.00,1.00,350.00,350.00,0.00,350.00,'1'),(841,89,394,112,NULL,1,370.00,2.00,390.00,780.00,0.00,780.00,'1'),(842,89,420,33,NULL,1,6.20,48.00,6.66,319.68,0.00,319.68,'1'),(843,89,419,90,NULL,1,6.24,24.00,6.50,156.00,0.00,156.00,'1'),(844,89,415,91,NULL,1,4.16,24.00,4.33,103.92,0.00,103.92,'1'),(845,89,377,103,NULL,1,24.30,36.00,26.00,936.00,0.00,936.00,'1'),(846,89,375,104,NULL,1,24.30,24.00,26.00,624.00,0.00,624.00,'1'),(847,89,376,105,NULL,1,24.30,30.00,26.00,780.00,0.00,780.00,'1'),(848,89,359,100,NULL,1,35.60,6.00,40.00,240.00,0.00,240.00,'1'),(849,89,425,30,NULL,2,82.40,2.00,90.00,180.00,0.00,180.00,'1'),(850,89,423,32,NULL,2,56.40,2.00,60.00,120.00,0.00,120.00,'1'),(851,89,429,113,NULL,8,186.00,1.00,200.00,200.00,0.00,200.00,'1'),(852,89,302,137,NULL,1,80.00,33.00,85.00,2805.00,0.00,2805.00,'1'),(853,89,347,134,NULL,2,173.00,1.00,190.00,190.00,0.00,190.00,'1'),(854,90,189,241,NULL,2,292.95,2.00,315.00,630.00,0.00,630.00,'1'),(855,90,187,28,NULL,2,148.80,3.00,160.00,480.00,0.00,480.00,'1'),(856,90,184,25,NULL,2,18.60,6.00,20.00,120.00,0.00,120.00,'1'),(857,90,185,26,NULL,2,48.36,6.00,52.00,312.00,0.00,312.00,'1'),(858,90,204,21,NULL,1,6.51,12.00,7.00,84.00,0.00,84.00,'1'),(859,90,201,248,NULL,1,92.00,3.00,100.00,300.00,0.00,300.00,'1'),(860,90,196,247,NULL,1,31.28,6.00,34.00,204.00,0.00,204.00,'1'),(861,91,207,144,NULL,4,42.00,60.00,44.00,2640.00,0.00,2640.00,'1'),(862,91,229,234,NULL,9,1300.00,3.00,1380.00,4140.00,0.00,4140.00,'1'),(863,91,219,232,NULL,2,405.00,2.00,415.00,830.00,0.00,830.00,'1'),(864,91,239,146,NULL,4,423.00,5.00,437.00,2185.00,0.00,2185.00,'1'),(865,91,213,230,NULL,1,35.00,62.00,36.40,2256.80,0.00,2256.80,'1'),(866,91,230,233,NULL,9,2550.00,1.00,2650.00,2650.00,0.00,2650.00,'1'),(867,91,440,185,NULL,4,270.00,5.00,290.00,1450.00,0.00,1450.00,'1'),(868,91,485,199,NULL,10,910.00,3.00,950.00,2850.00,0.00,2850.00,'1'),(869,92,2,156,NULL,2,51.82,27.00,55.00,1485.00,0.00,1485.00,'1'),(870,92,3,157,NULL,1,45.20,11.00,48.00,528.00,0.00,528.00,'1'),(871,92,4,149,NULL,1,7.55,12.00,8.00,96.00,0.00,96.00,'1'),(872,92,5,238,NULL,1,7.55,48.00,8.00,384.00,0.00,384.00,'1'),(873,92,7,152,NULL,1,3.77,48.00,4.00,192.00,0.00,192.00,'1'),(874,92,8,239,NULL,1,3.76,48.00,4.00,192.00,0.00,192.00,'1'),(875,92,9,240,NULL,1,3.76,48.00,4.00,192.00,0.00,192.00,'1'),(876,92,11,154,NULL,2,33.00,0.00,35.00,0.00,0.00,0.00,'1'),(877,92,19,158,NULL,2,136.00,5.00,140.00,700.00,0.00,700.00,'1'),(878,92,148,86,NULL,2,32.00,6.00,35.00,210.00,0.00,210.00,'1'),(879,92,79,218,NULL,7,7.45,0.00,7.92,0.00,0.00,0.00,'1'),(880,93,64,224,NULL,7,3.80,96.00,4.00,384.00,0.00,384.00,'1'),(881,93,74,46,NULL,7,3.70,288.00,3.96,1140.48,0.00,1140.48,'1'),(882,93,73,48,NULL,2,33.50,6.00,35.00,210.00,0.00,210.00,'1'),(883,93,85,59,NULL,7,3.70,192.00,3.96,760.32,0.00,760.32,'1'),(884,93,90,56,NULL,7,3.70,48.00,3.96,190.08,0.00,190.08,'1'),(885,93,75,49,NULL,7,3.70,96.00,3.96,380.16,0.00,380.16,'1'),(886,93,80,53,NULL,7,7.45,48.00,7.92,380.16,0.00,380.16,'1'),(887,93,79,218,NULL,7,7.45,120.00,7.92,950.40,0.00,950.40,'1'),(888,93,98,254,NULL,1,3.80,396.00,4.00,1584.00,0.00,1584.00,'1'),(889,93,120,78,NULL,7,93.36,0.00,100.00,0.00,0.00,0.00,'1'),(890,93,122,77,NULL,7,93.36,1.00,100.00,100.00,0.00,100.00,'1'),(891,93,136,161,NULL,12,141.00,1.00,150.00,150.00,0.00,150.00,'1'),(892,93,175,227,NULL,7,90.24,2.00,96.00,192.00,0.00,192.00,'1'),(893,93,40,250,NULL,4,306.00,9.50,320.00,3040.00,0.00,3040.00,'1'),(894,93,21,257,NULL,13,168.00,1.00,185.00,185.00,0.00,185.00,'1'),(895,93,174,58,NULL,1,7.45,24.00,7.92,190.08,0.00,190.08,'1'),(896,94,440,185,NULL,4,270.00,3.00,290.00,870.00,0.00,870.00,'1'),(897,94,438,202,NULL,4,400.00,1.00,440.00,440.00,0.00,440.00,'1'),(898,94,326,121,NULL,7,192.00,1.00,205.00,205.00,0.00,205.00,'1'),(899,94,467,178,NULL,2,35.00,4.00,40.00,160.00,0.00,160.00,'1'),(900,94,488,261,NULL,11,110.00,1.00,120.00,120.00,0.00,120.00,'1'),(901,96,245,4,NULL,1,109.26,42.00,118.00,4956.00,0.00,4956.00,'1'),(902,96,246,3,NULL,1,208.33,8.00,225.00,1800.00,0.00,1800.00,'1'),(903,96,259,212,NULL,1,29.63,12.00,32.00,384.00,0.00,384.00,'1'),(904,96,262,214,NULL,1,29.63,6.00,32.00,192.00,0.00,192.00,'1'),(905,96,256,210,NULL,1,29.63,0.00,32.00,0.00,0.00,0.00,'1'),(906,96,257,211,NULL,1,23.15,0.00,25.00,0.00,0.00,0.00,'1'),(907,96,449,39,NULL,1,26.85,0.00,29.00,0.00,0.00,0.00,'1'),(908,96,263,9,NULL,1,20.37,0.00,22.00,0.00,0.00,0.00,'1'),(909,96,487,215,NULL,1,22.22,0.00,24.00,0.00,0.00,0.00,'1'),(910,96,244,203,NULL,1,58.33,17.00,63.00,1071.00,0.00,1071.00,'1'),(911,96,251,208,NULL,2,23.15,40.00,25.00,1000.00,0.00,1000.00,'1'),(912,97,189,241,NULL,2,292.95,1.00,315.00,315.00,0.00,315.00,'1'),(913,98,207,144,NULL,4,42.00,72.00,44.00,3168.00,0.00,3168.00,'1'),(914,98,213,230,NULL,1,35.00,47.00,36.40,1710.80,0.00,1710.80,'1'),(915,98,230,233,NULL,9,2550.00,3.00,2650.00,7950.00,0.00,7950.00,'1'),(916,98,229,234,NULL,9,1300.00,1.00,1380.00,1380.00,0.00,1380.00,'1'),(917,98,217,231,NULL,10,370.00,1.00,380.00,380.00,0.00,380.00,'1'),(918,98,239,235,NULL,4,423.00,3.50,440.00,1540.00,0.00,1540.00,'1'),(919,98,486,200,NULL,10,850.00,3.00,910.00,2730.00,0.00,2730.00,'1'),(920,98,440,281,NULL,4,270.00,0.00,290.00,0.00,0.00,0.00,'1'),(921,99,2,156,NULL,2,51.82,12.00,55.00,660.00,0.00,660.00,'1'),(922,99,3,157,NULL,1,45.20,6.00,48.00,288.00,0.00,288.00,'1'),(923,99,5,238,NULL,1,7.55,0.00,8.00,0.00,0.00,0.00,'1'),(924,99,7,152,NULL,1,3.77,96.00,4.00,384.00,0.00,384.00,'1'),(925,99,8,239,NULL,1,3.76,0.00,4.00,0.00,0.00,0.00,'1'),(926,99,9,240,NULL,1,3.76,0.00,4.00,0.00,0.00,0.00,'1'),(927,99,19,158,NULL,2,136.00,5.00,140.00,700.00,0.00,700.00,'1'),(928,100,328,120,NULL,7,269.40,3.00,290.00,870.00,0.00,870.00,'1'),(929,100,320,275,NULL,2,160.56,3.00,170.00,510.00,0.00,510.00,'1'),(930,100,325,126,NULL,2,42.00,19.00,45.00,855.00,0.00,855.00,'1'),(931,100,332,124,NULL,2,30.00,52.00,32.00,1664.00,0.00,1664.00,'1'),(932,100,401,109,NULL,1,375.00,1.00,400.00,400.00,0.00,400.00,'1'),(933,100,400,108,NULL,1,485.00,1.00,520.00,520.00,0.00,520.00,'1'),(934,100,394,112,NULL,1,370.00,3.00,390.00,1170.00,0.00,1170.00,'1'),(935,100,377,103,NULL,1,24.30,48.00,26.00,1248.00,0.00,1248.00,'1'),(936,100,375,104,NULL,1,24.30,0.00,26.00,0.00,0.00,0.00,'1'),(937,100,372,99,NULL,1,23.33,6.00,25.00,150.00,0.00,150.00,'1'),(938,100,369,96,NULL,1,23.33,24.00,25.00,600.00,0.00,600.00,'1'),(939,100,370,97,NULL,1,23.33,24.00,25.00,600.00,0.00,600.00,'1'),(940,100,358,102,NULL,1,35.60,0.00,40.00,0.00,0.00,0.00,'1'),(941,100,359,100,NULL,1,35.60,3.00,40.00,120.00,0.00,120.00,'1'),(942,100,409,226,NULL,7,42.72,8.00,45.24,361.92,0.00,361.92,'1'),(943,100,409,265,NULL,7,42.72,4.00,45.24,180.96,0.00,180.96,'1'),(944,100,415,91,NULL,1,4.16,144.00,4.33,623.52,0.00,623.52,'1'),(945,100,425,30,NULL,2,82.40,1.00,90.00,90.00,0.00,90.00,'1'),(946,100,423,32,NULL,2,56.40,0.00,60.00,0.00,0.00,0.00,'1'),(947,100,435,94,NULL,8,127.20,1.00,135.00,135.00,0.00,135.00,'1'),(948,100,428,114,NULL,8,111.60,1.00,120.00,120.00,0.00,120.00,'1'),(949,100,427,118,NULL,8,105.00,1.00,120.00,120.00,0.00,120.00,'1'),(950,100,300,266,NULL,1,80.00,18.00,85.00,1530.00,0.00,1530.00,'1'),(951,100,301,267,NULL,1,80.00,30.00,85.00,2550.00,0.00,2550.00,'1'),(952,100,302,268,NULL,1,80.00,6.00,85.00,510.00,0.00,510.00,'1'),(953,100,303,269,NULL,1,80.00,6.00,85.00,510.00,0.00,510.00,'1'),(954,100,305,140,NULL,1,580.00,1.00,620.00,620.00,0.00,620.00,'1'),(955,100,308,143,NULL,1,580.00,1.00,620.00,620.00,0.00,620.00,'1'),(956,101,247,2,NULL,1,490.74,2.00,530.00,1060.00,0.00,1060.00,'1'),(957,101,246,3,NULL,1,208.33,2.00,225.00,450.00,0.00,450.00,'1'),(958,101,245,204,NULL,1,109.26,9.00,118.00,1062.00,0.00,1062.00,'1'),(959,101,244,203,NULL,1,58.33,18.00,63.00,1134.00,0.00,1134.00,'1'),(960,102,189,241,NULL,2,292.95,5.00,315.00,1575.00,0.00,1575.00,'1'),(961,102,187,28,NULL,2,148.80,2.00,160.00,320.00,0.00,320.00,'1'),(962,102,191,15,NULL,1,59.80,3.00,65.00,195.00,0.00,195.00,'1'),(963,103,64,224,NULL,7,3.80,288.00,4.00,1152.00,0.00,1152.00,'1'),(964,103,74,46,NULL,7,3.70,456.00,3.96,1805.76,0.00,1805.76,'1'),(965,103,73,48,NULL,2,33.50,6.00,35.00,210.00,0.00,210.00,'1'),(966,103,85,59,NULL,7,3.70,144.00,3.96,570.24,0.00,570.24,'1'),(967,103,90,56,NULL,7,3.70,72.00,3.96,285.12,0.00,285.12,'1'),(968,103,96,57,NULL,7,3.70,144.00,3.96,570.24,0.00,570.24,'1'),(969,103,98,222,NULL,1,3.80,480.00,4.00,1920.00,0.00,1920.00,'1'),(970,103,174,58,NULL,1,7.45,96.00,7.92,760.32,0.00,760.32,'1'),(971,103,75,49,NULL,7,3.70,0.00,3.96,0.00,0.00,0.00,'1'),(972,103,76,50,NULL,7,7.45,120.00,7.92,950.40,0.00,950.40,'1'),(973,103,77,51,NULL,1,34.00,6.00,40.00,240.00,0.00,240.00,'1'),(974,103,88,259,NULL,7,3.70,96.00,3.96,380.16,0.00,380.16,'1'),(975,103,80,53,NULL,7,7.45,72.00,7.92,570.24,0.00,570.24,'1'),(976,103,79,218,NULL,7,7.45,24.00,7.92,190.08,0.00,190.08,'1'),(977,103,40,250,NULL,4,306.00,9.00,320.00,2880.00,0.00,2880.00,'1'),(978,103,176,69,NULL,2,34.00,3.00,38.00,114.00,0.00,114.00,'1'),(979,103,180,251,NULL,2,90.00,3.00,95.00,285.00,0.00,285.00,'1'),(980,103,163,71,NULL,4,132.00,3.00,140.00,420.00,0.00,420.00,'1'),(981,103,118,80,NULL,7,93.36,2.00,100.00,200.00,0.00,200.00,'1'),(982,103,131,223,NULL,7,93.60,2.00,100.00,200.00,0.00,200.00,'1'),(983,103,136,161,NULL,12,141.00,2.00,150.00,300.00,0.00,300.00,'1'),(984,103,101,252,NULL,11,140.00,2.00,150.00,300.00,0.00,300.00,'1'),(985,103,20,83,NULL,13,192.00,1.00,220.00,220.00,0.00,220.00,'1'),(986,103,21,257,NULL,13,168.00,1.00,185.00,185.00,0.00,185.00,'1'),(987,103,22,258,NULL,13,120.00,1.00,132.00,132.00,0.00,132.00,'1'),(988,103,120,255,NULL,7,93.36,19.00,100.00,1900.00,0.00,1900.00,'1'),(989,104,351,216,NULL,3,300.00,0.50,340.00,170.00,0.00,170.00,'1'),(990,104,488,261,NULL,11,110.00,1.00,120.00,120.00,0.00,120.00,'1'),(991,104,332,124,NULL,2,30.00,6.00,32.00,192.00,0.00,192.00,'1'),(992,104,207,144,NULL,4,42.00,0.00,44.00,0.00,0.00,0.00,'1'),(993,105,136,161,NULL,12,141.00,3.00,150.00,450.00,0.00,450.00,'1'),(994,106,300,266,NULL,1,80.00,24.00,85.00,2040.00,0.00,2040.00,'1'),(995,106,301,267,NULL,1,80.00,24.00,85.00,2040.00,0.00,2040.00,'1'),(996,106,302,268,NULL,1,80.00,12.00,85.00,1020.00,0.00,1020.00,'1'),(997,106,347,134,NULL,2,173.00,1.00,190.00,190.00,0.00,190.00,'1'),(998,106,347,271,NULL,2,173.00,1.00,190.00,190.00,0.00,190.00,'1'),(999,107,443,201,NULL,4,160.00,5.00,170.00,850.00,0.00,850.00,'1'),(1000,108,328,120,NULL,7,269.40,1.00,290.00,290.00,0.00,290.00,'1'),(1001,108,326,121,NULL,7,192.00,0.00,205.00,0.00,0.00,0.00,'1'),(1002,108,325,126,NULL,2,42.00,12.00,45.00,540.00,0.00,540.00,'1'),(1003,108,314,127,NULL,2,47.50,6.00,50.00,300.00,0.00,300.00,'1'),(1004,108,332,124,NULL,2,30.00,18.00,32.00,576.00,0.00,576.00,'1'),(1005,108,360,101,NULL,1,35.60,24.00,40.00,960.00,0.00,960.00,'1'),(1006,108,377,103,NULL,1,24.30,12.00,26.00,312.00,0.00,312.00,'1'),(1007,108,375,104,NULL,1,24.30,12.00,26.00,312.00,0.00,312.00,'1'),(1008,108,409,265,NULL,7,42.72,4.00,45.24,180.96,0.00,180.96,'1'),(1009,108,435,94,NULL,8,127.20,1.00,135.00,135.00,0.00,135.00,'1'),(1010,108,419,90,NULL,1,6.24,0.00,6.50,0.00,0.00,0.00,'1'),(1011,108,425,30,NULL,2,82.40,2.00,90.00,180.00,0.00,180.00,'1'),(1012,108,424,31,NULL,2,68.66,1.00,80.00,80.00,0.00,80.00,'1'),(1013,108,300,266,NULL,1,80.00,6.00,85.00,510.00,0.00,510.00,'1'),(1014,108,301,267,NULL,1,80.00,11.00,85.00,935.00,0.00,935.00,'1'),(1015,108,302,268,NULL,1,80.00,5.00,85.00,425.00,0.00,425.00,'1'),(1016,108,303,269,NULL,1,80.00,11.00,85.00,935.00,0.00,935.00,'1'),(1017,108,304,270,NULL,1,80.00,8.00,85.00,680.00,0.00,680.00,'1'),(1018,109,213,230,NULL,1,35.00,37.00,36.40,1346.80,0.00,1346.80,'1'),(1019,109,239,235,NULL,4,423.00,7.00,440.00,3080.00,0.00,3080.00,'1'),(1020,109,230,233,NULL,9,2550.00,1.00,2650.00,2650.00,0.00,2650.00,'1'),(1021,109,229,234,NULL,9,1300.00,1.00,1380.00,1380.00,0.00,1380.00,'1'),(1022,110,485,199,NULL,10,910.00,2.00,950.00,1900.00,0.00,1900.00,'1'),(1023,110,486,200,NULL,10,850.00,1.00,910.00,910.00,0.00,910.00,'1'),(1024,111,2,156,NULL,2,51.82,12.00,55.00,660.00,0.00,660.00,'1'),(1025,111,3,157,NULL,1,45.20,26.00,48.00,1248.00,0.00,1248.00,'1'),(1026,111,5,238,NULL,1,7.55,48.00,8.00,384.00,0.00,384.00,'1'),(1027,111,7,152,NULL,1,3.77,96.00,4.00,384.00,0.00,384.00,'1'),(1028,111,9,240,NULL,1,3.76,120.00,4.00,480.00,0.00,480.00,'1'),(1029,112,189,241,NULL,2,292.95,10.00,315.00,3150.00,0.00,3150.00,'1'),(1030,112,187,28,NULL,2,148.80,20.00,160.00,3200.00,0.00,3200.00,'1'),(1031,112,184,25,NULL,2,18.60,24.00,20.00,480.00,0.00,480.00,'1'),(1032,112,201,248,NULL,1,92.00,2.00,100.00,200.00,0.00,200.00,'1'),(1033,112,204,21,NULL,1,6.51,3.00,7.00,21.00,0.00,21.00,'1'),(1034,112,197,20,NULL,1,64.40,5.00,70.00,350.00,0.00,350.00,'1'),(1035,112,191,15,NULL,1,59.80,2.00,65.00,130.00,0.00,130.00,'1'),(1036,113,74,46,NULL,7,3.70,48.00,3.96,190.08,0.00,190.08,'1'),(1037,113,72,286,NULL,7,7.45,72.00,7.92,570.24,0.00,570.24,'1'),(1038,113,85,59,NULL,7,3.70,96.00,3.96,380.16,0.00,380.16,'1'),(1039,113,174,58,NULL,1,7.45,24.00,7.92,190.08,0.00,190.08,'1'),(1040,113,90,56,NULL,7,3.70,144.00,3.96,570.24,0.00,570.24,'1'),(1041,113,98,222,NULL,1,3.80,216.00,4.00,864.00,0.00,864.00,'1'),(1042,113,75,49,NULL,7,3.70,96.00,3.96,380.16,0.00,380.16,'1'),(1043,113,80,53,NULL,7,7.45,72.00,7.92,570.24,0.00,570.24,'1'),(1044,113,79,218,NULL,7,7.45,60.00,7.92,475.20,0.00,475.20,'1'),(1045,113,120,78,NULL,7,93.36,2.00,100.00,200.00,0.00,200.00,'1'),(1046,113,126,285,NULL,7,180.00,1.00,190.00,190.00,0.00,190.00,'1'),(1047,113,170,66,NULL,8,80.00,10.00,85.00,850.00,0.00,850.00,'1'),(1048,113,41,159,NULL,4,306.00,8.00,320.00,2560.00,0.00,2560.00,'1'),(1049,113,31,72,NULL,4,270.00,0.50,280.00,140.00,0.00,140.00,'1'),(1050,113,171,220,NULL,11,150.00,0.00,160.00,0.00,0.00,0.00,'1'),(1051,113,155,88,NULL,2,35.00,6.00,40.00,240.00,0.00,240.00,'1'),(1052,113,180,251,NULL,2,90.00,6.00,95.00,570.00,0.00,570.00,'1'),(1053,113,163,71,NULL,4,132.00,5.00,140.00,700.00,0.00,700.00,'1'),(1054,113,44,76,NULL,1,65.00,3.00,70.00,210.00,0.00,210.00,'1'),(1055,113,21,257,NULL,13,168.00,1.00,185.00,185.00,0.00,185.00,'1'),(1056,114,469,180,NULL,12,38.00,1.00,45.00,45.00,0.00,45.00,'1'),(1057,114,470,181,NULL,12,38.00,1.00,45.00,45.00,0.00,45.00,'1'),(1058,114,489,262,NULL,2,14.00,0.00,16.00,0.00,0.00,0.00,'1'),(1059,115,259,212,NULL,1,29.63,3.00,32.00,96.00,0.00,96.00,'1'),(1060,115,262,214,NULL,1,29.63,3.00,32.00,96.00,0.00,96.00,'1'),(1061,115,260,10,NULL,1,69.44,3.00,75.00,225.00,0.00,225.00,'1'),(1062,115,257,211,NULL,1,23.15,3.00,25.00,75.00,0.00,75.00,'1'),(1063,115,256,8,NULL,1,23.15,3.00,32.00,96.00,0.00,96.00,'1'),(1064,115,487,215,NULL,1,22.22,3.00,24.00,72.00,0.00,72.00,'1'),(1065,115,449,39,NULL,1,26.85,0.00,29.00,0.00,0.00,0.00,'1'),(1066,115,263,9,NULL,1,20.37,3.00,22.00,66.00,0.00,66.00,'1'),(1067,116,246,205,NULL,1,208.33,1.00,225.00,225.00,0.00,225.00,'1'),(1068,117,213,230,NULL,1,35.00,56.00,36.40,2038.40,0.00,2038.40,'1'),(1069,117,229,234,NULL,9,1300.00,0.00,1380.00,0.00,0.00,0.00,'1'),(1070,117,239,235,NULL,4,423.00,3.00,440.00,1320.00,0.00,1320.00,'1'),(1071,117,440,284,NULL,4,270.00,1.00,290.00,290.00,0.00,290.00,'1'),(1072,117,217,231,NULL,10,370.00,1.00,380.00,380.00,0.00,380.00,'1'),(1073,117,485,199,NULL,10,910.00,1.00,950.00,950.00,0.00,950.00,'1'),(1074,117,486,200,NULL,10,850.00,1.00,910.00,910.00,0.00,910.00,'1'),(1075,118,2,156,NULL,2,51.82,20.00,55.00,1100.00,0.00,1100.00,'1'),(1076,118,4,149,NULL,1,7.55,48.00,8.00,384.00,0.00,384.00,'1'),(1077,118,5,238,NULL,1,7.55,96.00,8.00,768.00,0.00,768.00,'1'),(1078,118,7,152,NULL,1,3.77,0.00,4.00,0.00,0.00,0.00,'1'),(1079,118,8,239,NULL,1,3.76,96.00,4.00,384.00,0.00,384.00,'1'),(1080,118,9,240,NULL,1,3.76,144.00,4.00,576.00,0.00,576.00,'1'),(1081,118,11,154,NULL,2,33.00,0.00,35.00,0.00,0.00,0.00,'1'),(1082,118,3,237,NULL,1,45.20,0.00,48.00,0.00,0.00,0.00,'1'),(1083,119,328,120,NULL,7,269.40,8.00,290.00,2320.00,0.00,2320.00,'1'),(1084,119,326,121,NULL,7,192.00,2.00,205.00,410.00,0.00,410.00,'1'),(1085,119,327,122,NULL,7,180.00,1.00,190.00,190.00,0.00,190.00,'1'),(1086,119,320,275,NULL,2,160.56,1.00,170.00,170.00,0.00,170.00,'1'),(1087,119,325,126,NULL,2,42.00,9.00,45.00,405.00,0.00,405.00,'1'),(1088,119,314,127,NULL,2,47.50,7.00,50.00,350.00,0.00,350.00,'1'),(1089,119,332,124,NULL,2,30.00,15.00,32.00,480.00,0.00,480.00,'1'),(1090,119,360,101,NULL,1,35.60,17.00,40.00,680.00,0.00,680.00,'1'),(1091,119,370,97,NULL,1,23.33,12.00,25.00,300.00,0.00,300.00,'1'),(1092,119,377,103,NULL,1,24.30,12.00,26.00,312.00,0.00,312.00,'1'),(1093,119,375,104,NULL,1,24.30,12.00,26.00,312.00,0.00,312.00,'1'),(1094,119,420,33,NULL,1,6.20,36.00,6.66,239.76,0.00,239.76,'1'),(1095,119,419,90,NULL,1,6.24,12.00,6.50,78.00,0.00,78.00,'1'),(1096,119,425,30,NULL,2,82.40,1.00,90.00,90.00,0.00,90.00,'1'),(1097,119,423,32,NULL,2,56.40,1.00,60.00,60.00,0.00,60.00,'1'),(1098,119,300,266,NULL,1,80.00,26.00,85.00,2210.00,0.00,2210.00,'1'),(1099,119,301,267,NULL,1,80.00,46.00,85.00,3910.00,0.00,3910.00,'1'),(1100,119,302,268,NULL,1,80.00,40.00,85.00,3400.00,0.00,3400.00,'1'),(1101,119,303,269,NULL,1,80.00,6.00,85.00,510.00,0.00,510.00,'1'),(1102,119,304,270,NULL,1,80.00,5.00,85.00,425.00,0.00,425.00,'1'),(1103,119,64,43,NULL,7,3.80,48.00,4.00,192.00,0.00,192.00,'1'),(1104,119,98,222,NULL,1,3.80,72.00,4.00,288.00,0.00,288.00,'1'),(1105,119,80,53,NULL,7,7.45,24.00,7.92,190.08,0.00,190.08,'1'),(1106,119,96,57,NULL,7,3.70,48.00,3.96,190.08,0.00,190.08,'1'),(1107,120,189,241,NULL,2,292.95,2.00,315.00,630.00,0.00,630.00,'1'),(1108,120,187,28,NULL,2,148.80,5.00,160.00,800.00,0.00,800.00,'1'),(1109,120,184,25,NULL,2,18.60,18.00,20.00,360.00,0.00,360.00,'1'),(1110,120,191,15,NULL,1,59.80,45.00,65.00,2925.00,0.00,2925.00,'1'),(1111,120,196,19,NULL,1,38.64,3.00,42.00,126.00,0.00,126.00,'1'),(1112,120,205,22,NULL,1,22.32,0.00,25.00,0.00,0.00,0.00,'1'),(1113,120,204,21,NULL,1,6.51,24.00,7.00,168.00,0.00,168.00,'1'),(1114,120,194,24,NULL,1,20.24,0.00,22.00,0.00,0.00,0.00,'1'),(1115,121,64,287,NULL,7,3.80,336.00,4.00,1344.00,0.00,1344.00,'1'),(1116,121,74,46,NULL,7,3.70,0.00,3.96,0.00,0.00,0.00,'1'),(1117,121,72,289,NULL,7,7.45,0.00,7.92,0.00,0.00,0.00,'1'),(1118,121,85,59,NULL,7,3.70,0.00,3.96,0.00,0.00,0.00,'1'),(1119,121,90,56,NULL,7,3.70,144.00,3.96,570.24,0.00,570.24,'1'),(1120,121,96,57,NULL,7,3.70,48.00,3.96,190.08,0.00,190.08,'1'),(1121,121,75,49,NULL,7,3.70,0.00,3.96,0.00,0.00,0.00,'1'),(1122,121,76,50,NULL,7,7.45,0.00,7.92,0.00,0.00,0.00,'1'),(1123,121,88,259,NULL,7,3.70,48.00,3.96,190.08,0.00,190.08,'1'),(1124,121,80,292,NULL,7,7.45,24.00,7.92,190.08,0.00,190.08,'1'),(1125,121,40,250,NULL,4,306.00,5.00,320.00,1600.00,0.00,1600.00,'1'),(1126,121,37,301,NULL,4,360.00,0.50,380.00,190.00,0.00,190.00,'1'),(1127,121,171,220,NULL,11,150.00,2.00,160.00,320.00,0.00,320.00,'1'),(1128,121,98,222,NULL,1,3.80,72.00,4.00,288.00,0.00,288.00,'1'),(1129,121,120,78,NULL,7,93.36,2.00,100.00,200.00,0.00,200.00,'1'),(1130,121,126,285,NULL,7,180.00,1.00,190.00,190.00,0.00,190.00,'1'),(1131,121,131,223,NULL,7,93.60,1.00,100.00,100.00,0.00,100.00,'1'),(1132,121,122,294,NULL,7,93.36,0.00,100.00,0.00,0.00,0.00,'1'),(1133,121,136,296,NULL,12,141.00,5.00,150.00,750.00,0.00,750.00,'1'),(1134,121,78,219,NULL,7,3.70,48.00,3.96,190.08,0.00,190.08,'1'),(1135,121,351,216,NULL,3,300.00,0.50,340.00,170.00,0.00,170.00,'1'),(1136,121,79,218,NULL,7,7.45,48.00,7.92,380.16,0.00,380.16,'1'),(1137,121,89,298,NULL,7,3.70,48.00,3.96,190.08,0.00,190.08,'1'),(1138,122,472,187,NULL,1,42.70,12.00,45.00,540.00,0.00,540.00,'1'),(1139,122,483,197,NULL,7,43.20,4.00,48.00,192.00,0.00,192.00,'1'),(1140,122,489,262,NULL,2,14.00,24.00,16.00,384.00,0.00,384.00,'1'),(1141,122,443,184,NULL,4,160.00,2.00,170.00,340.00,0.00,340.00,'1'),(1142,123,207,144,NULL,4,42.00,5.00,44.00,220.00,0.00,220.00,'1'),(1143,123,438,282,NULL,4,400.00,2.00,440.00,880.00,0.00,880.00,'1'),(1144,123,438,202,NULL,4,400.00,2.00,440.00,880.00,0.00,880.00,'1'),(1145,123,239,235,NULL,4,423.00,1.00,440.00,440.00,0.00,440.00,'1'),(1146,123,229,234,NULL,9,1300.00,1.00,1380.00,1380.00,0.00,1380.00,'1'),(1147,123,230,233,NULL,9,2550.00,2.00,2650.00,5300.00,0.00,5300.00,'1'),(1148,123,217,231,NULL,10,370.00,2.00,380.00,760.00,0.00,760.00,'1'),(1149,123,213,230,NULL,1,35.00,25.00,36.40,910.00,0.00,910.00,'1'),(1150,123,440,185,NULL,4,270.00,10.00,290.00,2900.00,0.00,2900.00,'1'),(1151,124,2,156,NULL,2,51.82,3.00,55.00,165.00,0.00,165.00,'1'),(1152,124,3,237,NULL,1,45.20,26.00,48.00,1248.00,0.00,1248.00,'1'),(1153,124,4,149,NULL,1,7.55,48.00,8.00,384.00,0.00,384.00,'1'),(1154,124,5,238,NULL,1,7.55,60.00,8.00,480.00,0.00,480.00,'1'),(1155,124,7,152,NULL,1,3.77,48.00,4.00,192.00,0.00,192.00,'1'),(1156,124,8,239,NULL,1,3.76,96.00,4.00,384.00,0.00,384.00,'1'),(1157,124,9,240,NULL,1,3.76,1.00,4.00,4.00,0.00,4.00,'1'),(1158,125,189,241,NULL,2,292.95,5.00,315.00,1575.00,0.00,1575.00,'1'),(1159,125,187,28,NULL,2,148.80,6.00,160.00,960.00,0.00,960.00,'1'),(1160,125,186,27,NULL,2,58.59,6.00,66.00,396.00,0.00,396.00,'1'),(1161,125,185,26,NULL,2,48.36,2.00,52.00,104.00,0.00,104.00,'1'),(1162,125,184,25,NULL,2,18.60,12.00,20.00,240.00,0.00,240.00,'1'),(1163,125,191,15,NULL,1,59.80,6.00,65.00,390.00,0.00,390.00,'1'),(1164,125,192,244,NULL,1,82.80,6.00,90.00,540.00,0.00,540.00,'1'),(1165,125,201,248,NULL,1,92.00,3.00,100.00,300.00,0.00,300.00,'1'),(1166,125,194,24,NULL,1,20.24,9.00,22.00,198.00,0.00,198.00,'1'),(1167,125,193,245,NULL,5,15.64,15.00,18.00,270.00,0.00,270.00,'1'),(1168,125,204,21,NULL,1,6.51,0.00,7.00,0.00,0.00,0.00,'1'),(1169,126,328,120,NULL,7,269.40,10.00,290.00,2900.00,0.00,2900.00,'1'),(1170,126,326,121,NULL,7,192.00,7.00,205.00,1435.00,0.00,1435.00,'1'),(1171,126,327,122,NULL,7,180.00,1.00,190.00,190.00,0.00,190.00,'1'),(1172,126,314,127,NULL,2,47.50,24.00,50.00,1200.00,0.00,1200.00,'1'),(1173,126,325,126,NULL,2,42.00,47.00,45.00,2115.00,0.00,2115.00,'1'),(1174,126,332,124,NULL,2,30.00,39.00,32.00,1248.00,0.00,1248.00,'1'),(1175,126,394,279,NULL,1,370.00,5.00,390.00,1950.00,0.00,1950.00,'1'),(1176,126,375,104,NULL,1,24.30,12.00,26.00,312.00,0.00,312.00,'1'),(1177,126,377,103,NULL,1,24.30,30.00,26.00,780.00,0.00,780.00,'1'),(1178,126,376,105,NULL,1,24.30,12.00,26.00,312.00,0.00,312.00,'1'),(1179,126,400,108,NULL,1,485.00,1.00,520.00,520.00,0.00,520.00,'1'),(1180,126,401,109,NULL,1,375.00,1.00,400.00,400.00,0.00,400.00,'1'),(1181,126,425,30,NULL,2,82.40,3.00,90.00,270.00,0.00,270.00,'1'),(1182,126,424,31,NULL,2,68.66,2.00,80.00,160.00,0.00,160.00,'1'),(1183,126,423,32,NULL,2,56.40,2.00,60.00,120.00,0.00,120.00,'1'),(1184,126,428,114,NULL,8,111.60,1.00,120.00,120.00,0.00,120.00,'1'),(1185,126,347,271,NULL,2,173.00,2.00,190.00,380.00,0.00,380.00,'1'),(1186,126,300,266,NULL,1,80.00,37.00,85.00,3145.00,0.00,3145.00,'1'),(1187,126,301,267,NULL,1,80.00,38.00,85.00,3230.00,0.00,3230.00,'1'),(1188,126,302,268,NULL,1,80.00,40.00,85.00,3400.00,0.00,3400.00,'1'),(1189,126,303,269,NULL,1,80.00,12.00,85.00,1020.00,0.00,1020.00,'1'),(1190,126,304,270,NULL,1,80.00,8.00,85.00,680.00,0.00,680.00,'1'),(1191,127,244,203,NULL,1,58.33,12.00,63.00,756.00,0.00,756.00,'1'),(1192,127,245,204,NULL,1,109.26,21.00,118.00,2478.00,0.00,2478.00,'1'),(1193,127,247,2,NULL,1,490.74,1.00,530.00,530.00,0.00,530.00,'1'),(1194,127,260,10,NULL,1,69.44,6.00,75.00,450.00,0.00,450.00,'1'),(1195,127,251,208,NULL,2,23.15,38.00,25.00,950.00,0.00,950.00,'1'),(1196,127,252,175,NULL,2,41.67,2.00,45.00,90.00,0.00,90.00,'1'),(1197,128,64,287,NULL,7,3.80,336.00,4.00,1344.00,0.00,1344.00,'1'),(1198,128,74,46,NULL,7,3.70,96.00,3.96,380.16,0.00,380.16,'1'),(1199,128,72,286,NULL,7,7.45,48.00,7.92,380.16,0.00,380.16,'1'),(1200,128,73,290,NULL,2,33.50,3.00,35.00,105.00,0.00,105.00,'1'),(1201,128,85,59,NULL,7,3.70,48.00,3.96,190.08,0.00,190.08,'1'),(1202,128,90,56,NULL,7,3.70,48.00,3.96,190.08,0.00,190.08,'1'),(1203,128,75,49,NULL,7,3.70,48.00,3.96,190.08,0.00,190.08,'1'),(1204,128,76,50,NULL,7,7.45,48.00,7.92,380.16,0.00,380.16,'1'),(1205,128,79,218,NULL,7,7.45,48.00,7.92,380.16,0.00,380.16,'1'),(1206,128,80,53,NULL,7,7.45,24.00,7.92,190.08,0.00,190.08,'1'),(1207,128,148,86,NULL,2,32.00,12.00,35.00,420.00,0.00,420.00,'1'),(1208,128,99,62,NULL,11,140.00,1.00,150.00,150.00,0.00,150.00,'1'),(1209,128,98,222,NULL,1,3.80,108.00,4.00,432.00,0.00,432.00,'1'),(1210,128,116,64,NULL,11,146.00,1.00,155.00,155.00,0.00,155.00,'1'),(1211,128,120,78,NULL,7,93.36,1.00,100.00,100.00,0.00,100.00,'1'),(1212,128,126,256,NULL,7,180.00,1.00,190.00,190.00,0.00,190.00,'1'),(1213,128,122,294,NULL,7,93.36,2.00,100.00,200.00,0.00,200.00,'1'),(1214,128,126,285,NULL,7,180.00,1.00,190.00,190.00,0.00,190.00,'1'),(1215,128,136,161,NULL,12,141.00,2.00,150.00,300.00,0.00,300.00,'1'),(1216,128,170,66,NULL,8,80.00,2.00,85.00,170.00,0.00,170.00,'1'),(1217,128,20,83,NULL,13,192.00,4.00,220.00,880.00,0.00,880.00,'1'),(1218,128,21,257,NULL,13,168.00,3.00,185.00,555.00,0.00,555.00,'1'),(1219,128,22,258,NULL,13,120.00,0.00,132.00,0.00,0.00,0.00,'1'),(1220,128,40,250,NULL,4,306.00,3.00,320.00,960.00,0.00,960.00,'1'),(1221,128,171,220,NULL,11,150.00,3.00,160.00,480.00,0.00,480.00,'1'),(1222,128,180,251,NULL,2,90.00,6.00,95.00,570.00,0.00,570.00,'1'),(1223,128,328,120,NULL,7,269.40,1.00,290.00,290.00,0.00,290.00,'1'),(1224,128,440,185,NULL,4,270.00,1.00,290.00,290.00,0.00,290.00,'1'),(1225,128,351,216,NULL,3,300.00,1.00,340.00,340.00,0.00,340.00,'1'),(1226,129,344,132,NULL,2,120.00,9.00,125.00,1125.00,0.00,1125.00,'1'),(1227,129,300,135,NULL,1,80.00,62.00,85.00,5270.00,0.00,5270.00,'1'),(1228,129,300,266,NULL,1,80.00,12.00,85.00,1020.00,0.00,1020.00,'1'),(1229,129,301,136,NULL,1,80.00,92.00,85.00,7820.00,0.00,7820.00,'1'),(1230,129,301,267,NULL,1,80.00,12.00,85.00,1020.00,0.00,1020.00,'1'),(1231,129,302,137,NULL,1,80.00,8.00,85.00,680.00,0.00,680.00,'1'),(1232,129,303,138,NULL,1,80.00,17.00,85.00,1445.00,0.00,1445.00,'1'),(1233,129,303,269,NULL,1,80.00,4.00,85.00,340.00,0.00,340.00,'1'),(1234,129,306,141,NULL,1,580.00,5.00,620.00,3100.00,0.00,3100.00,'1'),(1235,129,307,142,NULL,1,580.00,1.00,620.00,620.00,0.00,620.00,'1'),(1236,129,314,127,NULL,2,47.50,17.00,50.00,850.00,0.00,850.00,'1'),(1237,129,320,275,NULL,2,160.56,31.00,170.00,5270.00,0.00,5270.00,'1'),(1238,129,325,126,NULL,2,42.00,123.00,45.00,5535.00,0.00,5535.00,'1'),(1239,129,323,128,NULL,2,48.40,6.00,50.00,300.00,0.00,300.00,'1'),(1240,129,326,121,NULL,7,192.00,20.00,205.00,4100.00,0.00,4100.00,'1'),(1241,129,327,122,NULL,7,180.00,9.00,190.00,1710.00,0.00,1710.00,'1'),(1242,129,332,273,NULL,2,30.00,266.00,32.00,8512.00,0.00,8512.00,'1'),(1243,129,339,131,NULL,2,39.85,18.00,42.00,756.00,0.00,756.00,'1'),(1244,129,425,30,NULL,2,82.40,5.00,90.00,450.00,0.00,450.00,'1'),(1245,129,424,31,NULL,2,68.66,4.00,80.00,320.00,0.00,320.00,'1'),(1246,129,423,32,NULL,2,56.40,1.00,60.00,60.00,0.00,60.00,'1'),(1247,129,415,91,NULL,1,4.16,42.00,4.33,181.86,0.00,181.86,'1'),(1248,129,435,94,NULL,8,127.20,2.00,135.00,270.00,0.00,270.00,'1'),(1249,129,369,96,NULL,1,23.33,15.00,25.00,375.00,0.00,375.00,'1'),(1250,129,372,99,NULL,1,23.33,11.00,25.00,275.00,0.00,275.00,'1'),(1251,129,360,101,NULL,1,35.60,43.00,40.00,1720.00,0.00,1720.00,'1'),(1252,129,377,103,NULL,1,24.30,140.00,26.00,3640.00,0.00,3640.00,'1'),(1253,129,358,102,NULL,1,35.60,12.00,40.00,480.00,0.00,480.00,'1'),(1254,129,363,106,NULL,1,48.00,1.00,52.00,52.00,0.00,52.00,'1'),(1255,129,367,107,NULL,1,60.00,14.00,65.00,910.00,0.00,910.00,'1'),(1256,129,400,108,NULL,1,485.00,5.00,520.00,2600.00,0.00,2600.00,'1'),(1257,129,401,109,NULL,1,375.00,5.00,400.00,2000.00,0.00,2000.00,'1'),(1258,129,391,110,NULL,1,305.00,7.00,325.00,2275.00,0.00,2275.00,'1'),(1259,129,394,112,NULL,1,370.00,2.00,390.00,780.00,0.00,780.00,'1'),(1260,129,428,114,NULL,8,111.60,3.00,120.00,360.00,0.00,360.00,'1'),(1261,129,431,116,NULL,8,83.70,1.00,90.00,90.00,0.00,90.00,'1'),(1262,129,426,117,NULL,8,146.88,1.00,155.00,155.00,0.00,155.00,'1'),(1263,129,427,118,NULL,8,105.00,1.00,120.00,120.00,0.00,120.00,'1'),(1264,129,434,119,NULL,8,175.00,1.00,190.00,190.00,0.00,190.00,'1'),(1265,130,189,241,NULL,2,292.95,3.00,315.00,945.00,0.00,945.00,'1'),(1266,130,187,28,NULL,2,148.80,4.00,160.00,640.00,0.00,640.00,'1'),(1267,130,184,25,NULL,2,18.60,12.00,20.00,240.00,0.00,240.00,'1'),(1268,130,192,244,NULL,1,82.80,12.00,90.00,1080.00,0.00,1080.00,'1'),(1269,130,191,15,NULL,1,59.80,8.00,65.00,520.00,0.00,520.00,'1'),(1270,130,196,19,NULL,1,38.64,3.00,42.00,126.00,0.00,126.00,'1'),(1271,130,196,247,NULL,1,31.28,9.00,34.00,306.00,0.00,306.00,'1'),(1272,130,205,22,NULL,1,22.32,12.00,25.00,300.00,0.00,300.00,'1'),(1273,130,194,24,NULL,1,20.24,6.00,22.00,132.00,0.00,132.00,'1'),(1274,130,193,245,NULL,5,15.64,18.00,18.00,324.00,0.00,324.00,'1'),(1275,131,187,28,NULL,2,148.80,4.00,160.00,640.00,0.00,640.00,'1'),(1276,131,184,249,NULL,2,18.60,18.00,20.00,360.00,0.00,360.00,'1'),(1277,131,192,244,NULL,1,82.80,5.00,90.00,450.00,0.00,450.00,'1'),(1278,131,201,248,NULL,1,92.00,1.00,100.00,100.00,0.00,100.00,'1'),(1279,131,196,247,NULL,1,31.28,2.00,34.00,68.00,0.00,68.00,'1'),(1280,131,185,26,NULL,2,48.36,1.00,52.00,52.00,0.00,52.00,'1'),(1281,131,472,187,NULL,1,42.70,3.00,45.00,135.00,0.00,135.00,'1'),(1282,131,204,21,NULL,1,6.51,12.00,7.00,84.00,0.00,84.00,'1'),(1283,132,189,241,NULL,2,292.95,1.00,315.00,315.00,0.00,315.00,'1'),(1284,132,187,28,NULL,2,148.80,7.00,160.00,1120.00,0.00,1120.00,'1'),(1285,132,186,27,NULL,2,58.59,3.00,66.00,198.00,0.00,198.00,'1'),(1286,132,185,26,NULL,2,48.36,3.00,52.00,156.00,0.00,156.00,'1'),(1287,132,202,23,NULL,2,32.90,12.00,35.00,420.00,0.00,420.00,'1'),(1288,132,204,21,NULL,1,6.51,12.00,7.00,84.00,0.00,84.00,'1'),(1289,132,192,244,NULL,1,82.80,6.00,90.00,540.00,0.00,540.00,'1'),(1290,132,191,15,NULL,1,59.80,12.00,65.00,780.00,0.00,780.00,'1'),(1291,132,201,248,NULL,1,92.00,4.00,100.00,400.00,0.00,400.00,'1'),(1292,133,189,241,NULL,2,292.95,2.00,315.00,630.00,0.00,630.00,'1'),(1293,133,188,242,NULL,2,148.80,2.00,160.00,320.00,0.00,320.00,'1'),(1294,133,202,23,NULL,2,32.90,42.00,35.00,1470.00,0.00,1470.00,'1'),(1295,133,191,15,NULL,1,59.80,15.00,65.00,975.00,0.00,975.00,'1'),(1296,133,196,247,NULL,1,31.28,22.00,34.00,748.00,0.00,748.00,'1'),(1297,133,195,246,NULL,1,29.44,8.00,32.00,256.00,0.00,256.00,'1'),(1298,133,204,21,NULL,1,6.51,12.00,7.00,84.00,0.00,84.00,'1'),(1299,133,194,24,NULL,1,20.24,6.00,22.00,132.00,0.00,132.00,'1'),(1300,133,193,245,NULL,5,15.64,24.00,18.00,432.00,0.00,432.00,'1'),(1301,134,189,241,NULL,2,292.95,2.00,315.00,630.00,0.00,630.00,'1'),(1302,134,202,23,NULL,2,32.90,24.00,35.00,840.00,0.00,840.00,'1'),(1303,134,191,15,NULL,1,59.80,3.00,65.00,195.00,0.00,195.00,'1'),(1304,134,187,28,NULL,2,148.80,3.00,160.00,480.00,0.00,480.00,'1'),(1305,135,188,242,NULL,2,148.80,1.00,160.00,160.00,0.00,160.00,'1'),(1306,135,186,27,NULL,2,58.59,2.00,66.00,132.00,0.00,132.00,'1'),(1307,135,202,23,NULL,2,32.90,28.00,35.00,980.00,0.00,980.00,'1'),(1308,135,204,21,NULL,1,6.51,36.00,7.00,252.00,0.00,252.00,'1'),(1309,135,205,22,NULL,1,22.32,1.00,25.00,25.00,0.00,25.00,'1'),(1310,135,191,15,NULL,1,59.80,5.00,65.00,325.00,0.00,325.00,'1'),(1311,135,194,328,NULL,1,20.24,6.00,22.00,132.00,0.00,132.00,'1'),(1312,135,193,245,NULL,5,15.64,6.00,18.00,108.00,0.00,108.00,'1'),(1313,136,189,241,NULL,2,292.95,10.00,315.00,3150.00,0.00,3150.00,'1'),(1314,136,187,28,NULL,2,148.80,18.00,160.00,2880.00,0.00,2880.00,'1'),(1315,136,186,27,NULL,2,58.59,3.00,66.00,198.00,0.00,198.00,'1'),(1316,136,184,25,NULL,2,18.60,3.00,20.00,60.00,0.00,60.00,'1'),(1317,136,185,26,NULL,2,48.36,15.00,52.00,780.00,0.00,780.00,'1'),(1318,136,202,23,NULL,2,32.90,25.00,35.00,875.00,0.00,875.00,'1'),(1319,136,191,15,NULL,1,59.80,12.00,65.00,780.00,0.00,780.00,'1'),(1320,136,194,24,NULL,1,20.24,12.00,22.00,264.00,0.00,264.00,'1'),(1321,136,193,245,NULL,5,15.64,24.00,18.00,432.00,0.00,432.00,'1'),(1322,136,196,247,NULL,1,31.28,18.00,34.00,612.00,0.00,612.00,'1'),(1323,136,202,324,NULL,2,32.90,27.00,35.00,945.00,0.00,945.00,'1'),(1324,137,188,242,NULL,2,148.80,2.00,160.00,320.00,0.00,320.00,'1'),(1325,137,184,249,NULL,2,18.60,12.00,20.00,240.00,0.00,240.00,'1'),(1326,137,202,324,NULL,2,32.90,21.00,35.00,735.00,0.00,735.00,'1'),(1327,137,204,21,NULL,1,6.51,72.00,7.00,504.00,0.00,504.00,'1'),(1328,137,191,15,NULL,1,59.80,4.00,65.00,260.00,0.00,260.00,'1'),(1329,137,201,248,NULL,1,92.00,1.00,100.00,100.00,0.00,100.00,'1'),(1330,137,189,241,NULL,2,292.95,6.00,315.00,1890.00,0.00,1890.00,'1'),(1331,138,3,237,NULL,1,45.20,9.00,48.00,432.00,0.00,432.00,'1'),(1332,138,4,149,NULL,1,7.55,48.00,8.00,384.00,0.00,384.00,'1'),(1333,138,8,239,NULL,1,3.76,48.00,4.00,192.00,0.00,192.00,'1'),(1334,138,8,150,NULL,1,3.77,48.00,4.00,192.00,0.00,192.00,'1'),(1335,138,504,312,NULL,1,18.75,12.00,22.00,264.00,0.00,264.00,'1'),(1336,139,2,156,NULL,2,51.82,9.00,55.00,495.00,0.00,495.00,'1'),(1337,139,3,157,NULL,1,45.20,1.00,48.00,48.00,0.00,48.00,'1'),(1338,139,3,237,NULL,1,45.20,8.00,48.00,384.00,0.00,384.00,'1'),(1339,139,4,149,NULL,1,7.55,84.00,8.00,672.00,0.00,672.00,'1'),(1340,139,9,240,NULL,1,3.76,648.00,4.00,2592.00,0.00,2592.00,'1'),(1341,140,2,156,NULL,2,51.82,13.00,55.00,715.00,0.00,715.00,'1'),(1342,140,3,237,NULL,1,45.20,26.00,48.00,1248.00,0.00,1248.00,'1'),(1343,140,4,149,NULL,1,7.55,144.00,8.00,1152.00,0.00,1152.00,'1'),(1344,140,7,152,NULL,1,3.77,432.00,4.00,1728.00,0.00,1728.00,'1'),(1345,140,17,153,NULL,1,65.00,6.00,68.00,408.00,0.00,408.00,'1'),(1346,140,504,312,NULL,1,18.75,12.00,22.00,264.00,0.00,264.00,'1'),(1347,141,3,237,NULL,1,45.20,18.00,48.00,864.00,0.00,864.00,'1'),(1348,141,4,149,NULL,1,7.55,48.00,8.00,384.00,0.00,384.00,'1'),(1349,141,9,151,NULL,1,3.77,1.00,4.00,4.00,0.00,4.00,'1'),(1350,141,11,154,NULL,2,33.00,1.00,35.00,35.00,0.00,35.00,'1'),(1351,141,2,156,NULL,2,51.82,1.00,55.00,55.00,0.00,55.00,'1'),(1352,142,2,156,NULL,2,51.82,3.00,55.00,165.00,0.00,165.00,'1'),(1353,142,3,237,NULL,1,45.20,28.00,48.00,1344.00,0.00,1344.00,'1'),(1354,142,4,149,NULL,1,7.55,84.00,8.00,672.00,0.00,672.00,'1'),(1355,142,9,151,NULL,1,3.77,96.00,4.00,384.00,0.00,384.00,'1'),(1356,143,2,156,NULL,2,51.82,24.00,55.00,1320.00,0.00,1320.00,'1'),(1357,143,3,237,NULL,1,45.20,17.00,48.00,816.00,0.00,816.00,'1'),(1358,143,4,149,NULL,1,7.55,48.00,8.00,384.00,0.00,384.00,'1'),(1359,143,7,152,NULL,1,3.77,168.00,4.00,672.00,0.00,672.00,'1'),(1360,144,328,120,NULL,7,269.40,3.00,290.00,870.00,0.00,870.00,'1'),(1361,144,328,316,NULL,7,269.40,4.00,290.00,1160.00,0.00,1160.00,'1'),(1362,144,320,130,NULL,2,160.56,1.00,170.00,170.00,0.00,170.00,'1'),(1363,144,325,126,NULL,2,42.00,12.00,45.00,540.00,0.00,540.00,'1'),(1364,144,329,123,NULL,1,64.00,3.00,70.00,210.00,0.00,210.00,'1'),(1365,144,332,124,NULL,2,30.00,93.00,32.00,2976.00,0.00,2976.00,'1'),(1366,144,371,98,NULL,1,23.33,12.00,25.00,300.00,0.00,300.00,'1'),(1367,144,394,279,NULL,1,370.00,1.00,390.00,390.00,0.00,390.00,'1'),(1368,144,435,94,NULL,8,127.20,1.00,135.00,135.00,0.00,135.00,'1'),(1369,144,419,90,NULL,1,6.24,24.00,6.50,156.00,0.00,156.00,'1'),(1370,144,429,113,NULL,8,186.00,3.00,200.00,600.00,0.00,600.00,'1'),(1371,144,300,266,NULL,1,80.00,1.00,85.00,85.00,0.00,85.00,'1'),(1372,144,301,267,NULL,1,80.00,10.00,85.00,850.00,0.00,850.00,'1'),(1373,144,302,268,NULL,1,80.00,20.00,85.00,1700.00,0.00,1700.00,'1'),(1374,144,304,270,NULL,1,80.00,10.00,85.00,850.00,0.00,850.00,'1'),(1375,144,303,269,NULL,1,80.00,9.00,85.00,765.00,0.00,765.00,'1'),(1376,144,305,140,NULL,1,580.00,2.00,620.00,1240.00,0.00,1240.00,'1'),(1377,144,326,121,NULL,7,192.00,1.00,205.00,205.00,0.00,205.00,'1'),(1378,145,328,272,NULL,7,269.40,4.00,290.00,1160.00,0.00,1160.00,'1'),(1379,145,326,121,NULL,7,192.00,3.00,205.00,615.00,0.00,615.00,'1'),(1380,145,327,122,NULL,7,180.00,1.00,190.00,190.00,0.00,190.00,'1'),(1381,145,325,126,NULL,2,42.00,8.00,45.00,360.00,0.00,360.00,'1'),(1382,145,332,124,NULL,2,30.00,16.00,32.00,512.00,0.00,512.00,'1'),(1383,145,377,103,NULL,1,24.30,48.00,26.00,1248.00,0.00,1248.00,'1'),(1384,145,371,98,NULL,1,23.33,24.00,25.00,600.00,0.00,600.00,'1'),(1385,145,300,266,NULL,1,80.00,10.00,85.00,850.00,0.00,850.00,'1'),(1386,145,301,267,NULL,1,80.00,20.00,85.00,1700.00,0.00,1700.00,'1'),(1387,145,302,268,NULL,1,80.00,3.00,85.00,255.00,0.00,255.00,'1'),(1388,145,308,143,NULL,1,580.00,2.00,620.00,1240.00,0.00,1240.00,'1'),(1389,145,347,271,NULL,2,173.00,1.00,190.00,190.00,0.00,190.00,'1'),(1390,145,320,275,NULL,2,160.56,2.00,170.00,340.00,0.00,340.00,'1'),(1391,146,328,272,NULL,7,269.40,16.00,290.00,4640.00,0.00,4640.00,'1'),(1392,146,326,121,NULL,7,192.00,3.00,205.00,615.00,0.00,615.00,'1'),(1393,146,327,122,NULL,7,180.00,2.00,190.00,380.00,0.00,380.00,'1'),(1394,146,329,123,NULL,1,64.00,2.00,70.00,140.00,0.00,140.00,'1'),(1395,146,325,126,NULL,2,42.00,30.00,45.00,1350.00,0.00,1350.00,'1'),(1396,146,314,127,NULL,2,47.50,13.00,50.00,650.00,0.00,650.00,'1'),(1397,146,320,275,NULL,2,160.56,2.00,170.00,340.00,0.00,340.00,'1'),(1398,146,332,124,NULL,2,30.00,45.00,32.00,1440.00,0.00,1440.00,'1'),(1399,146,401,278,NULL,1,375.00,2.00,400.00,800.00,0.00,800.00,'1'),(1400,146,435,94,NULL,8,127.20,1.00,135.00,135.00,0.00,135.00,'1'),(1401,146,420,33,NULL,1,6.20,12.00,6.66,79.92,0.00,79.92,'1'),(1402,146,426,117,NULL,8,146.88,1.00,155.00,155.00,0.00,155.00,'1'),(1403,146,301,267,NULL,1,80.00,10.00,85.00,850.00,0.00,850.00,'1'),(1404,146,302,268,NULL,1,80.00,10.00,85.00,850.00,0.00,850.00,'1'),(1405,146,304,270,NULL,1,80.00,6.00,85.00,510.00,0.00,510.00,'1'),(1406,146,377,277,NULL,1,24.30,96.00,26.00,2496.00,0.00,2496.00,'1'),(1407,146,375,276,NULL,1,24.30,96.00,26.00,2496.00,0.00,2496.00,'1'),(1408,147,328,272,NULL,7,269.40,12.00,290.00,3480.00,0.00,3480.00,'1'),(1409,147,326,121,NULL,7,192.00,6.00,205.00,1230.00,0.00,1230.00,'1'),(1410,147,325,126,NULL,2,42.00,15.00,45.00,675.00,0.00,675.00,'1'),(1411,147,320,275,NULL,2,160.56,2.00,170.00,340.00,0.00,340.00,'1'),(1412,147,329,123,NULL,1,64.00,1.00,70.00,70.00,0.00,70.00,'1'),(1413,147,332,124,NULL,2,30.00,95.00,32.00,3040.00,0.00,3040.00,'1'),(1414,147,377,103,NULL,1,24.30,12.00,26.00,312.00,0.00,312.00,'1'),(1415,147,375,104,NULL,1,24.30,12.00,26.00,312.00,0.00,312.00,'1'),(1416,147,360,101,NULL,1,35.60,12.00,40.00,480.00,0.00,480.00,'1'),(1417,147,425,30,NULL,2,82.40,2.00,90.00,180.00,0.00,180.00,'1'),(1418,147,424,31,NULL,2,68.66,2.00,80.00,160.00,0.00,160.00,'1'),(1419,147,423,32,NULL,2,56.40,1.00,60.00,60.00,0.00,60.00,'1'),(1420,147,435,94,NULL,8,127.20,1.00,135.00,135.00,0.00,135.00,'1'),(1421,147,300,266,NULL,1,80.00,4.00,85.00,340.00,0.00,340.00,'1'),(1422,147,301,267,NULL,1,80.00,20.00,85.00,1700.00,0.00,1700.00,'1'),(1423,147,302,268,NULL,1,80.00,1.00,85.00,85.00,0.00,85.00,'1'),(1424,147,347,271,NULL,2,173.00,1.00,190.00,190.00,0.00,190.00,'1'),(1425,151,171,65,NULL,11,50.00,1.00,60.00,60.00,0.00,60.00,'1'),(1426,151,171,220,NULL,11,150.00,4.00,160.00,640.00,0.00,640.00,'1'),(1427,151,176,69,NULL,2,34.00,54.00,38.00,2052.00,0.00,2052.00,'1'),(1428,151,175,227,NULL,7,90.24,11.00,96.00,1056.00,0.00,1056.00,'1'),(1429,151,180,229,NULL,2,90.00,4.00,95.00,380.00,0.00,380.00,'1'),(1430,151,64,287,NULL,7,3.80,792.00,4.00,3168.00,0.00,3168.00,'1'),(1431,151,79,55,NULL,7,7.45,168.00,7.93,1332.24,0.00,1332.24,'1'),(1432,151,79,218,NULL,7,7.45,12.00,7.92,95.04,0.00,95.04,'1'),(1433,151,72,289,NULL,7,7.45,381.00,7.92,3017.52,0.00,3017.52,'1'),(1434,151,88,259,NULL,7,3.70,684.00,3.96,2708.64,0.00,2708.64,'1'),(1435,151,174,58,NULL,1,7.45,61.00,7.92,483.12,0.00,483.12,'1'),(1436,151,82,165,NULL,1,37.52,10.00,40.00,400.00,0.00,400.00,'1'),(1437,151,78,54,NULL,7,3.70,84.00,3.96,332.64,0.00,332.64,'1'),(1438,151,96,57,NULL,7,3.70,29.00,3.96,114.84,0.00,114.84,'1'),(1439,151,77,51,NULL,1,34.00,5.00,40.00,200.00,0.00,200.00,'1'),(1440,151,90,56,NULL,7,3.70,122.00,3.96,483.12,0.00,483.12,'1'),(1441,151,74,293,NULL,7,3.70,24.00,3.96,95.04,0.00,95.04,'1'),(1442,151,98,254,NULL,1,3.80,420.00,4.00,1680.00,0.00,1680.00,'1'),(1443,151,155,88,NULL,2,35.00,1.00,40.00,40.00,0.00,40.00,'1'),(1444,151,99,253,NULL,11,140.00,1.00,150.00,150.00,0.00,150.00,'1'),(1445,151,40,250,NULL,4,306.00,7.50,320.00,2400.00,0.00,2400.00,'1'),(1446,151,31,72,NULL,4,270.00,4.50,280.00,1260.00,0.00,1260.00,'1'),(1447,151,163,71,NULL,4,132.00,1.00,140.00,140.00,0.00,140.00,'1'),(1448,151,118,80,NULL,7,93.36,2.00,100.00,200.00,0.00,200.00,'1'),(1449,152,120,78,NULL,7,93.36,20.00,100.00,2000.00,0.00,2000.00,'1'),(1450,152,120,255,NULL,7,93.36,8.00,100.00,800.00,0.00,800.00,'1'),(1451,152,131,223,NULL,7,93.60,2.00,100.00,200.00,0.00,200.00,'1'),(1452,152,118,80,NULL,7,93.36,2.00,100.00,200.00,0.00,200.00,'1'),(1453,152,122,77,NULL,7,93.36,1.00,100.00,100.00,0.00,100.00,'1'),(1454,153,329,317,NULL,1,64.00,3.00,70.00,210.00,0.00,210.00,'1'),(1455,153,325,126,NULL,2,42.00,24.00,45.00,1080.00,0.00,1080.00,'1'),(1456,153,328,272,NULL,7,269.40,13.00,290.00,3770.00,0.00,3770.00,'1'),(1457,153,326,121,NULL,7,192.00,10.00,205.00,2050.00,0.00,2050.00,'1'),(1458,153,320,275,NULL,2,160.56,8.00,170.00,1360.00,0.00,1360.00,'1'),(1459,153,314,127,NULL,2,47.50,24.00,50.00,1200.00,0.00,1200.00,'1'),(1460,153,318,129,NULL,2,74.00,12.00,78.00,936.00,0.00,936.00,'1'),(1461,153,332,124,NULL,2,30.00,33.00,32.00,1056.00,0.00,1056.00,'1'),(1462,153,394,279,NULL,1,370.00,1.00,390.00,390.00,0.00,390.00,'1'),(1463,153,419,90,NULL,1,6.24,72.00,6.50,468.00,0.00,468.00,'1'),(1464,153,420,33,NULL,1,6.20,72.00,6.66,479.52,0.00,479.52,'1'),(1465,153,429,113,NULL,8,186.00,2.00,200.00,400.00,0.00,400.00,'1'),(1466,153,300,266,NULL,1,80.00,6.00,85.00,510.00,0.00,510.00,'1'),(1467,153,301,267,NULL,1,80.00,6.00,85.00,510.00,0.00,510.00,'1'),(1468,154,328,272,NULL,7,269.40,17.00,290.00,4930.00,0.00,4930.00,'1'),(1469,154,326,121,NULL,7,192.00,7.00,205.00,1435.00,0.00,1435.00,'1'),(1470,154,329,317,NULL,1,64.00,3.00,70.00,210.00,0.00,210.00,'1'),(1471,154,325,126,NULL,2,42.00,48.00,45.00,2160.00,0.00,2160.00,'1'),(1472,154,320,130,NULL,2,160.56,5.00,170.00,850.00,0.00,850.00,'1'),(1473,154,320,275,NULL,2,160.56,1.00,170.00,170.00,0.00,170.00,'1'),(1474,154,314,127,NULL,2,47.50,13.00,50.00,650.00,0.00,650.00,'1'),(1475,154,332,124,NULL,2,30.00,150.00,32.00,4800.00,0.00,4800.00,'1'),(1476,154,401,278,NULL,1,375.00,4.00,400.00,1600.00,0.00,1600.00,'1'),(1477,154,377,277,NULL,1,24.30,51.00,26.00,1326.00,0.00,1326.00,'1'),(1478,154,375,276,NULL,1,24.30,48.00,26.00,1248.00,0.00,1248.00,'1'),(1479,154,376,105,NULL,1,24.30,45.00,26.00,1170.00,0.00,1170.00,'1'),(1480,154,360,101,NULL,1,35.60,6.00,40.00,240.00,0.00,240.00,'1'),(1481,154,371,98,NULL,1,23.33,18.00,25.00,450.00,0.00,450.00,'1'),(1482,154,301,267,NULL,1,80.00,13.00,85.00,1105.00,0.00,1105.00,'1'),(1483,154,302,268,NULL,1,80.00,7.00,85.00,595.00,0.00,595.00,'1'),(1484,154,347,271,NULL,2,173.00,1.00,190.00,190.00,0.00,190.00,'1'),(1485,155,328,272,NULL,7,269.40,1.00,290.00,290.00,0.00,290.00,'1'),(1486,155,327,122,NULL,7,180.00,1.00,190.00,190.00,0.00,190.00,'1'),(1487,155,325,126,NULL,2,42.00,12.00,45.00,540.00,0.00,540.00,'1'),(1488,155,332,124,NULL,2,30.00,18.00,32.00,576.00,0.00,576.00,'1'),(1489,155,414,95,NULL,8,65.00,2.00,70.00,140.00,0.00,140.00,'1'),(1490,155,419,90,NULL,1,6.24,36.00,6.50,234.00,0.00,234.00,'1'),(1491,155,401,278,NULL,1,375.00,1.00,400.00,400.00,0.00,400.00,'1'),(1492,155,377,277,NULL,1,24.30,12.00,26.00,312.00,0.00,312.00,'1'),(1493,155,424,31,NULL,2,68.66,1.00,80.00,80.00,0.00,80.00,'1'),(1494,155,423,32,NULL,2,56.40,1.00,60.00,60.00,0.00,60.00,'1'),(1495,156,326,121,NULL,7,192.00,4.00,205.00,820.00,0.00,820.00,'1'),(1496,156,328,272,NULL,7,269.40,6.00,290.00,1740.00,0.00,1740.00,'1'),(1497,156,325,126,NULL,2,42.00,9.00,45.00,405.00,0.00,405.00,'1'),(1498,156,320,130,NULL,2,160.56,1.00,170.00,170.00,0.00,170.00,'1'),(1499,156,329,317,NULL,1,64.00,1.00,70.00,70.00,0.00,70.00,'1'),(1500,156,329,123,NULL,1,64.00,3.00,70.00,210.00,0.00,210.00,'1'),(1501,156,332,124,NULL,2,30.00,9.00,32.00,288.00,0.00,288.00,'1'),(1502,156,377,103,NULL,1,24.30,12.00,26.00,312.00,0.00,312.00,'1'),(1503,156,360,101,NULL,1,35.60,36.00,40.00,1440.00,0.00,1440.00,'1'),(1504,156,394,279,NULL,1,370.00,1.00,390.00,390.00,0.00,390.00,'1'),(1505,156,414,95,NULL,8,65.00,3.00,70.00,210.00,0.00,210.00,'1'),(1506,156,424,31,NULL,2,68.66,1.00,80.00,80.00,0.00,80.00,'1'),(1507,156,347,271,NULL,2,173.00,2.00,190.00,380.00,0.00,380.00,'1'),(1508,157,213,230,NULL,1,35.00,100.00,36.40,3640.00,0.00,3640.00,'1'),(1509,157,230,233,NULL,9,2550.00,1.00,2650.00,2650.00,0.00,2650.00,'1'),(1510,157,229,234,NULL,9,1300.00,3.00,1380.00,4140.00,0.00,4140.00,'1'),(1511,157,438,382,NULL,4,400.00,4.00,440.00,1760.00,0.00,1760.00,'1'),(1512,157,440,185,NULL,4,270.00,3.00,290.00,870.00,0.00,870.00,'1'),(1513,157,443,201,NULL,4,160.00,6.00,170.00,1020.00,0.00,1020.00,'1'),(1514,158,230,233,NULL,9,2550.00,4.00,2650.00,10600.00,0.00,10600.00,'1'),(1515,158,229,234,NULL,9,1300.00,1.00,1380.00,1380.00,0.00,1380.00,'1'),(1516,158,213,230,NULL,1,35.00,37.00,36.40,1346.80,0.00,1346.80,'1'),(1517,158,440,381,NULL,4,270.00,14.00,290.00,4060.00,0.00,4060.00,'1'),(1518,158,438,382,NULL,4,400.00,1.00,440.00,440.00,0.00,440.00,'1'),(1519,158,443,380,NULL,4,160.00,5.00,170.00,850.00,0.00,850.00,'1'),(1520,159,213,230,NULL,1,35.00,18.00,36.40,655.20,0.00,655.20,'1'),(1521,159,230,233,NULL,9,2550.00,1.00,2650.00,2650.00,0.00,2650.00,'1'),(1522,159,215,145,NULL,4,132.00,5.00,137.00,685.00,0.00,685.00,'1'),(1523,159,440,284,NULL,4,270.00,1.00,290.00,290.00,0.00,290.00,'1'),(1524,160,207,329,NULL,4,42.00,64.00,44.00,2816.00,0.00,2816.00,'1'),(1525,160,215,330,NULL,4,132.00,17.00,137.00,2329.00,0.00,2329.00,'1'),(1526,160,219,333,NULL,2,405.00,1.00,415.00,415.00,0.00,415.00,'1'),(1527,160,217,331,NULL,10,370.00,4.00,380.00,1520.00,0.00,1520.00,'1'),(1528,160,230,233,NULL,9,2550.00,1.00,2650.00,2650.00,0.00,2650.00,'1'),(1529,160,440,281,NULL,4,270.00,5.00,290.00,1450.00,0.00,1450.00,'1'),(1530,160,440,284,NULL,4,270.00,1.00,290.00,290.00,0.00,290.00,'1'),(1531,161,207,329,NULL,4,42.00,66.00,44.00,2904.00,0.00,2904.00,'1'),(1532,161,215,330,NULL,4,132.00,17.00,137.00,2329.00,0.00,2329.00,'1'),(1533,161,219,333,NULL,2,405.00,5.00,415.00,2075.00,0.00,2075.00,'1'),(1534,161,217,231,NULL,10,370.00,1.00,380.00,380.00,0.00,380.00,'1'),(1535,161,230,233,NULL,9,2550.00,1.00,2650.00,2650.00,0.00,2650.00,'1'),(1536,161,229,332,NULL,9,1300.00,1.00,1380.00,1380.00,0.00,1380.00,'1'),(1537,161,440,381,NULL,4,270.00,6.00,290.00,1740.00,0.00,1740.00,'1'),(1538,162,207,329,NULL,4,42.00,106.00,44.00,4664.00,0.00,4664.00,'1'),(1539,162,229,332,NULL,9,1300.00,3.00,1380.00,4140.00,0.00,4140.00,'1'),(1540,162,230,233,NULL,9,2550.00,2.00,2650.00,5300.00,0.00,5300.00,'1'),(1541,162,215,145,NULL,4,132.00,4.00,137.00,548.00,0.00,548.00,'1'),(1542,163,207,329,NULL,4,42.00,88.00,44.00,3872.00,0.00,3872.00,'1'),(1543,163,230,233,NULL,9,2550.00,1.00,2650.00,2650.00,0.00,2650.00,'1'),(1544,163,229,332,NULL,9,1300.00,1.00,1380.00,1380.00,0.00,1380.00,'1'),(1545,163,215,330,NULL,4,132.00,13.00,137.00,1781.00,0.00,1781.00,'1'),(1546,163,219,333,NULL,2,405.00,1.00,415.00,415.00,0.00,415.00,'1'),(1547,163,217,331,NULL,10,370.00,1.00,380.00,380.00,0.00,380.00,'1'),(1548,163,440,185,NULL,4,270.00,2.00,290.00,580.00,0.00,580.00,'1'),(1549,164,64,287,NULL,7,3.80,288.00,4.00,1152.00,0.00,1152.00,'1'),(1550,164,74,46,NULL,7,3.70,48.00,3.96,190.08,0.00,190.08,'1'),(1551,164,72,286,NULL,7,7.45,24.00,7.92,190.08,0.00,190.08,'1'),(1552,164,79,291,NULL,7,7.45,48.00,7.93,380.64,0.00,380.64,'1'),(1553,164,89,298,NULL,7,3.70,48.00,3.96,190.08,0.00,190.08,'1'),(1554,164,90,56,NULL,7,3.70,48.00,3.96,190.08,0.00,190.08,'1'),(1555,164,96,305,NULL,7,3.70,48.00,3.96,190.08,0.00,190.08,'1'),(1556,164,75,49,NULL,7,3.70,96.00,3.96,380.16,0.00,380.16,'1'),(1557,164,77,51,NULL,1,34.00,8.00,40.00,320.00,0.00,320.00,'1'),(1558,164,98,222,NULL,1,3.80,72.00,4.00,288.00,0.00,288.00,'1'),(1559,164,122,294,NULL,7,93.36,9.00,100.00,900.00,0.00,900.00,'1'),(1560,164,126,285,NULL,7,180.00,3.00,190.00,570.00,0.00,570.00,'1'),(1561,164,44,76,NULL,1,65.00,1.00,70.00,70.00,0.00,70.00,'1'),(1562,164,41,159,NULL,4,306.00,1.00,320.00,320.00,0.00,320.00,'1'),(1563,164,176,221,NULL,2,34.00,18.00,38.00,684.00,0.00,684.00,'1'),(1564,164,180,229,NULL,2,90.00,3.00,95.00,285.00,0.00,285.00,'1'),(1565,164,171,361,NULL,11,150.00,3.00,160.00,480.00,0.00,480.00,'1'),(1566,164,73,290,NULL,2,33.50,12.00,35.00,420.00,0.00,420.00,'1'),(1567,165,64,43,NULL,7,3.80,24.00,4.00,96.00,0.00,96.00,'1'),(1568,165,64,162,NULL,7,3.80,24.00,4.00,96.00,0.00,96.00,'1'),(1569,165,64,224,NULL,7,3.80,216.00,4.00,864.00,0.00,864.00,'1'),(1570,165,64,287,NULL,7,3.80,648.00,4.00,2592.00,0.00,2592.00,'1'),(1571,165,64,303,NULL,7,3.80,96.00,4.00,384.00,0.00,384.00,'1'),(1572,165,74,46,NULL,7,3.70,192.00,3.96,760.32,0.00,760.32,'1'),(1573,165,72,286,NULL,7,7.45,48.00,7.92,380.16,0.00,380.16,'1'),(1574,165,85,59,NULL,7,3.70,192.00,3.96,760.32,0.00,760.32,'1'),(1575,165,88,259,NULL,7,3.70,96.00,3.96,380.16,0.00,380.16,'1'),(1576,165,80,53,NULL,7,7.45,84.00,7.92,665.28,0.00,665.28,'1'),(1577,165,90,56,NULL,7,3.70,96.00,3.96,380.16,0.00,380.16,'1'),(1578,165,96,57,NULL,7,3.70,96.00,3.96,380.16,0.00,380.16,'1'),(1579,165,75,390,NULL,7,3.70,96.00,3.96,380.16,0.00,380.16,'1'),(1580,165,76,365,NULL,7,7.45,48.00,7.92,380.16,0.00,380.16,'1'),(1581,165,98,254,NULL,1,3.80,288.00,4.00,1152.00,0.00,1152.00,'1'),(1582,165,99,253,NULL,11,140.00,1.00,150.00,150.00,0.00,150.00,'1'),(1583,165,122,294,NULL,7,93.36,5.00,100.00,500.00,0.00,500.00,'1'),(1584,165,126,285,NULL,7,180.00,1.00,190.00,190.00,0.00,190.00,'1'),(1585,165,136,161,NULL,12,141.00,1.00,150.00,150.00,0.00,150.00,'1'),(1586,165,136,296,NULL,12,141.00,1.00,150.00,150.00,0.00,150.00,'1'),(1587,165,40,250,NULL,4,306.00,30.00,320.00,9600.00,0.00,9600.00,'1'),(1588,165,37,392,NULL,4,360.00,0.50,380.00,190.00,0.00,190.00,'1'),(1589,165,176,69,NULL,2,34.00,3.00,38.00,114.00,0.00,114.00,'1'),(1590,165,148,86,NULL,2,32.00,6.00,35.00,210.00,0.00,210.00,'1'),(1591,165,22,258,NULL,13,120.00,2.00,132.00,264.00,0.00,264.00,'1'),(1592,165,467,178,NULL,2,35.00,6.00,40.00,240.00,0.00,240.00,'1'),(1593,165,488,261,NULL,11,110.00,1.00,120.00,120.00,0.00,120.00,'1'),(1594,166,72,286,NULL,7,7.45,24.00,7.92,190.08,0.00,190.08,'1'),(1595,166,79,218,NULL,7,7.45,24.00,7.92,190.08,0.00,190.08,'1'),(1596,166,85,59,NULL,7,3.70,72.00,3.96,285.12,0.00,285.12,'1'),(1597,166,80,53,NULL,7,7.45,96.00,7.92,760.32,0.00,760.32,'1'),(1598,166,90,393,NULL,7,3.70,48.00,3.96,190.08,0.00,190.08,'1'),(1599,166,96,366,NULL,7,3.70,48.00,3.96,190.08,0.00,190.08,'1'),(1600,166,75,390,NULL,7,3.70,96.00,3.96,380.16,0.00,380.16,'1'),(1601,166,76,365,NULL,7,7.45,72.00,7.92,570.24,0.00,570.24,'1'),(1602,166,98,254,NULL,1,3.80,504.00,4.00,2016.00,0.00,2016.00,'1'),(1603,166,99,253,NULL,11,140.00,1.00,150.00,150.00,0.00,150.00,'1'),(1604,166,122,294,NULL,7,93.36,3.00,100.00,300.00,0.00,300.00,'1'),(1605,166,136,296,NULL,12,141.00,8.00,150.00,1200.00,0.00,1200.00,'1'),(1606,166,174,58,NULL,1,7.45,48.00,7.92,380.16,0.00,380.16,'1'),(1607,166,163,71,NULL,4,132.00,2.00,140.00,280.00,0.00,280.00,'1'),(1608,167,74,46,NULL,7,3.70,96.00,3.96,380.16,0.00,380.16,'1'),(1609,167,79,218,NULL,7,7.45,72.00,7.92,570.24,0.00,570.24,'1'),(1610,167,85,299,NULL,7,3.70,72.00,3.96,285.12,0.00,285.12,'1'),(1611,167,88,297,NULL,7,3.70,60.00,3.96,237.60,0.00,237.60,'1'),(1612,167,89,298,NULL,7,3.70,96.00,3.96,380.16,0.00,380.16,'1'),(1613,167,96,57,NULL,7,3.70,48.00,3.96,190.08,0.00,190.08,'1'),(1614,167,75,390,NULL,7,3.70,48.00,3.96,190.08,0.00,190.08,'1'),(1615,167,98,254,NULL,1,3.80,144.00,4.00,576.00,0.00,576.00,'1'),(1616,167,120,255,NULL,7,93.36,17.00,100.00,1700.00,0.00,1700.00,'1'),(1617,167,125,384,NULL,7,180.00,1.00,190.00,190.00,0.00,190.00,'1'),(1618,167,126,285,NULL,7,180.00,1.00,190.00,190.00,0.00,190.00,'1'),(1619,167,44,76,NULL,1,65.00,3.00,70.00,210.00,0.00,210.00,'1'),(1620,167,40,250,NULL,4,306.00,1.00,320.00,320.00,0.00,320.00,'1'),(1621,167,40,73,NULL,4,306.00,0.50,320.00,160.00,0.00,160.00,'1'),(1622,167,176,69,NULL,2,34.00,6.00,38.00,228.00,0.00,228.00,'1'),(1623,167,163,71,NULL,4,132.00,3.00,140.00,420.00,0.00,420.00,'1'),(1624,167,73,48,NULL,2,33.50,3.00,35.00,105.00,0.00,105.00,'1'),(1625,167,73,376,NULL,2,33.50,6.00,35.00,210.00,0.00,210.00,'1'),(1626,168,74,46,NULL,7,3.70,96.00,3.96,380.16,0.00,380.16,'1'),(1627,168,72,286,NULL,7,7.45,72.00,7.92,570.24,0.00,570.24,'1'),(1628,168,79,218,NULL,7,7.45,24.00,7.92,190.08,0.00,190.08,'1'),(1629,168,85,59,NULL,7,3.70,48.00,3.96,190.08,0.00,190.08,'1'),(1630,168,80,53,NULL,7,7.45,24.00,7.92,190.08,0.00,190.08,'1'),(1631,168,89,298,NULL,7,3.70,96.00,3.96,380.16,0.00,380.16,'1'),(1632,168,96,366,NULL,7,3.70,48.00,3.96,190.08,0.00,190.08,'1'),(1633,168,75,390,NULL,7,3.70,60.00,3.96,237.60,0.00,237.60,'1'),(1634,168,98,254,NULL,1,3.80,216.00,4.00,864.00,0.00,864.00,'1'),(1635,168,120,255,NULL,7,93.36,2.00,100.00,200.00,0.00,200.00,'1'),(1636,168,44,76,NULL,1,65.00,6.00,70.00,420.00,0.00,420.00,'1'),(1637,168,37,392,NULL,4,360.00,0.50,380.00,190.00,0.00,190.00,'1'),(1638,168,176,221,NULL,2,34.00,10.00,38.00,380.00,0.00,380.00,'1'),(1639,168,180,251,NULL,2,90.00,9.00,95.00,855.00,0.00,855.00,'1'),(1640,168,163,71,NULL,4,132.00,11.00,140.00,1540.00,0.00,1540.00,'1'),(1641,169,74,46,NULL,7,3.70,144.00,3.96,570.24,0.00,570.24,'1'),(1642,169,72,289,NULL,7,7.45,96.00,7.92,760.32,0.00,760.32,'1'),(1643,169,79,291,NULL,7,7.45,48.00,7.93,380.64,0.00,380.64,'1'),(1644,169,85,59,NULL,7,3.70,96.00,3.96,380.16,0.00,380.16,'1'),(1645,169,88,297,NULL,7,3.70,144.00,3.96,570.24,0.00,570.24,'1'),(1646,169,89,298,NULL,7,3.70,144.00,3.96,570.24,0.00,570.24,'1'),(1647,169,96,57,NULL,7,3.70,96.00,3.96,380.16,0.00,380.16,'1'),(1648,169,75,390,NULL,7,3.70,96.00,3.96,380.16,0.00,380.16,'1'),(1649,169,98,288,NULL,1,3.80,252.00,4.00,1008.00,0.00,1008.00,'1'),(1650,169,136,296,NULL,12,141.00,2.00,150.00,300.00,0.00,300.00,'1'),(1651,169,176,221,NULL,2,34.00,6.00,38.00,228.00,0.00,228.00,'1'),(1652,169,180,229,NULL,2,90.00,2.00,95.00,190.00,0.00,190.00,'1'),(1653,169,151,378,NULL,12,45.12,24.00,48.00,1152.00,0.00,1152.00,'1'),(1654,170,74,46,NULL,7,3.70,24.00,3.96,95.04,0.00,95.04,'1'),(1655,170,75,390,NULL,7,3.70,96.00,3.96,380.16,0.00,380.16,'1'),(1656,170,98,222,NULL,1,3.80,36.00,4.00,144.00,0.00,144.00,'1'),(1657,170,120,255,NULL,7,93.36,1.00,100.00,100.00,0.00,100.00,'1'),(1658,170,125,384,NULL,7,180.00,1.00,190.00,190.00,0.00,190.00,'1'),(1659,170,132,383,NULL,7,45.24,10.00,48.00,480.00,0.00,480.00,'1'),(1660,170,40,250,NULL,4,306.00,0.50,320.00,160.00,0.00,160.00,'1'),(1661,170,176,221,NULL,2,34.00,4.00,38.00,152.00,0.00,152.00,'1'),(1662,170,180,229,NULL,2,90.00,2.00,95.00,190.00,0.00,190.00,'1'),(1663,170,171,220,NULL,11,150.00,1.00,160.00,160.00,0.00,160.00,'1'),(1664,170,22,258,NULL,13,120.00,2.00,132.00,264.00,0.00,264.00,'1'),(1665,170,73,376,NULL,2,33.50,9.00,35.00,315.00,0.00,315.00,'1'),(1666,171,74,46,NULL,7,3.70,48.00,3.96,190.08,0.00,190.08,'1'),(1667,171,78,362,NULL,7,3.70,48.00,3.96,190.08,0.00,190.08,'1'),(1668,171,88,297,NULL,7,3.70,48.00,3.96,190.08,0.00,190.08,'1'),(1669,171,90,393,NULL,7,3.70,96.00,3.96,380.16,0.00,380.16,'1'),(1670,171,98,254,NULL,1,3.80,180.00,4.00,720.00,0.00,720.00,'1'),(1671,171,132,383,NULL,7,45.24,4.00,48.00,192.00,0.00,192.00,'1'),(1672,171,44,359,NULL,1,65.00,6.00,70.00,420.00,0.00,420.00,'1'),(1673,171,40,250,NULL,4,306.00,0.50,320.00,160.00,0.00,160.00,'1'),(1674,171,180,367,NULL,2,90.00,8.00,95.00,760.00,0.00,760.00,'1'),(1675,171,22,258,NULL,13,120.00,1.00,132.00,132.00,0.00,132.00,'1'),(1676,172,74,370,NULL,7,3.70,96.00,3.96,380.16,0.00,380.16,'1'),(1677,172,72,289,NULL,7,7.45,120.00,7.92,950.40,0.00,950.40,'1'),(1678,172,85,59,NULL,7,3.70,48.00,3.96,190.08,0.00,190.08,'1'),(1679,172,88,297,NULL,7,3.70,48.00,3.96,190.08,0.00,190.08,'1'),(1680,172,89,298,NULL,7,3.70,48.00,3.96,190.08,0.00,190.08,'1'),(1681,172,90,393,NULL,7,3.70,48.00,3.96,190.08,0.00,190.08,'1'),(1682,172,96,57,NULL,7,3.70,96.00,3.96,380.16,0.00,380.16,'1'),(1683,172,75,390,NULL,7,3.70,48.00,3.96,190.08,0.00,190.08,'1'),(1684,172,98,288,NULL,1,3.80,252.00,4.00,1008.00,0.00,1008.00,'1'),(1685,172,122,294,NULL,7,93.36,4.00,100.00,400.00,0.00,400.00,'1'),(1686,172,126,256,NULL,7,180.00,7.00,190.00,1330.00,0.00,1330.00,'1'),(1687,172,136,296,NULL,12,141.00,2.00,150.00,300.00,0.00,300.00,'1'),(1688,172,132,383,NULL,7,45.24,12.00,48.00,576.00,0.00,576.00,'1'),(1689,172,131,391,NULL,7,93.60,2.00,100.00,200.00,0.00,200.00,'1'),(1690,172,43,389,NULL,1,25.00,30.00,28.00,840.00,0.00,840.00,'1'),(1691,172,44,359,NULL,1,65.00,15.00,70.00,1050.00,0.00,1050.00,'1'),(1692,172,176,221,NULL,2,34.00,5.00,38.00,190.00,0.00,190.00,'1'),(1693,172,180,251,NULL,2,90.00,4.00,95.00,380.00,0.00,380.00,'1'),(1694,172,171,361,NULL,11,150.00,2.00,160.00,320.00,0.00,320.00,'1'),(1695,172,174,58,NULL,1,7.45,48.00,7.92,380.16,0.00,380.16,'1'),(1696,172,73,290,NULL,2,33.50,6.00,35.00,210.00,0.00,210.00,'1'),(1697,173,79,291,NULL,7,7.45,24.00,7.93,190.32,0.00,190.32,'1'),(1698,173,88,297,NULL,7,3.70,48.00,3.96,190.08,0.00,190.08,'1'),(1699,173,89,298,NULL,7,3.70,48.00,3.96,190.08,0.00,190.08,'1'),(1700,173,68,387,NULL,2,39.42,9.00,42.00,378.00,0.00,378.00,'1'),(1701,173,75,49,NULL,7,3.70,48.00,3.96,190.08,0.00,190.08,'1'),(1702,173,98,304,NULL,1,3.80,36.00,4.00,144.00,0.00,144.00,'1'),(1703,173,122,294,NULL,7,93.36,3.00,100.00,300.00,0.00,300.00,'1'),(1704,173,126,256,NULL,7,180.00,1.00,190.00,190.00,0.00,190.00,'1'),(1705,173,136,296,NULL,12,141.00,2.00,150.00,300.00,0.00,300.00,'1'),(1706,173,43,389,NULL,1,25.00,30.00,28.00,840.00,0.00,840.00,'1'),(1707,173,44,76,NULL,1,65.00,4.00,70.00,280.00,0.00,280.00,'1'),(1708,173,44,359,NULL,1,65.00,2.00,70.00,140.00,0.00,140.00,'1'),(1709,173,176,69,NULL,2,34.00,1.00,38.00,38.00,0.00,38.00,'1'),(1710,173,176,221,NULL,2,34.00,5.00,38.00,190.00,0.00,190.00,'1'),(1711,173,171,220,NULL,11,150.00,1.00,160.00,160.00,0.00,160.00,'1'),(1712,173,174,58,NULL,1,7.45,72.00,7.92,570.24,0.00,570.24,'1'),(1713,174,31,414,NULL,4,270.00,3.00,280.00,840.00,0.00,840.00,'1'),(1714,175,481,195,NULL,7,26.00,2.00,30.00,60.00,0.00,60.00,'1'),(1715,175,201,248,NULL,1,92.00,1.00,100.00,100.00,0.00,100.00,'1'),(1716,175,80,292,NULL,7,7.45,24.00,7.92,190.08,0.00,190.08,'1'),(1717,176,189,241,NULL,2,292.95,7.00,315.00,2205.00,0.00,2205.00,'1'),(1718,176,196,247,NULL,1,31.28,48.00,34.00,1632.00,0.00,1632.00,'1'),(1719,177,189,325,NULL,2,292.95,9.00,315.00,2835.00,0.00,2835.00,'1'),(1720,177,190,326,NULL,2,242.00,2.00,260.00,520.00,0.00,520.00,'1'),(1721,177,188,242,NULL,2,148.80,2.00,160.00,320.00,0.00,320.00,'1'),(1722,177,184,25,NULL,2,18.60,1.00,20.00,20.00,0.00,20.00,'1'),(1723,177,184,249,NULL,2,18.60,11.00,20.00,220.00,0.00,220.00,'1'),(1724,177,202,324,NULL,2,32.90,14.00,35.00,490.00,0.00,490.00,'1'),(1725,177,192,244,NULL,1,82.80,4.00,90.00,360.00,0.00,360.00,'1'),(1726,177,191,15,NULL,1,59.80,6.00,65.00,390.00,0.00,390.00,'1'),(1727,177,205,22,NULL,1,22.32,3.00,25.00,75.00,0.00,75.00,'1'),(1728,177,194,328,NULL,1,20.24,4.00,22.00,88.00,0.00,88.00,'1'),(1729,177,193,245,NULL,5,15.64,1.00,18.00,18.00,0.00,18.00,'1'),(1730,177,199,17,NULL,1,69.00,3.00,75.00,225.00,0.00,225.00,'1'),(1731,177,197,20,NULL,1,64.40,5.00,70.00,350.00,0.00,350.00,'1'),(1732,178,190,326,NULL,2,242.00,3.00,260.00,780.00,0.00,780.00,'1'),(1733,178,186,27,NULL,2,58.59,2.00,66.00,132.00,0.00,132.00,'1'),(1734,178,202,324,NULL,2,32.90,6.00,35.00,210.00,0.00,210.00,'1'),(1735,178,191,15,NULL,1,59.80,6.00,65.00,390.00,0.00,390.00,'1'),(1736,179,189,325,NULL,2,292.95,5.00,315.00,1575.00,0.00,1575.00,'1'),(1737,179,190,326,NULL,2,242.00,3.00,260.00,780.00,0.00,780.00,'1'),(1738,179,188,242,NULL,2,148.80,12.00,160.00,1920.00,0.00,1920.00,'1'),(1739,179,202,324,NULL,2,32.90,6.00,35.00,210.00,0.00,210.00,'1'),(1740,179,201,248,NULL,1,92.00,6.00,100.00,600.00,0.00,600.00,'1'),(1741,180,188,242,NULL,2,148.80,1.00,160.00,160.00,0.00,160.00,'1'),(1742,180,204,21,NULL,1,6.51,12.00,7.00,84.00,0.00,84.00,'1'),(1743,181,189,325,NULL,2,292.95,8.00,315.00,2520.00,0.00,2520.00,'1'),(1744,181,190,326,NULL,2,242.00,3.00,260.00,780.00,0.00,780.00,'1'),(1745,181,186,27,NULL,2,58.59,4.00,66.00,264.00,0.00,264.00,'1'),(1746,181,202,324,NULL,2,32.90,3.00,35.00,105.00,0.00,105.00,'1'),(1747,181,191,15,NULL,1,59.80,3.00,65.00,195.00,0.00,195.00,'1'),(1748,181,204,21,NULL,1,6.51,36.00,7.00,252.00,0.00,252.00,'1'),(1749,182,229,332,NULL,9,1300.00,3.00,1380.00,4140.00,0.00,4140.00,'1'),(1750,182,217,331,NULL,10,370.00,1.00,380.00,380.00,0.00,380.00,'1'),(1751,182,207,329,NULL,4,42.00,300.00,44.00,13200.00,0.00,13200.00,'1'),(1752,182,440,396,NULL,4,270.00,5.00,290.00,1450.00,0.00,1450.00,'1'),(1753,182,438,394,NULL,4,400.00,6.00,440.00,2640.00,0.00,2640.00,'1'),(1754,182,443,380,NULL,4,160.00,5.00,170.00,850.00,0.00,850.00,'1'),(1755,182,215,330,NULL,4,132.00,1.00,137.00,137.00,0.00,137.00,'1'),(1756,183,207,329,NULL,4,42.00,81.00,44.00,3564.00,0.00,3564.00,'1'),(1757,183,230,233,NULL,9,2550.00,1.00,2650.00,2650.00,0.00,2650.00,'1'),(1758,184,207,329,NULL,4,42.00,126.00,44.00,5544.00,0.00,5544.00,'1'),(1759,184,230,233,NULL,9,2550.00,1.00,2650.00,2650.00,0.00,2650.00,'1'),(1760,184,229,332,NULL,9,1300.00,3.00,1380.00,4140.00,0.00,4140.00,'1'),(1761,184,215,330,NULL,4,132.00,13.00,137.00,1781.00,0.00,1781.00,'1'),(1762,184,438,394,NULL,4,400.00,1.50,440.00,660.00,0.00,660.00,'1'),(1763,184,440,396,NULL,4,270.00,4.00,290.00,1160.00,0.00,1160.00,'1'),(1764,184,443,380,NULL,4,160.00,5.00,170.00,850.00,0.00,850.00,'1'),(1765,185,230,233,NULL,9,2550.00,1.00,2650.00,2650.00,0.00,2650.00,'1'),(1766,185,440,396,NULL,4,270.00,2.00,290.00,580.00,0.00,580.00,'1'),(1767,185,438,394,NULL,4,400.00,1.00,440.00,440.00,0.00,440.00,'1'),(1768,186,3,237,NULL,1,45.20,16.00,48.00,768.00,0.00,768.00,'1'),(1769,186,4,149,NULL,1,7.55,36.00,8.00,288.00,0.00,288.00,'1'),(1770,186,7,152,NULL,1,3.77,504.00,4.00,2016.00,0.00,2016.00,'1'),(1771,187,2,156,NULL,2,51.82,6.00,55.00,330.00,0.00,330.00,'1'),(1772,187,3,237,NULL,1,45.20,12.00,48.00,576.00,0.00,576.00,'1'),(1773,187,4,149,NULL,1,7.55,48.00,8.00,384.00,0.00,384.00,'1'),(1774,187,9,151,NULL,1,3.77,144.00,4.00,576.00,0.00,576.00,'1'),(1775,187,19,342,NULL,2,139.42,10.00,142.00,1420.00,0.00,1420.00,'1'),(1776,188,2,156,NULL,2,51.82,54.00,55.00,2970.00,0.00,2970.00,'1'),(1777,188,3,237,NULL,1,45.20,22.00,48.00,1056.00,0.00,1056.00,'1'),(1778,188,4,149,NULL,1,7.55,72.00,8.00,576.00,0.00,576.00,'1'),(1779,188,9,240,NULL,1,3.76,144.00,4.00,576.00,0.00,576.00,'1'),(1780,188,11,154,NULL,2,33.00,6.00,35.00,210.00,0.00,210.00,'1'),(1781,188,12,155,NULL,2,30.00,12.00,32.00,384.00,0.00,384.00,'1'),(1782,188,43,389,NULL,1,25.00,3.00,28.00,84.00,0.00,84.00,'1'),(1783,189,2,156,NULL,2,51.82,6.00,55.00,330.00,0.00,330.00,'1'),(1784,189,3,237,NULL,1,45.20,9.00,48.00,432.00,0.00,432.00,'1'),(1785,190,245,204,NULL,1,109.26,6.00,118.00,708.00,0.00,708.00,'1'),(1786,190,244,203,NULL,1,58.33,24.00,63.00,1512.00,0.00,1512.00,'1'),(1787,191,246,205,NULL,1,208.33,3.00,225.00,675.00,0.00,675.00,'1'),(1788,191,245,204,NULL,1,109.26,8.00,118.00,944.00,0.00,944.00,'1'),(1789,191,244,203,NULL,1,58.33,14.00,63.00,882.00,0.00,882.00,'1'),(1790,192,245,204,NULL,1,109.26,18.00,118.00,2124.00,0.00,2124.00,'1'),(1791,192,244,203,NULL,1,58.33,24.00,63.00,1512.00,0.00,1512.00,'1'),(1792,192,487,215,NULL,1,22.22,12.00,24.00,288.00,0.00,288.00,'1'),(1793,192,252,209,NULL,2,41.67,30.00,45.00,1350.00,0.00,1350.00,'1'),(1794,192,251,337,NULL,2,23.15,200.00,25.00,5000.00,0.00,5000.00,'1'),(1795,192,259,212,NULL,1,29.63,24.00,32.00,768.00,0.00,768.00,'1'),(1796,192,262,214,NULL,1,29.63,24.00,32.00,768.00,0.00,768.00,'1'),(1797,193,247,2,NULL,1,490.74,1.00,530.00,530.00,0.00,530.00,'1'),(1798,193,245,204,NULL,1,109.26,6.00,118.00,708.00,0.00,708.00,'1'),(1799,193,244,203,NULL,1,58.33,12.00,63.00,756.00,0.00,756.00,'1'),(1800,193,487,215,NULL,1,22.22,3.00,24.00,72.00,0.00,72.00,'1'),(1801,193,259,212,NULL,1,29.63,6.00,32.00,192.00,0.00,192.00,'1'),(1802,193,449,39,NULL,1,26.85,6.00,29.00,174.00,0.00,174.00,'1'),(1803,193,251,208,NULL,2,23.15,20.00,25.00,500.00,0.00,500.00,'1'),(1804,194,245,204,NULL,1,109.26,6.00,118.00,708.00,0.00,708.00,'1'),(1805,194,244,203,NULL,1,58.33,11.00,63.00,693.00,0.00,693.00,'1'),(1806,194,263,9,NULL,1,20.37,6.00,22.00,132.00,0.00,132.00,'1'),(1807,195,247,2,NULL,1,490.74,1.00,530.00,530.00,0.00,530.00,'1'),(1808,195,245,204,NULL,1,109.26,5.00,118.00,590.00,0.00,590.00,'1'),(1809,195,244,203,NULL,1,58.33,2.00,63.00,126.00,0.00,126.00,'1'),(1810,195,295,13,NULL,2,142.86,5.00,150.00,750.00,0.00,750.00,'1'),(1811,195,251,208,NULL,2,23.15,60.00,25.00,1500.00,0.00,1500.00,'1'),(1812,196,247,2,NULL,1,490.74,2.00,530.00,1060.00,0.00,1060.00,'1'),(1813,197,245,204,NULL,1,109.26,12.00,118.00,1416.00,0.00,1416.00,'1'),(1814,197,244,203,NULL,1,58.33,9.00,63.00,567.00,0.00,567.00,'1'),(1815,198,247,2,NULL,1,490.74,2.00,530.00,1060.00,0.00,1060.00,'1'),(1816,198,245,204,NULL,1,109.26,12.00,118.00,1416.00,0.00,1416.00,'1'),(1817,198,244,203,NULL,1,58.33,30.00,63.00,1890.00,0.00,1890.00,'1'),(1818,198,247,206,NULL,1,490.74,1.00,530.00,530.00,0.00,530.00,'1'),(1819,199,248,1,NULL,1,865.74,1.00,935.00,935.00,0.00,935.00,'1'),(1820,199,246,205,NULL,1,208.33,3.00,225.00,675.00,0.00,675.00,'1'),(1821,199,244,203,NULL,1,58.33,8.00,63.00,504.00,0.00,504.00,'1'),(1822,199,256,210,NULL,1,29.63,3.00,32.00,96.00,0.00,96.00,'1'),(1823,199,251,208,NULL,2,23.15,20.00,25.00,500.00,0.00,500.00,'1'),(1824,200,74,293,NULL,7,3.70,48.00,3.96,190.08,0.00,190.08,'1'),(1825,200,72,289,NULL,7,7.45,72.00,7.92,570.24,0.00,570.24,'1'),(1826,200,79,291,NULL,7,7.45,24.00,7.93,190.32,0.00,190.32,'1'),(1827,200,85,59,NULL,7,3.70,48.00,3.96,190.08,0.00,190.08,'1'),(1828,200,80,292,NULL,7,7.45,72.00,7.92,570.24,0.00,570.24,'1'),(1829,200,88,297,NULL,7,3.70,144.00,3.96,570.24,0.00,570.24,'1'),(1830,200,89,298,NULL,7,3.70,48.00,3.96,190.08,0.00,190.08,'1'),(1831,200,90,393,NULL,7,3.70,96.00,3.96,380.16,0.00,380.16,'1'),(1832,200,77,388,NULL,1,34.00,16.00,40.00,640.00,0.00,640.00,'1'),(1833,200,96,57,NULL,7,3.70,48.00,3.96,190.08,0.00,190.08,'1'),(1834,200,75,390,NULL,7,3.70,288.00,3.96,1140.48,0.00,1140.48,'1'),(1835,200,98,288,NULL,1,3.80,180.00,4.00,720.00,0.00,720.00,'1'),(1836,200,99,253,NULL,11,140.00,1.00,150.00,150.00,0.00,150.00,'1'),(1837,200,122,294,NULL,7,93.36,4.00,100.00,400.00,0.00,400.00,'1'),(1838,200,136,386,NULL,12,141.00,2.00,150.00,300.00,0.00,300.00,'1'),(1839,200,132,383,NULL,7,45.24,16.00,48.00,768.00,0.00,768.00,'1'),(1840,200,131,391,NULL,7,93.60,2.00,100.00,200.00,0.00,200.00,'1'),(1841,200,43,389,NULL,1,25.00,4.00,28.00,112.00,0.00,112.00,'1'),(1842,200,44,359,NULL,1,65.00,2.00,70.00,140.00,0.00,140.00,'1'),(1843,200,174,58,NULL,1,7.45,108.00,7.92,855.36,0.00,855.36,'1'),(1844,201,74,293,NULL,7,3.70,48.00,3.96,190.08,0.00,190.08,'1'),(1845,201,72,289,NULL,7,7.45,24.00,7.92,190.08,0.00,190.08,'1'),(1846,201,85,59,NULL,7,3.70,96.00,3.96,380.16,0.00,380.16,'1'),(1847,201,88,297,NULL,7,3.70,48.00,3.96,190.08,0.00,190.08,'1'),(1848,201,68,387,NULL,2,39.42,6.00,42.00,252.00,0.00,252.00,'1'),(1849,201,96,57,NULL,7,3.70,48.00,3.96,190.08,0.00,190.08,'1'),(1850,201,75,390,NULL,7,3.70,48.00,3.96,190.08,0.00,190.08,'1'),(1851,201,98,288,NULL,1,3.80,108.00,4.00,432.00,0.00,432.00,'1'),(1852,201,120,255,NULL,7,93.36,1.00,100.00,100.00,0.00,100.00,'1'),(1853,201,126,256,NULL,7,180.00,1.00,190.00,190.00,0.00,190.00,'1'),(1854,201,132,383,NULL,7,45.24,10.00,48.00,480.00,0.00,480.00,'1'),(1855,201,43,389,NULL,1,25.00,6.00,28.00,168.00,0.00,168.00,'1'),(1856,201,509,353,NULL,4,240.00,3.00,260.00,780.00,0.00,780.00,'1'),(1857,201,171,361,NULL,11,150.00,1.00,160.00,160.00,0.00,160.00,'1'),(1858,202,328,272,NULL,7,269.40,0.00,290.00,0.00,0.00,0.00,'1'),(1859,202,326,121,NULL,7,192.00,0.00,205.00,0.00,0.00,0.00,'1'),(1860,202,329,123,NULL,1,64.00,0.00,70.00,0.00,0.00,0.00,'1'),(1861,202,325,126,NULL,2,42.00,0.00,45.00,0.00,0.00,0.00,'1'),(1862,202,320,130,NULL,2,160.56,0.00,170.00,0.00,0.00,0.00,'1'),(1863,202,314,127,NULL,2,47.50,0.00,50.00,0.00,0.00,0.00,'1'),(1864,202,318,129,NULL,2,74.00,0.00,78.00,0.00,0.00,0.00,'1'),(1865,202,332,124,NULL,2,30.00,0.00,32.00,0.00,0.00,0.00,'1'),(1866,202,394,279,NULL,1,370.00,0.00,390.00,0.00,0.00,0.00,'1'),(1867,202,420,33,NULL,1,6.20,0.00,6.66,0.00,0.00,0.00,'1'),(1868,202,419,90,NULL,1,6.24,0.00,6.50,0.00,0.00,0.00,'1'),(1869,202,429,113,NULL,8,186.00,0.00,200.00,0.00,0.00,0.00,'1'),(1870,202,426,117,NULL,8,146.88,0.00,155.00,0.00,0.00,0.00,'1'),(1871,202,302,137,NULL,1,80.00,1.00,85.00,85.00,0.00,85.00,'1'),(1872,202,304,270,NULL,1,80.00,0.00,85.00,0.00,0.00,0.00,'1'),(1873,203,328,272,NULL,7,269.40,6.00,290.00,1740.00,0.00,1740.00,'1'),(1874,203,326,121,NULL,7,192.00,4.00,205.00,820.00,0.00,820.00,'1'),(1875,203,325,126,NULL,2,42.00,9.00,45.00,405.00,0.00,405.00,'1'),(1876,203,329,123,NULL,1,64.00,4.00,70.00,280.00,0.00,280.00,'1'),(1877,203,332,124,NULL,2,30.00,9.00,32.00,288.00,0.00,288.00,'1'),(1878,203,377,277,NULL,1,24.30,12.00,26.00,312.00,0.00,312.00,'1'),(1879,203,360,101,NULL,1,35.60,36.00,40.00,1440.00,0.00,1440.00,'1'),(1880,203,394,279,NULL,1,370.00,1.00,390.00,390.00,0.00,390.00,'1'),(1881,203,414,95,NULL,8,65.00,3.00,70.00,210.00,0.00,210.00,'1'),(1882,203,424,31,NULL,2,68.66,1.00,80.00,80.00,0.00,80.00,'1'),(1883,203,347,271,NULL,2,173.00,2.00,190.00,380.00,0.00,380.00,'1'),(1884,204,328,272,NULL,7,269.40,10.00,290.00,2900.00,0.00,2900.00,'1'),(1885,204,326,121,NULL,7,192.00,4.00,205.00,820.00,0.00,820.00,'1'),(1886,204,327,122,NULL,7,180.00,1.00,190.00,190.00,0.00,190.00,'1'),(1887,204,320,130,NULL,2,160.56,1.00,170.00,170.00,0.00,170.00,'1'),(1888,204,314,127,NULL,2,47.50,3.00,50.00,150.00,0.00,150.00,'1'),(1889,204,325,126,NULL,2,42.00,4.00,45.00,180.00,0.00,180.00,'1'),(1890,204,329,123,NULL,1,64.00,3.00,70.00,210.00,0.00,210.00,'1'),(1891,204,332,124,NULL,2,30.00,82.00,32.00,2624.00,0.00,2624.00,'1'),(1892,204,360,101,NULL,1,35.60,12.00,40.00,480.00,0.00,480.00,'1'),(1893,204,401,278,NULL,1,375.00,5.00,400.00,2000.00,0.00,2000.00,'1'),(1894,204,427,404,NULL,8,105.00,1.00,120.00,120.00,0.00,120.00,'1'),(1895,204,426,117,NULL,8,146.88,1.00,155.00,155.00,0.00,155.00,'1'),(1896,205,328,272,NULL,7,269.40,4.00,290.00,1160.00,0.00,1160.00,'1'),(1897,205,326,121,NULL,7,192.00,3.00,205.00,615.00,0.00,615.00,'1'),(1898,205,314,127,NULL,2,47.50,26.00,50.00,1300.00,0.00,1300.00,'1'),(1899,205,332,124,NULL,2,30.00,75.00,32.00,2400.00,0.00,2400.00,'1'),(1900,205,360,101,NULL,1,35.60,12.00,40.00,480.00,0.00,480.00,'1'),(1901,205,300,409,NULL,1,80.00,2.00,85.00,170.00,0.00,170.00,'1'),(1902,206,328,272,NULL,7,269.40,2.00,290.00,580.00,0.00,580.00,'1'),(1903,206,327,122,NULL,7,180.00,1.00,190.00,190.00,0.00,190.00,'1'),(1904,206,320,130,NULL,2,160.56,1.00,170.00,170.00,0.00,170.00,'1'),(1905,206,325,274,NULL,2,42.00,47.00,45.00,2115.00,0.00,2115.00,'1'),(1906,206,318,129,NULL,2,74.00,12.00,78.00,936.00,0.00,936.00,'1'),(1907,206,314,127,NULL,2,47.50,3.00,50.00,150.00,0.00,150.00,'1'),(1908,206,330,125,NULL,2,70.50,3.00,75.00,225.00,0.00,225.00,'1'),(1909,206,332,273,NULL,2,30.00,15.00,32.00,480.00,0.00,480.00,'1'),(1910,206,329,123,NULL,1,64.00,9.00,70.00,630.00,0.00,630.00,'1'),(1911,206,401,278,NULL,1,375.00,1.00,400.00,400.00,0.00,400.00,'1'),(1912,206,409,397,NULL,7,42.72,5.00,45.24,226.20,0.00,226.20,'1'),(1913,206,408,398,NULL,8,122.37,1.00,130.00,130.00,0.00,130.00,'1'),(1914,206,435,94,NULL,8,127.20,1.00,135.00,135.00,0.00,135.00,'1'),(1915,206,427,118,NULL,8,105.00,1.00,120.00,120.00,0.00,120.00,'1'),(1916,206,300,409,NULL,1,80.00,10.00,85.00,850.00,0.00,850.00,'1'),(1917,206,301,410,NULL,1,80.00,10.00,85.00,850.00,0.00,850.00,'1'),(1918,206,302,411,NULL,1,80.00,10.00,85.00,850.00,0.00,850.00,'1'),(1919,207,328,272,NULL,7,269.40,17.00,290.00,4930.00,0.00,4930.00,'1'),(1920,207,326,121,NULL,7,192.00,2.00,205.00,410.00,0.00,410.00,'1'),(1921,207,325,126,NULL,2,42.00,9.00,45.00,405.00,0.00,405.00,'1'),(1922,207,314,127,NULL,2,47.50,9.00,50.00,450.00,0.00,450.00,'1'),(1923,207,332,124,NULL,2,30.00,136.00,32.00,4352.00,0.00,4352.00,'1'),(1924,207,377,103,NULL,1,24.30,24.00,26.00,624.00,0.00,624.00,'1'),(1925,207,375,104,NULL,1,24.30,24.00,26.00,624.00,0.00,624.00,'1'),(1926,207,347,271,NULL,2,173.00,1.00,190.00,190.00,0.00,190.00,'1'),(1927,207,300,409,NULL,1,80.00,97.00,85.00,8245.00,0.00,8245.00,'1'),(1928,207,301,410,NULL,1,80.00,97.00,85.00,8245.00,0.00,8245.00,'1'),(1929,207,302,411,NULL,1,80.00,97.00,85.00,8245.00,0.00,8245.00,'1'),(1930,208,328,272,NULL,7,269.40,2.00,290.00,580.00,0.00,580.00,'1'),(1931,208,314,127,NULL,2,47.50,6.00,50.00,300.00,0.00,300.00,'1'),(1932,208,332,124,NULL,2,30.00,6.00,32.00,192.00,0.00,192.00,'1'),(1933,208,409,397,NULL,7,42.72,6.00,45.24,271.44,0.00,271.44,'1'),(1934,208,435,94,NULL,8,127.20,1.00,135.00,135.00,0.00,135.00,'1'),(1935,208,377,103,NULL,1,24.30,12.00,26.00,312.00,0.00,312.00,'1'),(1936,208,301,410,NULL,1,80.00,30.00,85.00,2550.00,0.00,2550.00,'1'),(1937,209,328,272,NULL,7,269.40,4.00,290.00,1160.00,0.00,1160.00,'1'),(1938,209,320,130,NULL,2,160.56,1.00,170.00,170.00,0.00,170.00,'1'),(1939,209,332,124,NULL,2,30.00,6.00,32.00,192.00,0.00,192.00,'1'),(1940,209,377,103,NULL,1,24.30,12.00,26.00,312.00,0.00,312.00,'1'),(1941,209,358,102,NULL,1,35.60,12.00,40.00,480.00,0.00,480.00,'1'),(1942,209,425,30,NULL,2,82.40,1.00,90.00,90.00,0.00,90.00,'1'),(1943,209,424,31,NULL,2,68.66,1.00,80.00,80.00,0.00,80.00,'1'),(1944,209,301,410,NULL,1,80.00,22.00,85.00,1870.00,0.00,1870.00,'1'),(1945,209,302,411,NULL,1,80.00,22.00,85.00,1870.00,0.00,1870.00,'1'),(1946,209,303,412,NULL,1,80.00,22.00,85.00,1870.00,0.00,1870.00,'1'),(1947,209,304,413,NULL,1,80.00,23.00,85.00,1955.00,0.00,1955.00,'1'),(1948,210,328,272,NULL,7,269.40,3.00,290.00,870.00,0.00,870.00,'1'),(1949,210,326,121,NULL,7,192.00,2.00,205.00,410.00,0.00,410.00,'1'),(1950,210,327,122,NULL,7,180.00,1.00,190.00,190.00,0.00,190.00,'1'),(1951,210,320,130,NULL,2,160.56,1.00,170.00,170.00,0.00,170.00,'1'),(1952,210,314,127,NULL,2,47.50,6.00,50.00,300.00,0.00,300.00,'1'),(1953,210,329,123,NULL,1,64.00,6.00,70.00,420.00,0.00,420.00,'1'),(1954,210,332,124,NULL,2,30.00,68.00,32.00,2176.00,0.00,2176.00,'1'),(1955,210,330,125,NULL,2,70.50,54.00,75.00,4050.00,0.00,4050.00,'1'),(1956,210,377,103,NULL,1,24.30,12.00,26.00,312.00,0.00,312.00,'1'),(1957,210,360,101,NULL,1,35.60,12.00,40.00,480.00,0.00,480.00,'1'),(1958,210,409,397,NULL,7,42.72,14.00,45.24,633.36,0.00,633.36,'1'),(1959,210,415,91,NULL,1,4.16,36.00,4.33,155.88,0.00,155.88,'1'),(1960,210,401,278,NULL,1,375.00,1.00,400.00,400.00,0.00,400.00,'1'),(1961,210,428,403,NULL,8,111.60,1.00,120.00,120.00,0.00,120.00,'1'),(1962,210,429,113,NULL,8,186.00,1.00,200.00,200.00,0.00,200.00,'1'),(1963,210,300,409,NULL,1,80.00,10.00,85.00,850.00,0.00,850.00,'1'),(1964,210,301,410,NULL,1,80.00,10.00,85.00,850.00,0.00,850.00,'1'),(1965,210,302,411,NULL,1,80.00,1.00,85.00,85.00,0.00,85.00,'1'),(1966,211,207,416,NULL,4,12.00,1.00,12.00,12.00,0.00,12.00,'1'),(1967,211,208,417,NULL,4,54.00,1.00,44.00,44.00,0.00,44.00,'1'),(1968,211,208,421,NULL,4,54.00,1.00,44.00,44.00,0.00,44.00,'1'),(1969,211,211,424,NULL,2,20.00,1.00,25.00,25.00,0.00,25.00,'1'),(1970,211,214,426,NULL,4,100.00,1.00,110.00,110.00,0.00,110.00,'1'),(1971,212,207,416,NULL,4,12.00,1.00,12.00,12.00,0.00,12.00,'1'),(1972,212,208,417,NULL,4,54.00,1.00,44.00,44.00,0.00,44.00,'1'),(1973,214,212,425,NULL,1,50.00,1.00,55.00,55.00,0.00,55.00,'1'),(1974,215,248,1,NULL,1,865.74,1.00,935.00,935.00,0.00,935.00,'1'),(1975,216,207,420,NULL,4,12.00,1.00,12.00,12.00,0.00,12.00,'1'),(1976,217,208,417,NULL,4,54.00,1.00,44.00,44.00,0.00,44.00,'1'),(1977,217,211,424,NULL,2,20.00,1.00,25.00,25.00,0.00,25.00,'1'),(1978,218,207,416,NULL,4,12.00,2.00,12.00,24.00,0.00,24.00,'1'),(1979,219,208,421,NULL,4,54.00,1.00,44.00,44.00,0.00,44.00,'1'),(1980,220,207,416,NULL,4,12.00,1.00,12.00,12.00,0.00,12.00,'1'),(1981,221,248,1,NULL,1,865.74,1.00,935.00,935.00,0.00,935.00,'1'),(1982,222,214,426,NULL,4,100.00,1.00,110.00,110.00,0.00,110.00,'1'),(1983,223,207,416,NULL,4,12.00,1.00,12.00,12.00,0.00,12.00,'1'),(1984,223,208,417,NULL,4,54.00,2.00,44.00,88.00,0.00,88.00,'1'),(1985,224,207,416,NULL,4,12.00,1.00,12.00,12.00,0.00,12.00,'1'),(1986,224,208,417,NULL,4,54.00,1.00,44.00,44.00,0.00,44.00,'1'),(1987,225,207,416,NULL,4,12.00,2.00,12.00,24.00,0.00,24.00,'1');
/*!40000 ALTER TABLE `cart_items` ENABLE KEYS */;
UNLOCK TABLES;

--
-- Table structure for table `cart_payment_methods`
--

DROP TABLE IF EXISTS `cart_payment_methods`;
/*!40101 SET @saved_cs_client     = @@character_set_client */;
/*!50503 SET character_set_client = utf8mb4 */;
CREATE TABLE `cart_payment_methods` (
  `payment_method_id` int NOT NULL AUTO_INCREMENT,
  `payment_method` varchar(64) NOT NULL,
  `payment_method_symbol` varchar(16) NOT NULL,
  `payment_method_charge` float NOT NULL,
  `is_verified` int NOT NULL,
  PRIMARY KEY (`payment_method_id`)
) ENGINE=InnoDB AUTO_INCREMENT=5 DEFAULT CHARSET=latin1;
/*!40101 SET character_set_client = @saved_cs_client */;

--
-- Dumping data for table `cart_payment_methods`
--

LOCK TABLES `cart_payment_methods` WRITE;
/*!40000 ALTER TABLE `cart_payment_methods` DISABLE KEYS */;
INSERT INTO `cart_payment_methods` VALUES (1,'Cash','Cash',0,1),(2,'Bank','BANK',0,1),(3,'ATM','ATM',0,1),(4,'Others','Others',0,1);
/*!40000 ALTER TABLE `cart_payment_methods` ENABLE KEYS */;
UNLOCK TABLES;

--
-- Table structure for table `cart_return_info`
--

DROP TABLE IF EXISTS `cart_return_info`;
/*!40101 SET @saved_cs_client     = @@character_set_client */;
/*!50503 SET character_set_client = utf8mb4 */;
CREATE TABLE `cart_return_info` (
  `cart_return_id` int NOT NULL AUTO_INCREMENT,
  `login_id` int DEFAULT NULL,
  `cart_id` int DEFAULT NULL,
  `cart_total_amount` decimal(10,2) DEFAULT '0.00',
  `cart_total_item_quantity` decimal(10,2) DEFAULT '0.00',
  `received_by_id` int DEFAULT NULL,
  `total_return_qunatity` decimal(10,2) DEFAULT '0.00',
  `damage_return_quantity` decimal(10,2) DEFAULT '0.00',
  `new_total_amount` decimal(10,2) DEFAULT '0.00',
  `refund_amount` decimal(10,2) DEFAULT '0.00',
  `damage_return_amount` decimal(10,2) DEFAULT '0.00',
  `total_customer_due` decimal(10,2) DEFAULT '0.00',
  `delivery_man_due` decimal(10,2) DEFAULT '0.00',
  `return_date` varchar(32) DEFAULT NULL,
  PRIMARY KEY (`cart_return_id`)
) ENGINE=InnoDB AUTO_INCREMENT=210 DEFAULT CHARSET=latin1;
/*!40101 SET character_set_client = @saved_cs_client */;

--
-- Dumping data for table `cart_return_info`
--

LOCK TABLES `cart_return_info` WRITE;
/*!40000 ALTER TABLE `cart_return_info` DISABLE KEYS */;
INSERT INTO `cart_return_info` VALUES (1,3,4,3213.00,79.00,2,0.00,0.00,3213.00,0.00,0.00,0.00,0.00,'2024-07-02 09:54:37'),(2,7,5,4997.00,206.00,2,52.00,1.00,4573.00,384.00,40.00,0.00,0.00,'2024-07-02 10:51:22'),(3,4,1,39846.90,3314.00,2,0.00,0.00,39846.90,0.00,0.00,0.00,0.00,'2024-07-02 11:21:57'),(4,7,10,31193.50,711.00,2,0.00,0.00,31193.50,0.00,0.00,0.00,0.00,'2024-07-02 11:40:24'),(5,7,6,11825.70,221.00,2,25.00,0.00,10632.70,1193.00,0.00,0.00,0.00,'2024-07-02 11:43:49'),(6,4,2,33664.80,903.00,2,5.00,0.00,33193.80,471.00,0.00,0.00,0.00,'2024-07-02 11:47:53'),(7,4,11,15429.00,265.00,2,0.00,0.00,15429.00,0.00,0.00,0.00,0.00,'2024-07-02 12:04:29'),(8,4,12,12241.60,354.00,2,0.00,0.00,12241.60,0.00,0.00,0.00,0.00,'2024-07-02 12:13:04'),(9,4,13,29957.00,369.00,2,0.00,0.00,29957.00,0.00,0.00,0.00,0.00,'2024-07-02 12:23:02'),(10,6,8,4016.00,89.00,2,0.00,0.00,4016.00,0.00,0.00,0.00,0.00,'2024-07-03 10:17:17'),(11,4,3,4838.00,59.00,2,24.00,0.00,2882.00,1956.00,0.00,0.00,0.00,'2024-07-03 10:19:33'),(12,5,14,9981.00,141.00,2,0.00,0.00,9981.00,0.00,0.00,0.00,0.00,'2024-07-03 10:27:01'),(13,4,16,5176.00,80.00,2,0.00,0.00,5176.00,0.00,0.00,0.00,0.00,'2024-07-03 11:34:13'),(14,4,15,14486.00,245.00,2,0.00,0.00,14486.00,0.00,0.00,0.00,0.00,'2024-07-03 11:34:22'),(15,4,18,7713.00,266.00,2,90.00,0.00,4206.00,3507.00,0.00,0.00,0.00,'2024-07-03 21:01:18'),(16,4,17,14422.92,190.00,2,17.00,0.00,13719.92,703.00,0.00,0.00,0.00,'2024-07-03 21:03:27'),(17,3,7,25873.68,2866.00,2,704.00,0.00,22688.68,3185.00,0.00,0.00,0.00,'2024-07-03 23:29:20'),(18,3,23,17591.36,2371.00,2,0.00,0.00,17591.36,0.00,0.00,0.00,0.00,'2024-07-03 23:45:17'),(19,7,9,13688.32,1372.00,2,0.00,0.00,13688.32,0.00,0.00,0.00,0.00,'2024-07-04 20:44:45'),(20,7,22,4054.00,511.00,2,199.00,0.00,2744.00,1310.00,0.00,0.00,0.00,'2024-07-04 20:47:44'),(21,7,19,4550.00,380.00,2,56.00,0.00,3918.00,632.00,0.00,0.00,0.00,'2024-07-04 20:50:06'),(22,7,25,920.00,25.00,2,0.00,0.00,920.00,0.00,0.00,0.00,0.00,'2024-07-04 21:15:01'),(23,5,26,6326.00,115.00,2,0.00,0.00,6326.00,0.00,0.00,0.00,0.00,'2024-07-04 21:32:01'),(24,6,27,15747.00,65.00,2,0.00,0.00,15747.00,0.00,0.00,0.00,0.00,'2024-07-04 21:42:51'),(25,3,28,11064.20,1282.00,2,434.00,0.00,8339.20,2725.00,0.00,0.00,0.00,'2024-07-06 10:36:50'),(26,4,38,2450.96,56.00,2,0.00,0.00,2450.96,0.00,0.00,0.00,0.00,'2024-07-06 21:38:58'),(27,7,30,8160.00,670.00,2,205.00,0.00,7049.00,1111.00,0.00,0.00,0.00,'2024-07-06 21:47:50'),(28,7,29,4254.00,84.00,2,0.00,0.00,4254.00,0.00,0.00,0.00,0.00,'2024-07-06 21:48:42'),(29,7,36,3720.00,4.00,2,0.00,0.00,3720.00,0.00,0.00,0.00,0.00,'2024-07-06 21:48:56'),(30,4,34,6889.00,108.00,2,61.00,0.00,4792.00,2097.00,0.00,0.00,0.00,'2024-07-06 21:52:00'),(31,4,35,16476.84,151.00,2,6.00,0.00,16224.84,252.00,0.00,0.00,0.00,'2024-07-06 21:52:37'),(32,3,33,2669.66,223.00,2,48.00,0.00,2477.66,192.00,0.00,0.00,0.00,'2024-07-06 21:53:15'),(33,7,46,5884.08,478.00,2,117.00,0.00,4212.08,1672.00,0.00,0.00,0.00,'2024-07-07 21:06:23'),(34,7,44,9419.60,199.00,2,17.00,0.00,8703.60,716.00,0.00,0.00,0.00,'2024-07-07 21:15:58'),(35,7,45,8970.00,11.00,2,3.00,0.00,6860.00,2110.00,0.00,0.00,0.00,'2024-07-07 21:28:19'),(36,3,39,19447.96,1992.00,2,495.00,0.00,15876.96,3571.00,0.00,0.00,0.00,'2024-07-07 21:56:52'),(37,4,40,7859.84,172.00,2,63.00,0.00,6413.84,1446.00,0.00,0.00,0.00,'2024-07-07 21:59:22'),(38,4,41,5055.00,68.00,2,21.00,0.00,4371.00,684.00,0.00,0.00,0.00,'2024-07-07 22:00:45'),(39,5,42,6386.00,55.00,2,43.00,0.00,756.00,5630.00,0.00,0.00,0.00,'2024-07-08 10:30:14'),(40,5,43,192.00,6.00,2,2.00,0.00,128.00,64.00,0.00,0.00,0.00,'2024-07-08 10:39:13'),(41,5,31,2928.00,36.00,2,12.00,0.00,1512.00,1416.00,0.00,0.00,0.00,'2024-07-08 10:40:32'),(42,3,52,30346.68,2645.00,2,736.00,0.00,25177.68,5169.00,0.00,0.00,0.00,'2024-07-08 20:46:11'),(43,3,53,910.00,8.00,2,0.00,0.00,910.00,0.00,0.00,0.00,0.00,'2024-07-08 20:47:16'),(44,6,55,920.00,13.00,2,0.00,0.00,920.00,0.00,0.00,0.00,0.00,'2024-07-08 20:52:56'),(45,6,37,2132.80,13.00,2,0.00,0.00,2132.80,0.00,0.00,0.00,0.00,'2024-07-08 20:57:38'),(46,7,54,31500.00,135.00,2,4.00,0.00,30952.00,548.00,0.00,0.00,0.00,'2024-07-09 10:14:22'),(47,7,51,4824.00,312.00,2,147.00,0.00,4008.00,816.00,0.00,0.00,0.00,'2024-07-09 10:16:32'),(48,4,50,34838.16,444.00,2,21.00,0.00,32006.16,2832.00,0.00,0.00,0.00,'2024-07-09 10:18:46'),(49,4,48,15116.00,127.00,2,3.00,0.00,14496.00,620.00,0.00,0.00,0.00,'2024-07-09 10:20:20'),(50,5,49,6116.00,94.00,2,26.00,0.00,4748.00,1368.00,0.00,0.00,0.00,'2024-07-09 10:22:36'),(51,7,56,25092.20,158.00,2,13.00,0.00,23275.40,1816.80,0.00,0.00,0.00,'2024-07-09 22:15:27'),(52,7,58,4916.00,358.00,2,42.00,0.00,3811.00,1105.00,0.00,0.00,0.00,'2024-07-09 22:17:38'),(53,7,57,4550.00,7.00,2,2.00,0.00,2730.00,1820.00,0.00,0.00,0.00,'2024-07-09 22:19:41'),(54,5,62,6532.00,70.00,2,9.00,0.00,5800.00,732.00,0.00,0.00,0.00,'2024-07-09 22:21:31'),(55,3,61,27426.96,3676.00,2,801.50,0.00,21740.96,5686.00,0.00,0.00,0.00,'2024-07-10 10:58:48'),(56,5,67,6992.00,196.00,2,0.00,0.00,6992.00,0.00,0.00,0.00,0.00,'2024-07-10 12:09:44'),(57,6,68,1950.00,5.00,2,0.00,0.00,1950.00,0.00,0.00,950.00,0.00,'2024-07-10 12:21:23'),(58,3,64,3022.00,30.00,2,0.00,0.00,3022.00,0.00,0.00,0.00,0.00,'2024-07-10 20:34:43'),(59,3,63,12037.28,1431.00,2,535.00,0.00,8492.64,3544.64,0.00,0.00,0.00,'2024-07-10 20:41:09'),(60,4,65,9120.72,156.00,2,16.00,0.00,8470.72,650.00,0.00,0.00,0.00,'2024-07-10 20:46:25'),(61,4,66,9810.00,76.00,2,24.00,0.00,8551.00,1259.00,0.00,0.00,0.00,'2024-07-10 20:48:22'),(62,4,59,41276.08,618.00,2,72.00,0.00,36374.08,4902.00,0.00,0.00,0.00,'2024-07-10 20:54:54'),(63,4,60,1932.00,38.00,2,5.00,0.00,1368.00,564.00,0.00,0.00,0.00,'2024-07-10 20:57:34'),(64,8,73,312.00,4.00,2,0.00,0.00,312.00,0.00,0.00,0.00,0.00,'2024-07-11 11:47:42'),(65,7,72,26462.00,165.00,2,41.00,0.00,24658.00,1804.00,0.00,0.00,0.00,'2024-07-11 20:52:51'),(66,7,75,9413.00,936.00,2,393.00,0.00,5047.00,4366.00,0.00,0.00,0.00,'2024-07-11 20:57:35'),(67,7,24,11854.00,91.00,2,9.00,0.00,10228.00,1626.00,0.00,0.00,0.00,'2024-07-11 21:38:08'),(68,7,21,15470.00,138.00,2,10.50,0.00,13103.00,2367.00,0.00,0.00,0.00,'2024-07-11 21:46:02'),(69,4,70,16480.34,337.00,2,20.00,0.00,15118.62,1361.72,0.00,0.00,0.00,'2024-07-11 22:09:09'),(70,4,71,11174.00,144.00,2,74.00,0.00,7430.00,3744.00,0.00,0.00,0.00,'2024-07-11 22:12:00'),(71,4,74,2202.00,37.00,2,0.00,0.00,2202.00,0.00,0.00,0.00,0.00,'2024-07-11 22:12:27'),(72,7,20,11854.00,82.00,2,0.00,0.00,11854.00,0.00,0.00,0.00,0.00,'2024-07-11 22:17:48'),(73,7,77,22110.00,135.00,2,20.00,0.00,20738.00,1372.00,0.00,0.00,0.00,'2024-07-12 22:44:29'),(74,7,78,8162.00,701.00,2,95.00,0.00,6157.00,2005.00,0.00,0.00,0.00,'2024-07-12 22:49:05'),(75,7,79,15313.80,192.00,2,0.00,0.00,15313.80,0.00,0.00,0.00,0.00,'2024-07-13 21:03:39'),(76,7,81,3499.00,523.00,2,96.00,0.00,2923.00,576.00,0.00,0.00,0.00,'2024-07-13 21:05:14'),(77,4,82,3895.00,90.00,2,8.00,0.00,3595.00,300.00,0.00,0.00,0.00,'2024-07-13 21:26:21'),(78,4,83,19635.92,644.00,2,43.00,0.00,18038.92,1597.00,0.00,0.00,0.00,'2024-07-13 21:28:16'),(79,4,86,814.32,18.00,2,6.00,0.00,542.88,271.44,0.00,0.00,0.00,'2024-07-13 21:28:30'),(80,4,88,4527.00,53.00,2,20.00,0.00,3417.00,1110.00,0.00,0.00,0.00,'2024-07-13 21:50:35'),(81,8,87,288.00,72.00,2,0.00,0.00,288.00,0.00,0.00,0.00,0.00,'2024-07-13 21:50:59'),(82,7,91,20381.80,142.00,2,1.00,0.00,19001.80,1380.00,0.00,0.00,0.00,'2024-07-15 09:59:16'),(83,7,92,6884.08,569.00,2,316.00,0.00,3979.00,2905.08,0.00,0.00,0.00,'2024-07-15 10:01:55'),(84,3,93,12229.08,1778.00,2,449.50,0.00,9836.68,2392.40,0.00,0.00,0.00,'2024-07-15 10:09:00'),(85,4,89,14832.60,298.00,2,17.00,0.00,13027.60,1805.00,0.00,0.00,0.00,'2024-07-15 10:13:34'),(86,4,90,3834.00,72.00,2,34.00,0.00,2130.00,1704.00,0.00,0.00,0.00,'2024-07-15 10:14:43'),(87,5,96,10528.00,156.00,2,31.00,0.00,9403.00,1125.00,0.00,0.00,0.00,'2024-07-15 10:21:00'),(88,3,94,1795.00,10.00,2,0.00,0.00,1795.00,0.00,0.00,0.00,0.00,'2024-07-15 11:34:21'),(89,8,97,315.00,1.00,2,0.00,0.00,315.00,0.00,0.00,0.00,0.00,'2024-07-15 11:36:58'),(90,7,98,19838.00,136.00,2,6.00,0.00,18858.80,979.20,0.00,0.00,0.00,'2024-07-15 21:36:47'),(91,7,99,4570.00,587.00,2,468.00,0.00,2032.00,2538.00,0.00,0.00,0.00,'2024-07-15 21:39:11'),(92,4,100,18372.40,439.00,2,30.00,0.00,16678.40,1694.00,0.00,0.00,0.00,'2024-07-15 21:41:55'),(93,4,102,2470.00,12.00,2,2.00,0.00,2090.00,380.00,0.00,0.00,0.00,'2024-07-15 21:42:28'),(94,3,103,21106.28,2710.00,2,658.00,0.00,16740.56,4365.72,0.00,0.00,0.00,'2024-07-15 21:56:07'),(95,7,104,1136.00,19.00,2,11.50,0.00,482.00,654.00,0.00,0.00,0.00,'2024-07-15 21:58:17'),(96,3,105,750.00,5.00,2,2.00,0.00,450.00,300.00,0.00,0.00,0.00,'2024-07-15 22:03:54'),(97,4,106,5480.00,62.00,2,0.00,0.00,5480.00,0.00,0.00,0.00,0.00,'2024-07-16 10:42:07'),(98,4,101,6384.00,53.00,2,22.00,0.00,3706.00,2678.00,0.00,0.00,0.00,'2024-07-16 10:48:18'),(99,3,114,474.00,26.00,2,24.00,0.00,90.00,384.00,0.00,0.00,0.00,'2024-07-16 20:35:20'),(100,3,113,11538.76,1125.00,2,255.00,0.00,10035.40,1503.36,0.00,0.00,0.00,'2024-07-16 20:43:21'),(101,3,113,11538.76,1125.00,2,255.00,0.00,10035.40,1503.36,0.00,0.00,0.00,'2024-07-16 20:43:38'),(102,3,113,11538.76,1125.00,2,255.00,0.00,10035.40,1503.36,0.00,0.00,0.00,'2024-07-16 20:43:50'),(103,4,108,9442.96,192.00,2,58.00,0.00,7350.96,2092.00,0.00,0.00,0.00,'2024-07-16 20:48:20'),(104,4,112,9930.00,101.00,2,35.00,0.00,7531.00,2399.00,0.00,0.00,0.00,'2024-07-16 20:53:51'),(105,7,109,8456.80,46.00,2,0.00,0.00,8456.80,0.00,0.00,0.00,0.00,'2024-07-16 20:55:48'),(106,7,111,5204.00,406.00,2,104.00,0.00,3156.00,2048.00,0.00,0.00,0.00,'2024-07-16 20:59:09'),(107,7,110,2810.00,3.00,2,0.00,0.00,2810.00,0.00,0.00,0.00,0.00,'2024-07-16 21:02:37'),(108,7,117,7486.80,70.00,2,7.00,0.00,5888.40,1598.40,0.00,0.00,0.00,'2024-07-17 21:39:25'),(109,7,118,5358.00,576.00,2,172.00,0.00,3212.00,2146.00,0.00,0.00,0.00,'2024-07-17 21:41:57'),(110,4,119,18389.92,472.00,2,11.00,0.00,17711.92,678.00,0.00,0.00,0.00,'2024-07-17 21:43:19'),(111,4,120,5571.00,116.00,2,19.00,0.00,5009.00,562.00,0.00,0.00,0.00,'2024-07-17 21:45:19'),(112,3,121,11047.76,1559.00,2,727.00,0.00,7052.80,3994.96,0.00,0.00,0.00,'2024-07-17 21:50:29'),(113,4,122,1456.00,42.00,2,0.00,0.00,1456.00,0.00,0.00,0.00,0.00,'2024-07-17 22:04:22'),(114,3,128,13444.44,1357.00,2,457.00,0.00,10401.96,3042.48,0.00,0.00,0.00,'2024-07-29 10:46:44'),(115,4,126,27686.00,361.00,2,27.00,0.00,25887.00,1799.00,0.00,0.00,0.00,'2024-07-29 10:49:28'),(116,4,125,7032.00,116.00,2,46.00,0.00,4973.00,2059.00,0.00,0.00,0.00,'2024-07-29 10:51:08'),(117,7,123,16430.00,52.00,2,2.00,0.00,13670.00,2760.00,0.00,0.00,0.00,'2024-07-29 11:02:16'),(118,7,124,3721.00,438.00,2,156.00,0.00,2857.00,864.00,0.00,0.00,0.00,'2024-07-29 11:03:28'),(119,6,129,66776.86,1028.00,2,0.00,0.00,66776.86,0.00,0.00,0.00,0.00,'2024-07-31 11:19:50'),(120,4,130,4613.00,87.00,2,0.00,0.00,4613.00,0.00,0.00,0.00,0.00,'2024-08-01 11:14:08'),(121,4,131,1889.00,46.00,2,0.00,0.00,1889.00,0.00,0.00,0.00,0.00,'2024-08-01 11:15:05'),(122,4,131,1889.00,46.00,2,0.00,0.00,1889.00,0.00,0.00,0.00,0.00,'2024-08-01 11:15:37'),(123,4,132,4013.00,60.00,2,0.00,0.00,4013.00,0.00,0.00,0.00,0.00,'2024-08-01 11:23:31'),(124,4,133,5047.00,133.00,2,0.00,0.00,5047.00,0.00,0.00,0.00,0.00,'2024-08-01 11:24:21'),(125,4,134,2145.00,32.00,2,0.00,0.00,2145.00,0.00,0.00,0.00,0.00,'2024-08-01 11:25:30'),(126,4,135,2114.00,85.00,2,0.00,0.00,2114.00,0.00,0.00,0.00,0.00,'2024-08-01 11:26:39'),(127,4,136,10976.00,167.00,2,0.00,0.00,10976.00,0.00,0.00,0.00,0.00,'2024-08-01 11:27:32'),(128,4,137,4049.00,118.00,2,0.00,0.00,4049.00,0.00,0.00,0.00,0.00,'2024-08-01 11:28:11'),(129,4,144,13202.00,210.00,2,0.00,0.00,13202.00,0.00,0.00,0.00,0.00,'2024-08-01 11:29:00'),(130,4,145,9260.00,142.00,2,0.00,0.00,9260.00,0.00,0.00,0.00,0.00,'2024-08-01 11:29:56'),(131,4,146,17926.92,347.00,2,0.00,0.00,17926.92,0.00,0.00,0.00,0.00,'2024-08-01 11:31:13'),(132,4,147,12789.00,199.00,2,0.00,0.00,12789.00,0.00,0.00,0.00,0.00,'2024-08-01 11:32:07'),(133,8,151,22488.20,2882.00,2,0.00,0.00,22488.20,0.00,0.00,0.00,0.00,'2024-08-01 23:42:36'),(134,8,152,3300.00,33.00,2,0.00,0.00,3300.00,0.00,0.00,0.00,0.00,'2024-08-01 23:44:23'),(135,7,138,1464.00,165.00,2,0.00,0.00,1464.00,0.00,0.00,0.00,0.00,'2024-08-01 23:47:08'),(136,7,139,4191.00,750.00,2,0.00,0.00,4191.00,0.00,0.00,0.00,0.00,'2024-08-01 23:48:16'),(137,7,140,5515.00,633.00,2,0.00,0.00,5515.00,0.00,0.00,0.00,0.00,'2024-08-01 23:49:16'),(138,7,141,1342.00,69.00,2,0.00,0.00,1342.00,0.00,0.00,0.00,0.00,'2024-08-01 23:49:51'),(139,7,142,2565.00,211.00,2,0.00,0.00,2565.00,0.00,0.00,0.00,0.00,'2024-08-01 23:50:56'),(140,7,143,3192.00,257.00,2,0.00,0.00,3192.00,0.00,0.00,0.00,0.00,'2024-08-01 23:52:02'),(141,4,156,6515.00,88.00,2,0.00,0.00,6515.00,0.00,0.00,0.00,0.00,'2024-08-02 00:31:18'),(142,4,155,2822.00,85.00,2,0.00,0.00,2822.00,0.00,0.00,0.00,0.00,'2024-08-02 00:31:44'),(143,4,154,23129.00,437.00,2,0.00,0.00,23129.00,0.00,0.00,0.00,0.00,'2024-08-02 00:32:11'),(144,4,153,14419.52,286.00,2,0.00,0.00,14419.52,0.00,0.00,0.00,0.00,'2024-08-02 00:32:34'),(145,6,32,212.00,3.00,2,0.00,0.00,212.00,0.00,0.00,0.00,0.00,'2024-08-02 00:35:31'),(146,6,69,527.64,27.00,2,0.00,0.00,527.64,0.00,0.00,0.00,0.00,'2024-08-02 00:37:01'),(147,6,84,192.00,6.00,2,0.00,0.00,192.00,0.00,0.00,0.00,0.00,'2024-08-02 00:37:44'),(148,6,85,80.00,2.00,2,0.00,0.00,80.00,0.00,0.00,0.00,0.00,'2024-08-02 00:38:10'),(149,6,175,350.08,27.00,2,0.00,0.00,350.08,0.00,0.00,0.00,0.00,'2024-08-08 13:17:35'),(150,4,181,4116.00,57.00,2,0.00,0.00,4116.00,0.00,0.00,0.00,0.00,'2024-08-08 23:51:41'),(151,4,180,244.00,13.00,2,0.00,0.00,244.00,0.00,0.00,0.00,0.00,'2024-08-08 23:52:01'),(152,4,179,5085.00,32.00,2,0.00,0.00,5085.00,0.00,0.00,0.00,0.00,'2024-08-08 23:52:16'),(153,4,178,1512.00,17.00,2,0.00,0.00,1512.00,0.00,0.00,0.00,0.00,'2024-08-08 23:52:27'),(154,4,177,5911.00,65.00,2,0.00,0.00,5911.00,0.00,0.00,0.00,0.00,'2024-08-08 23:52:42'),(155,4,176,3837.00,55.00,2,0.00,0.00,3837.00,0.00,0.00,0.00,0.00,'2024-08-08 23:53:04'),(156,7,157,14080.00,117.00,2,0.00,0.00,14080.00,0.00,0.00,0.00,0.00,'2024-08-08 23:59:51'),(157,7,158,18676.80,62.00,2,0.00,0.00,18676.80,0.00,0.00,0.00,0.00,'2024-08-09 00:01:04'),(158,7,159,4280.20,25.00,2,0.00,0.00,4280.20,0.00,0.00,0.00,0.00,'2024-08-09 00:01:18'),(159,7,160,11470.00,93.00,2,0.00,0.00,11470.00,0.00,0.00,0.00,0.00,'2024-08-09 00:01:30'),(160,7,161,13458.00,97.00,2,0.00,0.00,13458.00,0.00,0.00,0.00,0.00,'2024-08-09 00:01:41'),(161,7,162,14652.00,115.00,2,0.00,0.00,14652.00,0.00,0.00,0.00,0.00,'2024-08-09 00:01:50'),(162,7,163,11058.00,107.00,2,0.00,0.00,11058.00,0.00,0.00,0.00,0.00,'2024-08-09 00:02:00'),(163,7,189,762.00,15.00,2,0.00,0.00,762.00,0.00,0.00,0.00,0.00,'2024-08-09 00:46:38'),(164,7,188,5856.00,313.00,2,0.00,0.00,5856.00,0.00,0.00,0.00,0.00,'2024-08-09 00:46:46'),(165,7,187,3286.00,220.00,2,0.00,0.00,3286.00,0.00,0.00,0.00,0.00,'2024-08-09 00:46:55'),(166,7,186,3072.00,556.00,2,0.00,0.00,3072.00,0.00,0.00,0.00,0.00,'2024-08-09 00:47:06'),(167,7,185,3670.00,4.00,2,0.00,0.00,3670.00,0.00,0.00,0.00,0.00,'2024-08-09 00:47:17'),(168,7,184,16785.00,153.00,2,0.00,0.00,16785.00,0.00,0.00,0.00,0.00,'2024-08-09 00:47:25'),(169,7,183,6214.00,82.00,2,0.00,0.00,6214.00,0.00,0.00,0.00,0.00,'2024-08-09 00:47:36'),(170,7,182,22797.00,321.00,2,0.00,0.00,22797.00,0.00,0.00,0.00,0.00,'2024-08-09 00:47:45'),(171,5,115,1473.00,42.00,2,21.00,0.00,726.00,747.00,0.00,0.00,0.00,'2024-08-09 00:53:03'),(172,5,127,5443.00,83.00,2,3.00,0.00,5254.00,189.00,0.00,0.00,0.00,'2024-08-09 00:54:37'),(173,5,199,2710.00,35.00,2,0.00,0.00,2710.00,0.00,0.00,0.00,0.00,'2024-08-09 01:21:03'),(174,5,198,4896.00,45.00,2,0.00,0.00,4896.00,0.00,0.00,0.00,0.00,'2024-08-09 01:22:04'),(175,5,197,1983.00,21.00,2,0.00,0.00,1983.00,0.00,0.00,0.00,0.00,'2024-08-09 01:22:14'),(176,5,196,1060.00,2.00,2,0.00,0.00,1060.00,0.00,0.00,0.00,0.00,'2024-08-09 01:22:24'),(177,5,195,3496.00,73.00,2,0.00,0.00,3496.00,0.00,0.00,0.00,0.00,'2024-08-09 01:23:23'),(178,5,194,1533.00,23.00,2,0.00,0.00,1533.00,0.00,0.00,0.00,0.00,'2024-08-09 01:23:32'),(179,5,193,2932.00,54.00,2,0.00,0.00,2932.00,0.00,0.00,0.00,0.00,'2024-08-09 01:23:41'),(180,5,192,11810.00,332.00,2,0.00,0.00,11810.00,0.00,0.00,0.00,0.00,'2024-08-09 01:23:50'),(181,5,191,2501.00,25.00,2,0.00,0.00,2501.00,0.00,0.00,0.00,0.00,'2024-08-09 01:23:59'),(182,5,190,2220.00,30.00,2,0.00,0.00,2220.00,0.00,0.00,0.00,0.00,'2024-08-09 01:24:08'),(183,3,164,7200.20,778.00,2,0.00,0.00,7200.20,0.00,0.00,0.00,0.00,'2024-08-09 02:10:02'),(184,3,165,21528.88,2301.00,2,0.00,0.00,21528.88,0.00,0.00,0.00,0.00,'2024-08-09 02:10:14'),(185,3,166,7082.32,1046.00,2,0.00,0.00,7082.32,0.00,0.00,0.00,0.00,'2024-08-09 02:10:25'),(186,3,167,6542.44,677.00,2,0.00,0.00,6542.44,0.00,0.00,0.00,0.00,'2024-08-09 02:10:33'),(187,3,168,6777.48,722.00,2,0.00,0.00,6777.48,0.00,0.00,0.00,0.00,'2024-08-09 02:10:45'),(188,3,169,6870.16,1150.00,2,0.00,0.00,6870.16,0.00,0.00,0.00,0.00,'2024-08-09 02:10:55'),(189,3,170,2630.20,186.00,2,0.00,0.00,2630.20,0.00,0.00,0.00,0.00,'2024-08-09 02:11:04'),(190,3,171,3334.40,439.00,2,0.00,0.00,3334.40,0.00,0.00,0.00,0.00,'2024-08-09 02:11:13'),(191,3,172,9845.28,941.00,2,0.00,0.00,9845.28,0.00,0.00,0.00,0.00,'2024-08-09 02:11:22'),(192,3,173,4290.80,334.00,2,0.00,0.00,4290.80,0.00,0.00,0.00,0.00,'2024-08-09 02:11:32'),(193,3,174,840.00,3.00,2,0.00,0.00,840.00,0.00,0.00,0.00,0.00,'2024-08-09 02:11:41'),(194,3,200,8467.36,1223.00,2,0.00,0.00,8467.36,0.00,0.00,0.00,0.00,'2024-08-09 02:11:51'),(195,3,201,3892.56,448.00,2,0.00,0.00,3892.56,0.00,0.00,0.00,0.00,'2024-08-09 02:12:03'),(196,4,202,14374.52,286.00,2,285.00,0.00,85.00,14289.52,0.00,0.00,0.00,'2024-08-09 02:58:19'),(197,4,209,10049.00,126.00,2,0.00,0.00,10049.00,0.00,0.00,0.00,0.00,'2024-08-09 03:17:00'),(198,4,210,12672.24,239.00,2,0.00,0.00,12672.24,0.00,0.00,0.00,0.00,'2024-08-09 03:17:18'),(199,4,208,4340.44,63.00,2,0.00,0.00,4340.44,0.00,0.00,0.00,0.00,'2024-08-09 03:17:39'),(200,4,207,36720.00,513.00,2,0.00,0.00,36720.00,0.00,0.00,0.00,0.00,'2024-08-09 03:18:31'),(201,4,206,9037.20,132.00,2,0.00,0.00,9037.20,0.00,0.00,0.00,0.00,'2024-08-09 03:18:40'),(202,4,204,9999.00,127.00,2,0.00,0.00,9999.00,0.00,0.00,0.00,0.00,'2024-08-09 03:18:50'),(203,4,205,6125.00,122.00,2,0.00,0.00,6125.00,0.00,0.00,0.00,0.00,'2024-08-09 03:19:00'),(204,4,203,6345.00,87.00,2,0.00,0.00,6345.00,0.00,0.00,0.00,0.00,'2024-08-09 03:19:09'),(205,8,107,850.00,5.00,2,0.00,0.00,850.00,0.00,0.00,0.00,0.00,'2024-08-09 03:19:45'),(206,6,47,475.24,5.00,NULL,2.00,0.00,131.24,344.00,0.00,0.00,0.00,'2024-08-24 09:50:25');
/*!40000 ALTER TABLE `cart_return_info` ENABLE KEYS */;
UNLOCK TABLES;

--
-- Table structure for table `cart_temporary`
--

DROP TABLE IF EXISTS `cart_temporary`;
/*!40101 SET @saved_cs_client     = @@character_set_client */;
/*!50503 SET character_set_client = utf8mb4 */;
CREATE TABLE `cart_temporary` (
  `temp_cart_id` int NOT NULL AUTO_INCREMENT,
  `temporary_consumer_id` int DEFAULT NULL,
  `consumer_id` int DEFAULT NULL,
  `create_date` varchar(32) DEFAULT NULL,
  `from_ip` varchar(15) DEFAULT NULL,
  `created_by` int NOT NULL,
  `table_no` varchar(32) DEFAULT NULL,
  `waiter_id` int DEFAULT NULL,
  `expected_delivery_date` varchar(32) DEFAULT NULL,
  `sales_type` int NOT NULL DEFAULT '1',
  `is_suspended` int DEFAULT NULL,
  PRIMARY KEY (`temp_cart_id`)
) ENGINE=InnoDB AUTO_INCREMENT=262 DEFAULT CHARSET=latin1;
/*!40101 SET character_set_client = @saved_cs_client */;

--
-- Dumping data for table `cart_temporary`
--

LOCK TABLES `cart_temporary` WRITE;
/*!40000 ALTER TABLE `cart_temporary` DISABLE KEYS */;
INSERT INTO `cart_temporary` VALUES (29,54082,NULL,'2024-07-04 20:50:43','103.112.148.109',2,'2',1,NULL,1,1),(108,71632,NULL,'2024-07-15 20:31:32','103.112.148.109',2,NULL,NULL,NULL,1,0),(114,71632,NULL,'2024-07-15 21:45:51','103.112.148.109',2,NULL,NULL,NULL,1,0),(123,68904,NULL,'2024-07-16 11:25:55','103.112.148.109',2,NULL,NULL,NULL,1,0),(161,63170,NULL,'2024-08-01 23:56:46','103.165.93.123',2,NULL,NULL,NULL,1,0),(173,45869,NULL,'2024-08-06 10:40:46','103.112.148.109',2,NULL,NULL,NULL,1,0),(190,91348,NULL,'2024-08-08 23:46:23','103.165.93.123',2,NULL,NULL,NULL,1,0),(209,91348,NULL,'2024-08-09 01:14:18','103.165.93.123',2,NULL,NULL,NULL,1,0),(223,38015,NULL,'2024-08-10 11:35:42','103.112.148.109',2,NULL,NULL,NULL,1,0),(224,93428,NULL,'2024-08-25 10:22:07','::1',1,NULL,NULL,NULL,1,0),(225,93428,NULL,'2024-08-25 10:22:27','::1',1,NULL,NULL,NULL,1,0),(226,93428,NULL,'2024-08-25 10:53:23','::1',1,NULL,NULL,NULL,1,0),(227,93428,NULL,'2024-08-25 10:53:26','::1',1,NULL,NULL,NULL,1,0),(228,93428,NULL,'2024-08-25 10:58:07','::1',1,NULL,NULL,NULL,1,0),(229,93428,NULL,'2024-08-25 11:00:30','::1',1,NULL,NULL,NULL,1,0),(230,93428,NULL,'2024-08-25 11:22:25','::1',1,NULL,NULL,NULL,1,0),(231,93428,NULL,'2024-08-25 11:29:12','::1',1,NULL,NULL,NULL,1,0),(232,93428,NULL,'2024-08-25 11:29:49','::1',1,NULL,NULL,NULL,1,0),(233,93428,NULL,'2024-08-25 11:34:11','::1',1,NULL,NULL,NULL,1,0),(234,93428,NULL,'2024-08-25 11:34:33','::1',1,NULL,NULL,NULL,1,0),(235,93428,NULL,'2024-08-25 12:18:09','::1',1,NULL,NULL,NULL,1,0),(236,93428,NULL,'2024-08-25 12:41:11','::1',1,NULL,NULL,NULL,1,0),(237,93428,NULL,'2024-08-25 12:41:22','::1',1,NULL,NULL,NULL,1,0),(238,93428,NULL,'2024-08-25 12:43:47','::1',1,NULL,NULL,NULL,1,0),(239,93428,NULL,'2024-08-25 12:59:35','::1',1,NULL,NULL,NULL,1,0),(240,93428,NULL,'2024-08-25 13:15:52','::1',1,NULL,NULL,NULL,1,0),(241,98764,NULL,'2024-08-25 13:35:54','::1',1,NULL,NULL,NULL,1,0),(242,98764,NULL,'2024-08-25 13:36:24','::1',1,NULL,NULL,NULL,1,0),(243,98764,NULL,'2024-08-25 13:49:28','::1',1,NULL,NULL,NULL,1,0),(244,98764,NULL,'2024-08-25 13:59:10','::1',1,NULL,NULL,NULL,1,0),(258,57461,NULL,'2024-09-02 08:05:13','::1',1,NULL,NULL,NULL,1,0),(259,57461,NULL,'2024-09-02 09:09:45','::1',1,NULL,NULL,NULL,1,0),(260,65810,NULL,'2024-09-05 10:13:50','192.168.0.128',1,NULL,NULL,NULL,1,0);
/*!40000 ALTER TABLE `cart_temporary` ENABLE KEYS */;
UNLOCK TABLES;

--
-- Table structure for table `cart_temporary_items`
--

DROP TABLE IF EXISTS `cart_temporary_items`;
/*!40101 SET @saved_cs_client     = @@character_set_client */;
/*!50503 SET character_set_client = utf8mb4 */;
CREATE TABLE `cart_temporary_items` (
  `temp_cart_item_id` int NOT NULL AUTO_INCREMENT,
  `temp_cart_id` int DEFAULT NULL,
  `product_id` int DEFAULT NULL,
  `stock_id` int DEFAULT NULL,
  `quantity` decimal(10,2) DEFAULT NULL,
  `total_discount` decimal(10,2) DEFAULT '0.00',
  `size_id` int DEFAULT NULL,
  `color_id` int DEFAULT NULL,
  `temp_net_amount` decimal(10,2) DEFAULT '0.00',
  `vat` decimal(10,2) DEFAULT '0.00',
  PRIMARY KEY (`temp_cart_item_id`)
) ENGINE=InnoDB AUTO_INCREMENT=1784 DEFAULT CHARSET=latin1;
/*!40101 SET character_set_client = @saved_cs_client */;

--
-- Dumping data for table `cart_temporary_items`
--

LOCK TABLES `cart_temporary_items` WRITE;
/*!40000 ALTER TABLE `cart_temporary_items` DISABLE KEYS */;
INSERT INTO `cart_temporary_items` VALUES (312,29,3,157,18.00,0.00,NULL,NULL,864.00,0.00),(313,29,4,149,144.00,0.00,NULL,NULL,1152.00,0.00),(314,29,7,152,240.00,0.00,NULL,NULL,960.00,0.00),(315,29,9,151,240.00,0.00,NULL,NULL,960.00,0.00),(1727,223,68,368,6.00,0.00,NULL,NULL,252.00,0.00),(1728,223,74,293,144.00,0.00,NULL,NULL,570.24,0.00),(1729,223,78,219,96.00,0.00,NULL,NULL,380.16,0.00),(1730,223,85,59,48.00,0.00,NULL,NULL,190.08,0.00),(1731,223,85,299,240.00,0.00,NULL,NULL,950.40,0.00),(1732,223,88,297,96.00,0.00,NULL,NULL,380.16,0.00),(1733,223,90,393,144.00,0.00,NULL,NULL,570.24,0.00),(1734,223,96,366,96.00,0.00,NULL,NULL,380.16,0.00),(1735,224,212,425,1.00,0.00,NULL,NULL,55.00,0.00),(1736,225,214,426,1.00,0.00,NULL,NULL,110.00,0.00),(1737,226,212,425,1.00,0.00,NULL,NULL,55.00,0.00),(1738,227,212,425,1.00,0.00,NULL,NULL,55.00,0.00),(1739,228,212,425,1.00,0.00,NULL,NULL,55.00,0.00),(1740,229,207,416,1.00,0.00,NULL,NULL,12.00,0.00),(1741,230,248,1,1.00,0.00,NULL,NULL,935.00,0.00),(1742,231,207,416,1.00,0.00,NULL,NULL,12.00,0.00),(1743,232,208,421,1.00,0.00,NULL,NULL,44.00,0.00),(1744,233,207,416,1.00,0.00,NULL,NULL,12.00,0.00),(1745,234,207,416,1.00,0.00,NULL,NULL,12.00,0.00),(1746,235,207,416,1.00,0.00,NULL,NULL,12.00,0.00),(1747,236,248,1,1.00,0.00,NULL,NULL,935.00,0.00),(1748,237,248,1,1.00,0.00,NULL,NULL,935.00,0.00),(1749,238,248,1,1.00,0.00,NULL,NULL,935.00,0.00),(1750,239,248,1,1.00,0.00,NULL,NULL,935.00,0.00),(1751,240,248,1,1.00,0.00,NULL,NULL,935.00,0.00),(1752,241,207,416,1.00,0.00,NULL,NULL,12.00,0.00),(1753,242,208,417,1.00,0.00,NULL,NULL,44.00,0.00),(1754,243,208,417,1.00,0.00,NULL,NULL,44.00,0.00),(1755,244,248,1,1.00,0.00,NULL,NULL,935.00,0.00),(1771,253,208,417,1.00,0.00,NULL,NULL,44.00,0.00),(1778,258,213,431,1.00,0.00,NULL,NULL,20.00,0.00),(1779,259,207,416,1.00,0.00,NULL,NULL,12.00,0.00),(1780,260,207,416,1.00,0.00,NULL,NULL,12.00,0.00),(1781,260,208,417,1.00,0.00,NULL,NULL,44.00,0.00),(1782,260,207,420,1.00,0.00,NULL,NULL,12.00,0.00);
/*!40000 ALTER TABLE `cart_temporary_items` ENABLE KEYS */;
UNLOCK TABLES;

--
-- Table structure for table `cart_temporary_payment`
--

DROP TABLE IF EXISTS `cart_temporary_payment`;
/*!40101 SET @saved_cs_client     = @@character_set_client */;
/*!50503 SET character_set_client = utf8mb4 */;
CREATE TABLE `cart_temporary_payment` (
  `cart_temporary_payment_id` int NOT NULL AUTO_INCREMENT,
  `cart_temporary_id` int NOT NULL,
  `cart_temporary_total` int NOT NULL,
  `discount_amount` int NOT NULL,
  `total_payable` int NOT NULL,
  `payment_method_id` int NOT NULL,
  `paid_amount` int NOT NULL,
  `due_amount` int NOT NULL,
  `change_amount` int NOT NULL,
  `vat` float DEFAULT '0',
  PRIMARY KEY (`cart_temporary_payment_id`)
) ENGINE=InnoDB DEFAULT CHARSET=latin1;
/*!40101 SET character_set_client = @saved_cs_client */;

--
-- Dumping data for table `cart_temporary_payment`
--

LOCK TABLES `cart_temporary_payment` WRITE;
/*!40000 ALTER TABLE `cart_temporary_payment` DISABLE KEYS */;
/*!40000 ALTER TABLE `cart_temporary_payment` ENABLE KEYS */;
UNLOCK TABLES;

--
-- Table structure for table `categories`
--

DROP TABLE IF EXISTS `categories`;
/*!40101 SET @saved_cs_client     = @@character_set_client */;
/*!50503 SET character_set_client = utf8mb4 */;
CREATE TABLE `categories` (
  `id` bigint unsigned NOT NULL AUTO_INCREMENT,
  `category_name` varchar(255) CHARACTER SET utf8mb4 COLLATE utf8mb4_unicode_ci DEFAULT NULL,
  `created_at` timestamp NULL DEFAULT NULL,
  `updated_at` timestamp NULL DEFAULT NULL,
  PRIMARY KEY (`id`)
) ENGINE=InnoDB AUTO_INCREMENT=18 DEFAULT CHARSET=utf8mb4 COLLATE=utf8mb4_unicode_ci;
/*!40101 SET character_set_client = @saved_cs_client */;

--
-- Dumping data for table `categories`
--

LOCK TABLES `categories` WRITE;
/*!40000 ALTER TABLE `categories` DISABLE KEYS */;
INSERT INTO `categories` VALUES (8,'Food and Beverage 1','2024-07-13 14:23:53','2024-07-16 06:18:17'),(10,'Kitechen Items','2024-07-13 23:15:01','2024-07-13 23:38:50'),(12,'Equipments','2024-07-14 00:23:38','2024-07-14 00:23:38'),(13,'Devices','2024-07-14 04:07:58','2024-07-14 04:07:58'),(14,'Dress','2024-07-15 00:36:40','2024-07-15 00:36:40'),(15,'Decorations1','2024-07-16 02:11:41','2024-07-16 02:11:58'),(16,'Sweets','2024-07-16 04:10:48','2024-07-16 04:10:48'),(17,'Drinks','2024-07-16 04:11:03','2024-07-16 04:11:03');
/*!40000 ALTER TABLE `categories` ENABLE KEYS */;
UNLOCK TABLES;

--
-- Table structure for table `color_definition`
--

DROP TABLE IF EXISTS `color_definition`;
/*!40101 SET @saved_cs_client     = @@character_set_client */;
/*!50503 SET character_set_client = utf8mb4 */;
CREATE TABLE `color_definition` (
  `color_id` int NOT NULL AUTO_INCREMENT,
  `color_name` varchar(64) NOT NULL,
  `color_syblol` varchar(16) NOT NULL,
  `is_active` int NOT NULL,
  PRIMARY KEY (`color_id`)
) ENGINE=InnoDB AUTO_INCREMENT=5 DEFAULT CHARSET=latin1;
/*!40101 SET character_set_client = @saved_cs_client */;

--
-- Dumping data for table `color_definition`
--

LOCK TABLES `color_definition` WRITE;
/*!40000 ALTER TABLE `color_definition` DISABLE KEYS */;
INSERT INTO `color_definition` VALUES (1,'Red','#FF0000',0),(2,'Cyan','#00FFFF',1),(3,'Blue','#0000FF',0),(4,'DarkBlue','#00008B',1);
/*!40000 ALTER TABLE `color_definition` ENABLE KEYS */;
UNLOCK TABLES;

--
-- Table structure for table `consumer_login`
--

DROP TABLE IF EXISTS `consumer_login`;
/*!40101 SET @saved_cs_client     = @@character_set_client */;
/*!50503 SET character_set_client = utf8mb4 */;
CREATE TABLE `consumer_login` (
  `login_id` int NOT NULL AUTO_INCREMENT,
  `consumer_name` varchar(256) CHARACTER SET utf8mb4 COLLATE utf8mb4_unicode_ci DEFAULT NULL,
  `mobile_no` varchar(255) CHARACTER SET utf8mb4 COLLATE utf8mb4_unicode_ci DEFAULT NULL,
  `consumer_address` varchar(256) CHARACTER SET utf8mb4 COLLATE utf8mb4_unicode_ci DEFAULT NULL,
  `is_active` tinyint NOT NULL DEFAULT '1',
  `customer_due` float DEFAULT '0',
  `total_collection` float DEFAULT '0',
  `final_receivable` float DEFAULT '0',
  PRIMARY KEY (`login_id`)
) ENGINE=InnoDB AUTO_INCREMENT=2 DEFAULT CHARSET=latin1;
/*!40101 SET character_set_client = @saved_cs_client */;

--
-- Dumping data for table `consumer_login`
--

LOCK TABLES `consumer_login` WRITE;
/*!40000 ALTER TABLE `consumer_login` DISABLE KEYS */;
INSERT INTO `consumer_login` VALUES (1,'  ','0000','',1,950,0,950);
/*!40000 ALTER TABLE `consumer_login` ENABLE KEYS */;
UNLOCK TABLES;

--
-- Table structure for table `contacts`
--

DROP TABLE IF EXISTS `contacts`;
/*!40101 SET @saved_cs_client     = @@character_set_client */;
/*!50503 SET character_set_client = utf8mb4 */;
CREATE TABLE `contacts` (
  `id` bigint unsigned NOT NULL AUTO_INCREMENT,
  `name` varchar(255) CHARACTER SET utf8mb4 COLLATE utf8mb4_unicode_ci DEFAULT NULL,
  `phone` varchar(255) CHARACTER SET utf8mb4 COLLATE utf8mb4_unicode_ci DEFAULT NULL,
  `email` varchar(255) CHARACTER SET utf8mb4 COLLATE utf8mb4_unicode_ci DEFAULT NULL,
  `subject` varchar(255) CHARACTER SET utf8mb4 COLLATE utf8mb4_unicode_ci DEFAULT NULL,
  `message` longtext CHARACTER SET utf8mb4 COLLATE utf8mb4_unicode_ci,
  `created_at` timestamp NULL DEFAULT NULL,
  `updated_at` timestamp NULL DEFAULT NULL,
  PRIMARY KEY (`id`)
) ENGINE=InnoDB AUTO_INCREMENT=5 DEFAULT CHARSET=utf8mb4 COLLATE=utf8mb4_unicode_ci;
/*!40101 SET character_set_client = @saved_cs_client */;

--
-- Dumping data for table `contacts`
--

LOCK TABLES `contacts` WRITE;
/*!40000 ALTER TABLE `contacts` DISABLE KEYS */;
INSERT INTO `contacts` VALUES (1,'Muhammad Tarif Hasan','01790306513','mdtarifhasan1997@gmail.com','Tour Booking Query','hi','2024-07-10 16:14:04','2024-07-10 16:14:04'),(2,'Tarif hasan','01790306513','mdtarifhasan18@gmail.com','Tour Booking Query','Any Tour of Quakata?','2024-07-11 00:21:39','2024-07-11 00:21:39'),(3,'Muhammad Tarif Hasan','01790306513','mdtarifhasan18@gmail.com','Tour Booking Query','Hi i am tarif','2024-09-01 03:39:28','2024-09-01 03:39:28'),(4,'Raihan Zobayer','01790306513','raihanzobayer74@gmail.com','Tour Booking Query','Is Abroad Tour Available ?','2024-09-01 04:22:17','2024-09-01 04:22:17');
/*!40000 ALTER TABLE `contacts` ENABLE KEYS */;
UNLOCK TABLES;

--
-- Table structure for table `customer_payments`
--

DROP TABLE IF EXISTS `customer_payments`;
/*!40101 SET @saved_cs_client     = @@character_set_client */;
/*!50503 SET character_set_client = utf8mb4 */;
CREATE TABLE `customer_payments` (
  `customer_payment_id` bigint unsigned NOT NULL AUTO_INCREMENT,
  `date` varchar(255) CHARACTER SET utf8mb4 COLLATE utf8mb4_unicode_ci DEFAULT NULL,
  `customer_id` int unsigned DEFAULT NULL,
  `cart_id` int unsigned DEFAULT NULL,
  `due_amount` decimal(10,2) DEFAULT '0.00',
  `paid_amount` decimal(10,2) DEFAULT '0.00',
  `balance` decimal(10,2) DEFAULT '0.00',
  `payment_method` int DEFAULT NULL,
  `bank_name` varchar(255) CHARACTER SET utf8mb4 COLLATE utf8mb4_unicode_ci DEFAULT NULL,
  `cheque_no` varchar(255) CHARACTER SET utf8mb4 COLLATE utf8mb4_unicode_ci DEFAULT NULL,
  `created_at` timestamp NULL DEFAULT NULL,
  `updated_at` timestamp NULL DEFAULT NULL,
  PRIMARY KEY (`customer_payment_id`)
) ENGINE=InnoDB AUTO_INCREMENT=2 DEFAULT CHARSET=utf8mb4 COLLATE=utf8mb4_unicode_ci;
/*!40101 SET character_set_client = @saved_cs_client */;

--
-- Dumping data for table `customer_payments`
--

LOCK TABLES `customer_payments` WRITE;
/*!40000 ALTER TABLE `customer_payments` DISABLE KEYS */;
INSERT INTO `customer_payments` VALUES (1,NULL,1,68,950.00,0.00,950.00,NULL,NULL,NULL,'2024-07-10 10:21:23','2024-07-10 10:21:23');
/*!40000 ALTER TABLE `customer_payments` ENABLE KEYS */;
UNLOCK TABLES;

--
-- Table structure for table `daily_transaction_information`
--

DROP TABLE IF EXISTS `daily_transaction_information`;
/*!40101 SET @saved_cs_client     = @@character_set_client */;
/*!50503 SET character_set_client = utf8mb4 */;
CREATE TABLE `daily_transaction_information` (
  `payment_id` int NOT NULL AUTO_INCREMENT,
  `ref_id` int DEFAULT NULL,
  `daily_trx_type_id` int DEFAULT NULL,
  `income_amount` decimal(10,2) DEFAULT '0.00',
  `expense_amount` decimal(10,2) DEFAULT '0.00',
  `create_date` date DEFAULT NULL,
  PRIMARY KEY (`payment_id`)
) ENGINE=InnoDB AUTO_INCREMENT=312 DEFAULT CHARSET=latin1;
/*!40101 SET character_set_client = @saved_cs_client */;

--
-- Dumping data for table `daily_transaction_information`
--

LOCK TABLES `daily_transaction_information` WRITE;
/*!40000 ALTER TABLE `daily_transaction_information` DISABLE KEYS */;
INSERT INTO `daily_transaction_information` VALUES (1,1,4,NULL,44136.00,'2024-06-27'),(2,2,4,NULL,119039.00,'2024-06-27'),(3,3,4,NULL,28725.00,'2024-06-27'),(4,4,4,NULL,9918.00,'2024-06-30'),(5,5,4,NULL,3736.00,'2024-06-30'),(6,6,4,NULL,153740.00,'2024-06-30'),(7,7,4,NULL,486831.00,'2024-06-30'),(8,8,4,NULL,80871.00,'2024-06-30'),(9,9,4,NULL,93405.00,'2024-06-30'),(10,10,4,NULL,47329.00,'2024-06-30'),(11,11,4,NULL,17905.00,'2024-07-01'),(12,12,4,NULL,2685.00,'2024-07-01'),(13,13,4,NULL,8272.00,'2024-07-01'),(14,14,4,NULL,1659.00,'2024-07-01'),(15,15,4,NULL,23400.00,'2024-07-01'),(16,16,4,NULL,6384.00,'2024-07-01'),(17,4,1,3213.00,NULL,'2024-07-02'),(18,5,1,4573.00,NULL,'2024-07-02'),(19,1,1,39846.90,NULL,'2024-07-02'),(20,10,1,31193.50,NULL,'2024-07-02'),(21,6,1,10632.70,NULL,'2024-07-02'),(22,2,1,33193.80,NULL,'2024-07-02'),(23,11,1,15429.00,NULL,'2024-07-02'),(24,12,1,12241.60,NULL,'2024-07-02'),(25,13,1,29957.00,NULL,'2024-07-02'),(26,17,4,NULL,59600.00,'2024-07-02'),(27,8,1,4016.00,NULL,'2024-07-03'),(28,3,1,2882.00,NULL,'2024-07-03'),(29,14,1,9981.00,NULL,'2024-07-03'),(30,18,4,NULL,71369.00,'2024-07-03'),(31,16,1,5176.00,NULL,'2024-07-03'),(32,15,1,14486.00,NULL,'2024-07-03'),(33,19,4,NULL,10050.00,'2024-07-03'),(34,18,1,4206.00,NULL,'2024-07-03'),(35,17,1,13719.90,NULL,'2024-07-03'),(36,7,1,22688.70,NULL,'2024-07-03'),(37,23,1,17591.40,NULL,'2024-07-03'),(38,20,4,NULL,39072.00,'2024-07-04'),(39,9,1,13688.30,NULL,'2024-07-04'),(40,22,1,2744.00,NULL,'2024-07-04'),(41,19,1,3918.00,NULL,'2024-07-04'),(42,25,1,920.00,NULL,'2024-07-04'),(43,26,1,6326.00,NULL,'2024-07-04'),(44,27,1,15747.00,NULL,'2024-07-04'),(45,28,1,8339.20,NULL,'2024-07-06'),(46,21,4,NULL,6750.00,'2024-07-06'),(47,22,4,NULL,5234.00,'2024-07-06'),(48,38,1,2450.96,NULL,'2024-07-06'),(49,30,1,7049.00,NULL,'2024-07-06'),(50,29,1,4254.00,NULL,'2024-07-06'),(51,36,1,3720.00,NULL,'2024-07-06'),(52,34,1,4792.00,NULL,'2024-07-06'),(53,35,1,16224.80,NULL,'2024-07-06'),(54,33,1,2477.66,NULL,'2024-07-06'),(55,23,4,NULL,3340.00,'2024-07-07'),(56,46,1,4212.08,NULL,'2024-07-07'),(57,44,1,8703.60,NULL,'2024-07-07'),(58,45,1,6860.00,NULL,'2024-07-07'),(59,39,1,15877.00,NULL,'2024-07-07'),(60,40,1,6413.84,NULL,'2024-07-07'),(61,41,1,4371.00,NULL,'2024-07-07'),(62,42,1,756.00,NULL,'2024-07-08'),(63,43,1,128.00,NULL,'2024-07-08'),(64,31,1,1512.00,NULL,'2024-07-08'),(65,24,4,NULL,177305.00,'2024-07-08'),(66,25,4,NULL,59475.00,'2024-07-08'),(67,26,4,NULL,109062.00,'2024-07-08'),(68,52,1,25177.70,NULL,'2024-07-08'),(69,53,1,910.00,NULL,'2024-07-08'),(70,55,1,920.00,NULL,'2024-07-08'),(71,37,1,2132.80,NULL,'2024-07-08'),(72,54,1,30952.00,NULL,'2024-07-09'),(73,51,1,4008.00,NULL,'2024-07-09'),(74,50,1,32006.20,NULL,'2024-07-09'),(75,48,1,14496.00,NULL,'2024-07-09'),(76,49,1,4748.00,NULL,'2024-07-09'),(77,56,1,23275.40,0.00,'2024-07-09'),(78,58,1,3811.00,0.00,'2024-07-09'),(79,57,1,2730.00,0.00,'2024-07-09'),(80,62,1,5800.00,0.00,'2024-07-09'),(81,61,1,21740.96,0.00,'2024-07-10'),(82,27,4,0.00,58701.60,'2024-07-10'),(83,28,4,0.00,180.96,'2024-07-10'),(84,29,4,0.00,1540.00,'2024-07-10'),(85,30,4,0.00,1680.00,'2024-07-10'),(86,67,1,6992.00,0.00,'2024-07-10'),(87,68,1,1000.00,0.00,'2024-07-10'),(88,64,1,3022.00,0.00,'2024-07-10'),(89,63,1,8492.64,0.00,'2024-07-10'),(90,65,1,8470.72,0.00,'2024-07-10'),(91,66,1,8551.00,0.00,'2024-07-10'),(92,59,1,36374.08,0.00,'2024-07-10'),(93,60,1,1368.00,0.00,'2024-07-10'),(94,73,1,312.00,0.00,'2024-07-11'),(95,72,1,24658.00,0.00,'2024-07-11'),(96,75,1,5047.00,0.00,'2024-07-11'),(97,24,1,10228.00,0.00,'2024-07-11'),(98,21,1,13103.00,0.00,'2024-07-11'),(99,70,1,15118.62,0.00,'2024-07-11'),(100,71,1,7430.00,0.00,'2024-07-11'),(101,74,1,2202.00,0.00,'2024-07-11'),(102,20,1,11854.00,0.00,'2024-07-11'),(103,77,1,20738.00,0.00,'2024-07-12'),(104,78,1,6157.00,0.00,'2024-07-12'),(105,31,4,0.00,430.00,'2024-07-13'),(106,79,1,15313.80,0.00,'2024-07-13'),(107,81,1,2923.00,0.00,'2024-07-13'),(108,32,4,0.00,854.40,'2024-07-13'),(109,82,1,3595.00,0.00,'2024-07-13'),(110,83,1,18038.92,0.00,'2024-07-13'),(111,86,1,542.88,0.00,'2024-07-13'),(112,88,1,3417.00,0.00,'2024-07-13'),(113,87,1,288.00,0.00,'2024-07-13'),(114,91,1,19001.80,0.00,'2024-07-15'),(115,92,1,3979.00,0.00,'2024-07-15'),(116,93,1,9836.68,0.00,'2024-07-15'),(117,89,1,13027.60,0.00,'2024-07-15'),(118,90,1,2130.00,0.00,'2024-07-15'),(119,96,1,9403.00,0.00,'2024-07-15'),(120,33,4,0.00,159038.80,'2024-07-15'),(121,94,1,1795.00,0.00,'2024-07-15'),(122,34,4,0.00,7538.94,'2024-07-15'),(123,97,1,315.00,0.00,'2024-07-15'),(124,35,4,0.00,2150.00,'2024-07-15'),(125,36,4,0.00,4698.18,'2024-07-15'),(126,98,1,18858.80,0.00,'2024-07-15'),(127,99,1,2032.00,0.00,'2024-07-15'),(128,100,1,16678.40,0.00,'2024-07-15'),(129,102,1,2090.00,0.00,'2024-07-15'),(130,37,4,0.00,810.00,'2024-07-15'),(131,103,1,16740.56,0.00,'2024-07-15'),(132,104,1,482.00,0.00,'2024-07-15'),(133,38,4,0.00,2160.00,'2024-07-15'),(134,105,1,450.00,0.00,'2024-07-15'),(135,106,1,5480.00,0.00,'2024-07-16'),(136,101,1,3706.00,0.00,'2024-07-16'),(137,39,4,0.00,1944.45,'2024-07-16'),(138,114,1,90.00,0.00,'2024-07-16'),(139,113,1,10035.40,0.00,'2024-07-16'),(140,113,1,20070.80,0.00,'2024-07-16'),(141,113,1,30106.20,0.00,'2024-07-16'),(142,108,1,7350.96,0.00,'2024-07-16'),(143,112,1,7531.00,0.00,'2024-07-16'),(144,109,1,8456.80,0.00,'2024-07-16'),(145,111,1,3156.00,0.00,'2024-07-16'),(146,110,1,2810.00,0.00,'2024-07-16'),(147,40,4,0.00,83022.00,'2024-07-17'),(148,41,4,0.00,9099.00,'2024-07-17'),(149,42,4,0.00,180.00,'2024-07-17'),(150,117,1,5888.40,0.00,'2024-07-17'),(151,118,1,3212.00,0.00,'2024-07-17'),(152,119,1,17711.92,0.00,'2024-07-17'),(153,120,1,5009.00,0.00,'2024-07-17'),(154,121,1,7052.80,0.00,'2024-07-17'),(155,43,4,0.00,294.00,'2024-07-17'),(156,44,4,0.00,816.00,'2024-07-17'),(157,122,1,1456.00,0.00,'2024-07-17'),(158,45,4,0.00,14180.00,'2024-07-18'),(159,128,1,10401.96,0.00,'2024-07-29'),(160,126,1,25887.00,0.00,'2024-07-29'),(161,125,1,4973.00,0.00,'2024-07-29'),(162,123,1,13670.00,0.00,'2024-07-29'),(163,124,1,2857.00,0.00,'2024-07-29'),(164,129,1,66776.86,0.00,'2024-07-31'),(165,46,4,0.00,14293.72,'2024-07-31'),(166,47,4,0.00,54817.56,'2024-07-31'),(167,48,4,0.00,91172.00,'2024-07-31'),(168,49,4,0.00,38537.48,'2024-07-31'),(169,50,4,0.00,42364.00,'2024-07-31'),(170,51,4,0.00,2580.00,'2024-07-31'),(171,52,4,0.00,2580.00,'2024-07-31'),(172,53,4,0.00,114085.52,'2024-07-31'),(173,130,1,4613.00,0.00,'2024-08-01'),(174,131,1,1889.00,0.00,'2024-08-01'),(175,131,1,3778.00,0.00,'2024-08-01'),(176,132,1,4013.00,0.00,'2024-08-01'),(177,133,1,5047.00,0.00,'2024-08-01'),(178,134,1,2145.00,0.00,'2024-08-01'),(179,135,1,2114.00,0.00,'2024-08-01'),(180,136,1,10976.00,0.00,'2024-08-01'),(181,137,1,4049.00,0.00,'2024-08-01'),(182,144,1,13202.00,0.00,'2024-08-01'),(183,145,1,9260.00,0.00,'2024-08-01'),(184,146,1,17926.92,0.00,'2024-08-01'),(185,147,1,12789.00,0.00,'2024-08-01'),(186,151,1,22488.20,0.00,'2024-08-01'),(187,152,1,3300.00,0.00,'2024-08-01'),(188,138,1,1464.00,0.00,'2024-08-01'),(189,139,1,4191.00,0.00,'2024-08-01'),(190,140,1,5515.00,0.00,'2024-08-01'),(191,141,1,1342.00,0.00,'2024-08-01'),(192,142,1,2565.00,0.00,'2024-08-01'),(193,143,1,3192.00,0.00,'2024-08-01'),(194,156,1,6515.00,0.00,'2024-08-02'),(195,155,1,2822.00,0.00,'2024-08-02'),(196,154,1,23129.00,0.00,'2024-08-02'),(197,153,1,14419.52,0.00,'2024-08-02'),(198,32,1,212.00,0.00,'2024-08-02'),(199,69,1,527.64,0.00,'2024-08-02'),(200,84,1,192.00,0.00,'2024-08-02'),(201,85,1,80.00,0.00,'2024-08-02'),(202,54,4,0.00,96319.64,'2024-08-04'),(203,55,4,0.00,10600.00,'2024-08-05'),(204,56,4,0.00,45267.92,'2024-08-05'),(205,57,4,0.00,45267.92,'2024-08-05'),(206,58,4,0.00,22950.00,'2024-08-07'),(207,59,4,0.00,75775.80,'2024-08-07'),(208,60,4,0.00,49920.00,'2024-08-07'),(209,61,4,0.00,810.00,'2024-08-07'),(210,62,4,0.00,30600.00,'2024-08-08'),(211,175,1,350.08,0.00,'2024-08-08'),(212,181,1,4116.00,0.00,'2024-08-08'),(213,180,1,244.00,0.00,'2024-08-08'),(214,179,1,5085.00,0.00,'2024-08-08'),(215,178,1,1512.00,0.00,'2024-08-08'),(216,177,1,5911.00,0.00,'2024-08-08'),(217,176,1,3837.00,0.00,'2024-08-08'),(218,157,1,14080.00,0.00,'2024-08-08'),(219,158,1,18676.80,0.00,'2024-08-09'),(220,159,1,4280.20,0.00,'2024-08-09'),(221,160,1,11470.00,0.00,'2024-08-09'),(222,161,1,13458.00,0.00,'2024-08-09'),(223,162,1,14652.00,0.00,'2024-08-09'),(224,163,1,11058.00,0.00,'2024-08-09'),(225,189,1,762.00,0.00,'2024-08-09'),(226,188,1,5856.00,0.00,'2024-08-09'),(227,187,1,3286.00,0.00,'2024-08-09'),(228,186,1,3072.00,0.00,'2024-08-09'),(229,185,1,3670.00,0.00,'2024-08-09'),(230,184,1,16785.00,0.00,'2024-08-09'),(231,183,1,6214.00,0.00,'2024-08-09'),(232,182,1,22797.00,0.00,'2024-08-09'),(233,115,1,726.00,0.00,'2024-08-09'),(234,127,1,5254.00,0.00,'2024-08-09'),(235,199,1,2710.00,0.00,'2024-08-09'),(236,198,1,4896.00,0.00,'2024-08-09'),(237,197,1,1983.00,0.00,'2024-08-09'),(238,196,1,1060.00,0.00,'2024-08-09'),(239,195,1,3496.00,0.00,'2024-08-09'),(240,194,1,1533.00,0.00,'2024-08-09'),(241,193,1,2932.00,0.00,'2024-08-09'),(242,192,1,11810.00,0.00,'2024-08-09'),(243,191,1,2501.00,0.00,'2024-08-09'),(244,190,1,2220.00,0.00,'2024-08-09'),(245,164,1,7200.20,0.00,'2024-08-09'),(246,165,1,21528.88,0.00,'2024-08-09'),(247,166,1,7082.32,0.00,'2024-08-09'),(248,167,1,6542.44,0.00,'2024-08-09'),(249,168,1,6777.48,0.00,'2024-08-09'),(250,169,1,6870.16,0.00,'2024-08-09'),(251,170,1,2630.20,0.00,'2024-08-09'),(252,171,1,3334.40,0.00,'2024-08-09'),(253,172,1,9845.28,0.00,'2024-08-09'),(254,173,1,4290.80,0.00,'2024-08-09'),(255,174,1,840.00,0.00,'2024-08-09'),(256,200,1,8467.36,0.00,'2024-08-09'),(257,201,1,3892.56,0.00,'2024-08-09'),(258,202,1,85.00,0.00,'2024-08-09'),(259,209,1,10049.00,0.00,'2024-08-09'),(260,210,1,12672.24,0.00,'2024-08-09'),(261,208,1,4340.44,0.00,'2024-08-09'),(262,207,1,36720.00,0.00,'2024-08-09'),(263,206,1,9037.20,0.00,'2024-08-09'),(264,204,1,9999.00,0.00,'2024-08-09'),(265,205,1,6125.00,0.00,'2024-08-09'),(266,203,1,6345.00,0.00,'2024-08-09'),(267,107,1,850.00,0.00,'2024-08-09'),(268,23,4,0.00,120.00,'2024-08-21'),(269,24,4,0.00,120.00,'2024-08-21'),(270,25,4,0.00,120.00,'2024-08-21'),(271,26,4,0.00,120.00,'2024-08-21'),(272,27,4,0.00,540.00,'2024-08-21'),(273,28,4,0.00,540.00,'2024-08-21'),(274,29,4,0.00,10000.00,'2024-08-22'),(275,30,4,0.00,10000.00,'2024-08-22'),(276,31,4,0.00,529.00,'2024-08-22'),(277,32,4,0.00,529.00,'2024-08-22'),(278,33,4,0.00,529.00,'2024-08-22'),(279,34,4,0.00,60.00,'2024-08-22'),(280,35,4,0.00,108.00,'2024-08-22'),(281,36,4,0.00,36.00,'2024-08-22'),(282,37,4,0.00,72.00,'2024-08-22'),(283,38,4,0.00,260.00,'2024-08-22'),(284,1,6,0.00,40000.00,'2024-08-22'),(285,39,4,0.00,1500.00,'2024-08-24'),(286,47,1,131.24,0.00,'2024-08-24'),(288,2,7,0.00,10.00,'2024-09-01'),(289,7,7,0.00,50.00,'2024-09-01'),(291,3,7,0.00,6000.00,'2024-09-01'),(293,40,4,0.00,390.00,'2024-09-02'),(294,41,4,0.00,390.00,'2024-09-02'),(295,42,4,0.00,390.00,'2024-09-02'),(296,43,4,0.00,390.00,'2024-09-02'),(297,44,4,0.00,390.00,'2024-09-02'),(298,45,4,0.00,390.00,'2024-09-02'),(299,46,4,0.00,5400.00,'2024-09-02'),(300,47,4,0.00,5400.00,'2024-09-02'),(301,48,4,0.00,5400.00,'2024-09-02'),(302,49,4,0.00,5400.00,'2024-09-02'),(303,50,4,0.00,528.00,'2024-09-02'),(304,51,4,0.00,100.00,'2024-09-02'),(305,52,4,0.00,120.00,'2024-09-02'),(306,53,4,0.00,120.00,'2024-09-02'),(307,54,4,0.00,230.00,'2024-09-02'),(308,55,4,0.00,7000.00,'2024-09-02'),(309,56,4,0.00,24.00,'2024-09-05'),(310,57,4,0.00,900.00,'2024-09-05'),(311,58,4,0.00,60.00,'2024-09-05');
/*!40000 ALTER TABLE `daily_transaction_information` ENABLE KEYS */;
UNLOCK TABLES;

--
-- Table structure for table `daily_transaction_type`
--

DROP TABLE IF EXISTS `daily_transaction_type`;
/*!40101 SET @saved_cs_client     = @@character_set_client */;
/*!50503 SET character_set_client = utf8mb4 */;
CREATE TABLE `daily_transaction_type` (
  `daily_trx_type_id` int NOT NULL AUTO_INCREMENT,
  `daily_trx_type_name` varchar(64) NOT NULL,
  PRIMARY KEY (`daily_trx_type_id`)
) ENGINE=MyISAM AUTO_INCREMENT=8 DEFAULT CHARSET=latin1;
/*!40101 SET character_set_client = @saved_cs_client */;

--
-- Dumping data for table `daily_transaction_type`
--

LOCK TABLES `daily_transaction_type` WRITE;
/*!40000 ALTER TABLE `daily_transaction_type` DISABLE KEYS */;
INSERT INTO `daily_transaction_type` VALUES (1,'Sales invoice payment'),(2,'Customer payment'),(3,'Delivery Man Payment'),(4,'Purchase invoice payment'),(5,'Supplier payment'),(6,'Salary payment'),(7,'Expense payment');
/*!40000 ALTER TABLE `daily_transaction_type` ENABLE KEYS */;
UNLOCK TABLES;

--
-- Table structure for table `damage_return_items`
--

DROP TABLE IF EXISTS `damage_return_items`;
/*!40101 SET @saved_cs_client     = @@character_set_client */;
/*!50503 SET character_set_client = utf8mb4 */;
CREATE TABLE `damage_return_items` (
  `damage_item_id` int NOT NULL AUTO_INCREMENT,
  `cart_return_id` int NOT NULL,
  `cart_id` int NOT NULL,
  `product_id` int NOT NULL,
  `quantity` decimal(10,2) DEFAULT '0.00',
  `rate` decimal(10,2) DEFAULT '0.00',
  `total` decimal(10,2) DEFAULT '0.00',
  `received_by_id` int NOT NULL,
  `delivered_by_id` int NOT NULL,
  `create_date` date NOT NULL,
  PRIMARY KEY (`damage_item_id`)
) ENGINE=MyISAM AUTO_INCREMENT=2 DEFAULT CHARSET=latin1;
/*!40101 SET character_set_client = @saved_cs_client */;

--
-- Dumping data for table `damage_return_items`
--

LOCK TABLES `damage_return_items` WRITE;
/*!40000 ALTER TABLE `damage_return_items` DISABLE KEYS */;
INSERT INTO `damage_return_items` VALUES (1,2,5,1,1.00,40.00,40.00,2,7,'2024-07-02');
/*!40000 ALTER TABLE `damage_return_items` ENABLE KEYS */;
UNLOCK TABLES;

--
-- Table structure for table `day_end_balance`
--

DROP TABLE IF EXISTS `day_end_balance`;
/*!40101 SET @saved_cs_client     = @@character_set_client */;
/*!50503 SET character_set_client = utf8mb4 */;
CREATE TABLE `day_end_balance` (
  `day_end_balance_id` int NOT NULL AUTO_INCREMENT,
  `date` varchar(128) DEFAULT NULL,
  `opening_balance` decimal(10,2) DEFAULT '0.00',
  `total_sales` decimal(10,2) DEFAULT '0.00',
  `sales_paid_amount` decimal(10,2) DEFAULT '0.00',
  `sales_due_amount` decimal(10,2) DEFAULT '0.00',
  `cash_in` decimal(10,2) DEFAULT '0.00',
  `total_purchase` decimal(10,2) DEFAULT '0.00',
  `purchase_paid_amount` decimal(10,2) DEFAULT '0.00',
  `purchase_due_amount` decimal(10,2) DEFAULT '0.00',
  `total_expense` decimal(10,2) DEFAULT '0.00',
  `cash_out` decimal(10,2) DEFAULT '0.00',
  `closing_balance` decimal(10,2) DEFAULT '0.00',
  `is_closed` int DEFAULT NULL,
  PRIMARY KEY (`day_end_balance_id`)
) ENGINE=InnoDB AUTO_INCREMENT=2 DEFAULT CHARSET=utf8mb4 COLLATE=utf8mb4_0900_ai_ci;
/*!40101 SET character_set_client = @saved_cs_client */;

--
-- Dumping data for table `day_end_balance`
--

LOCK TABLES `day_end_balance` WRITE;
/*!40000 ALTER TABLE `day_end_balance` DISABLE KEYS */;
INSERT INTO `day_end_balance` VALUES (1,NULL,0.00,NULL,NULL,NULL,NULL,NULL,NULL,NULL,NULL,NULL,0.00,NULL);
/*!40000 ALTER TABLE `day_end_balance` ENABLE KEYS */;
UNLOCK TABLES;

--
-- Table structure for table `delivery_status_definition`
--

DROP TABLE IF EXISTS `delivery_status_definition`;
/*!40101 SET @saved_cs_client     = @@character_set_client */;
/*!50503 SET character_set_client = utf8mb4 */;
CREATE TABLE `delivery_status_definition` (
  `delivery_status_id` int NOT NULL AUTO_INCREMENT,
  `delivery_status` varchar(256) NOT NULL,
  `delivery_status_client` varchar(256) DEFAULT NULL,
  `delivery_status_symbol` varchar(16) NOT NULL,
  `is_active` int NOT NULL DEFAULT '1',
  PRIMARY KEY (`delivery_status_id`)
) ENGINE=InnoDB AUTO_INCREMENT=10 DEFAULT CHARSET=latin1;
/*!40101 SET character_set_client = @saved_cs_client */;

--
-- Dumping data for table `delivery_status_definition`
--

LOCK TABLES `delivery_status_definition` WRITE;
/*!40000 ALTER TABLE `delivery_status_definition` DISABLE KEYS */;
INSERT INTO `delivery_status_definition` VALUES (1,'Cart Checked Out','Awaiting Order Placement','CCO',1),(2,'Order Placed','Awaiting For Approval','OP',1),(3,'Cart Accepted and escallated to Warehouse','Your order is being processed','CADW',1),(4,'Waiting for Administrator Confirmation','Your order is being processed','WAC',1),(5,'Waiting For Delivery Agency Confirmation','Your order is being processed','WAGF',1),(6,'Parcel Handedover to delivery agent','Your order is on the way','PHTA',1),(7,'Product Delivered and Payment Collected','Your order is delivered','PDPC',1),(8,'Delivery Completted','Your order is delivered','DC',1),(9,'Order Cancelled','Order Cancelled','DOC',1);
/*!40000 ALTER TABLE `delivery_status_definition` ENABLE KEYS */;
UNLOCK TABLES;

--
-- Table structure for table `expense_categories`
--

DROP TABLE IF EXISTS `expense_categories`;
/*!40101 SET @saved_cs_client     = @@character_set_client */;
/*!50503 SET character_set_client = utf8mb4 */;
CREATE TABLE `expense_categories` (
  `expense_category_id` bigint unsigned NOT NULL AUTO_INCREMENT,
  `expense_category_name` varchar(255) CHARACTER SET utf8mb4 COLLATE utf8mb4_unicode_ci DEFAULT NULL,
  `is_default` int DEFAULT NULL,
  `is_active` int DEFAULT NULL,
  `created_at` timestamp NULL DEFAULT NULL,
  `updated_at` timestamp NULL DEFAULT NULL,
  PRIMARY KEY (`expense_category_id`)
) ENGINE=InnoDB AUTO_INCREMENT=11 DEFAULT CHARSET=utf8mb4 COLLATE=utf8mb4_unicode_ci;
/*!40101 SET character_set_client = @saved_cs_client */;

--
-- Dumping data for table `expense_categories`
--

LOCK TABLES `expense_categories` WRITE;
/*!40000 ALTER TABLE `expense_categories` DISABLE KEYS */;
INSERT INTO `expense_categories` VALUES (1,'Office Cost',1,1,NULL,NULL),(2,'Conveyance',1,1,NULL,NULL),(3,'Salary',1,1,NULL,NULL),(4,'Electricity Bill',0,1,NULL,NULL),(5,'Transport Cost',0,1,NULL,NULL),(6,'Transport Cost 3',0,1,NULL,NULL),(7,'Food',0,0,NULL,NULL),(8,'Decoration',0,1,NULL,NULL),(9,'Food and snacks',0,1,NULL,NULL),(10,'rents of house',0,1,NULL,NULL);
/*!40000 ALTER TABLE `expense_categories` ENABLE KEYS */;
UNLOCK TABLES;

--
-- Table structure for table `expense_details`
--

DROP TABLE IF EXISTS `expense_details`;
/*!40101 SET @saved_cs_client     = @@character_set_client */;
/*!50503 SET character_set_client = utf8mb4 */;
CREATE TABLE `expense_details` (
  `expense_details_id` bigint unsigned NOT NULL AUTO_INCREMENT,
  `expense_category_id` bigint unsigned NOT NULL,
  `amount` decimal(10,2) DEFAULT '0.00',
  `notes` text CHARACTER SET utf8mb4 COLLATE utf8mb4_unicode_ci NOT NULL,
  `created_by` int DEFAULT NULL,
  `created_at` timestamp NULL DEFAULT NULL,
  `updated_at` timestamp NULL DEFAULT NULL,
  PRIMARY KEY (`expense_details_id`)
) ENGINE=InnoDB AUTO_INCREMENT=4 DEFAULT CHARSET=utf8mb4 COLLATE=utf8mb4_unicode_ci;
/*!40101 SET character_set_client = @saved_cs_client */;

--
-- Dumping data for table `expense_details`
--

LOCK TABLES `expense_details` WRITE;
/*!40000 ALTER TABLE `expense_details` DISABLE KEYS */;
INSERT INTO `expense_details` VALUES (1,2,10.00,'55656',NULL,'2024-09-01 02:41:25','2024-09-01 02:41:25'),(2,7,50.00,'ridoy khasiye felece',NULL,'2024-09-01 02:44:28','2024-09-01 02:44:28'),(3,3,6000.00,'lljkl',NULL,'2024-09-01 05:38:33','2024-09-01 05:38:33');
/*!40000 ALTER TABLE `expense_details` ENABLE KEYS */;
UNLOCK TABLES;

--
-- Table structure for table `expenses`
--

DROP TABLE IF EXISTS `expenses`;
/*!40101 SET @saved_cs_client     = @@character_set_client */;
/*!50503 SET character_set_client = utf8mb4 */;
CREATE TABLE `expenses` (
  `expense_id` bigint unsigned NOT NULL AUTO_INCREMENT,
  `expense_name` varchar(255) CHARACTER SET utf8mb4 COLLATE utf8mb4_unicode_ci DEFAULT NULL,
  `expense_category_id` bigint unsigned DEFAULT NULL,
  `is_default` int DEFAULT NULL,
  `is_active` int DEFAULT NULL,
  `created_at` timestamp NULL DEFAULT NULL,
  `updated_at` timestamp NULL DEFAULT NULL,
  PRIMARY KEY (`expense_id`)
) ENGINE=InnoDB DEFAULT CHARSET=utf8mb4 COLLATE=utf8mb4_unicode_ci;
/*!40101 SET character_set_client = @saved_cs_client */;

--
-- Dumping data for table `expenses`
--

LOCK TABLES `expenses` WRITE;
/*!40000 ALTER TABLE `expenses` DISABLE KEYS */;
/*!40000 ALTER TABLE `expenses` ENABLE KEYS */;
UNLOCK TABLES;

--
-- Table structure for table `failed_jobs`
--

DROP TABLE IF EXISTS `failed_jobs`;
/*!40101 SET @saved_cs_client     = @@character_set_client */;
/*!50503 SET character_set_client = utf8mb4 */;
CREATE TABLE `failed_jobs` (
  `id` bigint unsigned NOT NULL AUTO_INCREMENT,
  `uuid` varchar(255) CHARACTER SET utf8mb4 COLLATE utf8mb4_unicode_ci NOT NULL,
  `connection` text CHARACTER SET utf8mb4 COLLATE utf8mb4_unicode_ci NOT NULL,
  `queue` text CHARACTER SET utf8mb4 COLLATE utf8mb4_unicode_ci NOT NULL,
  `payload` longtext CHARACTER SET utf8mb4 COLLATE utf8mb4_unicode_ci NOT NULL,
  `exception` longtext CHARACTER SET utf8mb4 COLLATE utf8mb4_unicode_ci NOT NULL,
  `failed_at` timestamp NOT NULL DEFAULT CURRENT_TIMESTAMP,
  PRIMARY KEY (`id`),
  UNIQUE KEY `failed_jobs_uuid_unique` (`uuid`)
) ENGINE=InnoDB DEFAULT CHARSET=utf8mb4 COLLATE=utf8mb4_unicode_ci;
/*!40101 SET character_set_client = @saved_cs_client */;

--
-- Dumping data for table `failed_jobs`
--

LOCK TABLES `failed_jobs` WRITE;
/*!40000 ALTER TABLE `failed_jobs` DISABLE KEYS */;
/*!40000 ALTER TABLE `failed_jobs` ENABLE KEYS */;
UNLOCK TABLES;

--
-- Table structure for table `final_stock_table`
--

DROP TABLE IF EXISTS `final_stock_table`;
/*!40101 SET @saved_cs_client     = @@character_set_client */;
/*!50503 SET character_set_client = utf8mb4 */;
CREATE TABLE `final_stock_table` (
  `stock_id` int NOT NULL AUTO_INCREMENT,
  `product_id` int DEFAULT NULL,
  `total_purchased_quantity` decimal(10,2) DEFAULT '0.00',
  `total_sold_quantity` decimal(10,2) DEFAULT '0.00',
  `total_ordered_quantity` decimal(10,2) DEFAULT '0.00',
  `in_order_queue` decimal(10,2) DEFAULT '0.00',
  `temp_quantity` decimal(10,2) DEFAULT '0.00',
  `final_quantity` decimal(10,2) DEFAULT '0.00',
  `purchase_id` int DEFAULT NULL,
  `purchase_price` decimal(10,2) DEFAULT '0.00',
  `wholesale_price` decimal(10,2) DEFAULT '0.00',
  `sales_price` decimal(10,2) DEFAULT '0.00',
  `store_id` int DEFAULT NULL,
  PRIMARY KEY (`stock_id`)
) ENGINE=InnoDB AUTO_INCREMENT=439 DEFAULT CHARSET=latin1;
/*!40101 SET character_set_client = @saved_cs_client */;

--
-- Dumping data for table `final_stock_table`
--

LOCK TABLES `final_stock_table` WRITE;
/*!40000 ALTER TABLE `final_stock_table` DISABLE KEYS */;
INSERT INTO `final_stock_table` VALUES (1,248,3.00,3.00,0.00,0.00,0.00,0.00,1,865.74,935.00,935.00,1),(2,247,16.00,16.00,0.00,0.00,0.00,0.00,1,490.74,530.00,530.00,1),(3,246,40.00,40.00,0.00,0.00,0.00,0.00,1,208.33,225.00,225.00,1),(4,245,132.00,132.00,0.00,0.00,0.00,0.00,1,109.26,118.00,118.00,1),(5,244,53.00,63.00,0.00,0.00,-10.00,-10.00,1,58.33,63.00,63.00,1),(6,262,19.00,0.00,0.00,0.00,19.00,19.00,1,29.63,32.00,32.00,1),(7,261,1.00,0.00,0.00,0.00,1.00,1.00,1,23.15,25.00,25.00,1),(8,256,21.00,3.00,0.00,0.00,18.00,18.00,1,23.15,32.00,32.00,1),(9,263,61.00,9.00,0.00,0.00,52.00,52.00,1,20.37,22.00,22.00,1),(10,260,25.00,12.00,0.00,0.00,13.00,13.00,1,69.44,75.00,75.00,1),(11,257,26.00,0.00,0.00,0.00,26.00,26.00,1,23.15,25.00,25.00,1),(12,258,49.00,0.00,0.00,0.00,49.00,49.00,1,26.85,29.00,29.00,1),(13,295,12.00,5.00,0.00,0.00,7.00,7.00,1,142.86,150.00,150.00,1),(14,281,5.00,0.00,0.00,0.00,5.00,5.00,1,31.43,33.00,33.00,1),(15,191,214.00,186.00,0.00,0.00,28.00,28.00,2,59.80,65.00,65.00,1),(16,192,24.00,24.00,0.00,0.00,0.00,0.00,2,82.80,90.00,90.00,1),(17,199,35.00,3.00,0.00,0.00,32.00,32.00,2,69.00,75.00,75.00,1),(18,201,26.00,12.00,0.00,0.00,14.00,14.00,2,59.80,65.00,65.00,1),(19,196,44.00,44.00,0.00,0.00,0.00,0.00,2,38.64,42.00,42.00,1),(20,197,16.00,13.00,0.00,0.00,3.00,3.00,2,64.40,70.00,70.00,1),(21,204,879.00,610.00,0.00,0.00,269.00,269.00,2,6.51,7.00,7.00,1),(22,205,91.00,31.00,0.00,0.00,60.00,60.00,2,22.32,25.00,25.00,1),(23,202,254.00,254.00,0.00,0.00,0.00,0.00,2,32.90,35.00,35.00,1),(24,194,192.00,51.00,0.00,0.00,141.00,141.00,2,20.24,22.00,22.00,1),(25,184,222.00,222.00,0.00,0.00,0.00,0.00,2,18.60,20.00,20.00,1),(26,185,185.00,45.00,0.00,0.00,140.00,140.00,2,48.36,52.00,52.00,1),(27,186,246.00,53.00,0.00,0.00,193.00,193.00,2,58.59,66.00,66.00,1),(28,187,201.00,201.00,0.00,0.00,0.00,0.00,2,148.80,160.00,160.00,1),(29,189,72.00,41.00,0.00,0.00,31.00,31.00,2,280.00,300.00,300.00,1),(30,425,86.00,34.00,0.00,0.00,52.00,52.00,3,82.40,90.00,90.00,1),(31,424,81.00,18.00,0.00,0.00,63.00,63.00,3,68.66,80.00,80.00,1),(32,423,74.00,26.00,0.00,0.00,48.00,48.00,3,56.40,60.00,60.00,1),(33,420,1920.00,216.00,0.00,0.00,1704.00,1704.00,3,6.20,6.66,6.66,1),(34,455,10.00,0.00,0.00,0.00,10.00,10.00,4,32.41,35.00,35.00,1),(35,454,12.00,0.00,0.00,0.00,12.00,12.00,4,92.59,100.00,100.00,1),(36,450,24.00,12.00,0.00,0.00,12.00,12.00,4,41.67,45.00,45.00,1),(37,452,12.00,0.00,0.00,0.00,12.00,12.00,4,78.70,85.00,85.00,1),(38,451,48.00,0.00,0.00,0.00,48.00,48.00,4,41.67,45.00,45.00,1),(39,449,49.00,6.00,0.00,0.00,43.00,43.00,4,26.85,29.00,29.00,1),(40,448,24.00,0.00,0.00,0.00,24.00,24.00,4,83.33,90.00,90.00,1),(41,447,24.00,0.00,0.00,0.00,24.00,24.00,4,50.93,55.00,55.00,1),(42,456,120.00,54.00,0.00,0.00,66.00,66.00,5,31.13,33.00,33.00,1),(43,64,1584.00,1584.00,0.00,0.00,0.00,0.00,6,3.80,4.00,4.00,1),(44,66,29.00,30.00,0.00,0.00,-1.00,-1.00,6,44.00,46.64,46.64,1),(45,68,24.00,24.00,0.00,0.00,0.00,0.00,6,39.42,42.00,42.00,1),(46,74,2256.00,2232.00,0.00,0.00,24.00,24.00,6,3.70,3.96,3.96,1),(47,72,264.00,264.00,0.00,0.00,0.00,0.00,6,7.45,7.92,7.92,1),(48,73,42.00,42.00,0.00,0.00,0.00,0.00,6,33.50,35.00,35.00,1),(49,75,1392.00,1368.00,0.00,0.00,24.00,24.00,6,3.70,3.96,3.96,1),(50,76,552.00,432.00,0.00,0.00,120.00,120.00,6,7.45,7.92,7.92,1),(51,77,32.00,31.00,0.00,0.00,1.00,1.00,6,34.00,40.00,40.00,1),(52,88,648.00,648.00,0.00,0.00,0.00,0.00,6,3.70,3.96,3.96,1),(53,80,1092.00,1092.00,0.00,0.00,0.00,0.00,6,7.45,7.92,7.92,1),(54,78,96.00,84.00,0.00,0.00,12.00,12.00,6,3.70,3.96,3.96,1),(55,79,348.00,348.00,0.00,0.00,0.00,0.00,6,7.45,7.93,7.93,1),(56,90,1368.00,1346.00,0.00,0.00,22.00,22.00,6,3.70,3.96,3.96,1),(57,96,2160.00,1517.00,0.00,0.00,643.00,643.00,6,3.70,3.96,3.96,1),(58,174,795.00,649.00,0.00,0.00,146.00,146.00,6,7.45,7.92,7.92,1),(59,85,1824.00,1776.00,0.00,0.00,48.00,48.00,6,3.70,3.96,3.96,1),(60,98,1920.00,1908.00,0.00,0.00,12.00,12.00,6,3.80,4.00,4.00,1),(61,102,6.00,2.00,0.00,0.00,4.00,4.00,6,140.00,150.00,150.00,1),(62,99,2.00,2.00,0.00,0.00,0.00,0.00,6,140.00,150.00,150.00,1),(63,101,1.00,3.00,0.00,0.00,-2.00,-2.00,6,140.00,150.00,150.00,1),(64,116,3.00,3.00,0.00,0.00,0.00,0.00,6,146.00,155.00,155.00,1),(65,171,2.00,2.00,0.00,0.00,0.00,0.00,6,50.00,60.00,60.00,1),(66,170,190.00,17.00,0.00,0.00,173.00,173.00,6,80.00,85.00,85.00,1),(67,168,50.00,3.00,0.00,0.00,47.00,47.00,6,65.00,70.00,70.00,1),(68,175,166.00,468.00,0.00,0.00,-302.00,-302.00,6,7.52,8.00,8.00,1),(69,176,98.00,98.00,0.00,0.00,0.00,0.00,6,34.00,38.00,38.00,1),(70,180,11.00,11.00,0.00,0.00,0.00,0.00,6,90.00,95.00,95.00,1),(71,163,40.00,33.00,0.00,0.00,7.00,7.00,6,132.00,140.00,140.00,1),(72,31,10.00,10.00,0.00,0.00,0.00,0.00,6,270.00,280.00,280.00,1),(73,40,26.00,26.00,0.00,0.00,0.00,0.00,6,306.00,320.00,320.00,1),(74,37,7.00,7.00,0.00,0.00,0.00,0.00,6,360.00,380.00,380.00,1),(75,43,29.00,29.00,0.00,0.00,0.00,0.00,6,25.00,28.00,28.00,1),(76,44,36.00,36.00,0.00,0.00,0.00,0.00,6,65.00,70.00,70.00,1),(77,122,46.00,46.00,0.00,0.00,0.00,0.00,6,93.36,100.00,100.00,1),(78,120,44.00,44.00,0.00,0.00,0.00,0.00,6,93.36,100.00,100.00,1),(79,125,5.00,5.00,0.00,0.00,0.00,0.00,6,180.00,190.00,190.00,1),(80,118,6.00,6.00,0.00,0.00,0.00,0.00,6,93.36,100.00,100.00,1),(81,132,21.00,21.00,0.00,0.00,0.00,0.00,6,180.96,192.00,192.00,1),(82,131,4.00,4.00,0.00,0.00,0.00,0.00,6,93.60,100.00,100.00,1),(83,20,17.00,15.00,0.00,0.00,2.00,2.00,6,192.00,220.00,220.00,1),(84,23,3.00,2.00,0.00,0.00,1.00,1.00,6,248.00,260.00,260.00,1),(85,83,36.00,0.00,0.00,0.00,36.00,36.00,6,32.00,35.00,35.00,1),(86,148,151.00,60.00,0.00,0.00,91.00,91.00,6,32.00,35.00,35.00,1),(87,149,19.00,21.00,0.00,0.00,-2.00,-2.00,6,35.00,38.00,38.00,1),(88,155,148.00,7.00,0.00,0.00,141.00,141.00,6,35.00,40.00,40.00,1),(89,409,564.00,576.00,0.00,0.00,-12.00,-12.00,7,3.56,3.75,3.75,1),(90,419,534.00,270.00,0.00,0.00,264.00,264.00,7,6.24,6.50,6.50,1),(91,415,486.00,324.00,0.00,0.00,162.00,162.00,7,4.16,4.33,4.33,1),(92,417,48.00,48.00,0.00,0.00,0.00,0.00,7,4.16,4.33,4.33,1),(93,432,16.00,6.00,0.00,0.00,10.00,10.00,7,37.20,37.40,37.40,1),(94,435,13.00,10.00,0.00,0.00,3.00,3.00,7,127.20,135.00,135.00,1),(95,414,8.00,8.00,0.00,0.00,0.00,0.00,7,65.00,70.00,70.00,1),(96,369,238.00,63.00,0.00,0.00,175.00,175.00,7,23.33,25.00,25.00,1),(97,370,204.00,36.00,0.00,0.00,168.00,168.00,7,23.33,25.00,25.00,1),(98,371,263.00,66.00,0.00,0.00,197.00,197.00,7,23.33,25.00,25.00,1),(99,372,42.00,42.00,0.00,0.00,0.00,0.00,7,23.33,25.00,25.00,1),(100,359,83.00,9.00,0.00,0.00,74.00,74.00,7,35.60,40.00,40.00,1),(101,360,339.00,270.00,0.00,0.00,69.00,69.00,7,35.60,40.00,40.00,1),(102,358,225.00,73.00,0.00,0.00,152.00,152.00,7,35.60,40.00,40.00,1),(103,377,544.00,538.00,0.00,0.00,6.00,6.00,7,24.30,26.00,26.00,1),(104,375,164.00,160.00,0.00,0.00,4.00,4.00,7,24.30,26.00,26.00,1),(105,376,138.00,138.00,0.00,0.00,0.00,0.00,7,24.30,26.00,26.00,1),(106,363,177.00,1.00,0.00,0.00,176.00,176.00,7,48.00,52.00,52.00,1),(107,367,36.00,14.00,0.00,0.00,22.00,22.00,7,60.00,65.00,65.00,1),(108,400,14.00,11.00,0.00,0.00,3.00,3.00,7,485.00,520.00,520.00,1),(109,401,7.00,7.00,0.00,0.00,0.00,0.00,7,375.00,400.00,400.00,1),(110,391,21.00,21.00,0.00,0.00,0.00,0.00,7,305.00,325.00,325.00,1),(111,392,1.00,1.00,0.00,0.00,0.00,0.00,7,330.00,350.00,350.00,1),(112,394,16.00,16.00,0.00,0.00,0.00,0.00,7,370.00,390.00,390.00,1),(113,429,14.00,14.00,0.00,0.00,0.00,0.00,7,186.00,200.00,200.00,1),(114,428,10.00,10.00,0.00,0.00,0.00,0.00,7,111.60,120.00,120.00,1),(115,416,3.00,0.00,0.00,0.00,3.00,3.00,7,80.00,85.00,85.00,1),(116,431,30.00,22.00,0.00,0.00,8.00,8.00,7,83.70,90.00,90.00,1),(117,426,25.00,8.00,0.00,0.00,17.00,17.00,7,146.88,155.00,155.00,1),(118,427,20.00,7.00,0.00,0.00,13.00,13.00,7,105.00,120.00,120.00,1),(119,434,12.00,4.00,0.00,0.00,8.00,8.00,7,175.00,190.00,190.00,1),(120,328,168.00,168.00,0.00,0.00,0.00,0.00,7,269.40,290.00,290.00,1),(121,326,132.00,112.00,0.00,0.00,20.00,20.00,7,192.00,205.00,205.00,1),(122,327,44.00,28.00,0.00,0.00,16.00,16.00,7,180.00,190.00,190.00,1),(123,329,133.00,63.00,0.00,0.00,70.00,70.00,7,64.00,70.00,70.00,1),(124,332,1872.00,1849.00,0.00,0.00,23.00,23.00,7,30.00,32.00,32.00,1),(125,330,134.00,111.00,0.00,0.00,23.00,23.00,7,70.50,75.00,75.00,1),(126,325,607.00,580.00,0.00,0.00,27.00,27.00,7,42.00,45.00,45.00,1),(127,314,437.00,230.00,0.00,0.00,207.00,207.00,7,47.50,50.00,50.00,1),(128,323,58.00,58.00,0.00,0.00,0.00,0.00,7,48.40,50.00,50.00,1),(129,318,96.00,52.00,0.00,0.00,44.00,44.00,7,74.00,78.00,78.00,1),(130,320,150.00,46.00,0.00,0.00,104.00,104.00,7,160.56,170.00,170.00,1),(131,339,87.00,85.00,0.00,0.00,2.00,2.00,7,39.85,42.00,42.00,1),(132,344,30.00,14.00,0.00,0.00,16.00,16.00,7,120.00,125.00,125.00,1),(133,345,4.00,4.00,0.00,0.00,0.00,0.00,7,140.00,150.00,150.00,1),(134,347,9.00,9.00,0.00,0.00,0.00,0.00,7,173.00,190.00,190.00,1),(135,300,384.00,384.00,0.00,0.00,0.00,0.00,7,80.00,85.00,85.00,1),(136,301,432.00,432.00,0.00,0.00,0.00,0.00,7,80.00,85.00,85.00,1),(137,302,288.00,281.00,0.00,0.00,7.00,7.00,7,80.00,85.00,85.00,1),(138,303,82.00,82.00,0.00,0.00,0.00,0.00,7,80.00,85.00,85.00,1),(139,304,38.00,41.00,0.00,0.00,-3.00,-3.00,7,80.00,85.00,85.00,1),(140,305,12.00,10.00,0.00,0.00,2.00,2.00,7,580.00,620.00,620.00,1),(141,306,7.00,7.00,0.00,0.00,0.00,0.00,7,580.00,620.00,620.00,1),(142,307,12.00,12.00,0.00,0.00,0.00,0.00,7,580.00,620.00,620.00,1),(143,308,18.00,13.00,0.00,0.00,5.00,5.00,7,580.00,620.00,620.00,1),(144,207,1065.00,1047.00,0.00,0.00,18.00,18.00,8,42.00,44.00,44.00,1),(145,215,134.00,133.00,0.00,0.00,1.00,1.00,8,132.00,137.00,137.00,1),(146,239,10.00,10.00,0.00,0.00,0.00,0.00,8,423.00,437.00,437.00,1),(147,213,166.00,168.00,0.00,0.00,-2.00,-2.00,8,35.80,36.80,36.80,1),(148,212,450.00,460.00,0.00,0.00,-10.00,-10.00,8,18.40,18.90,18.90,1),(149,4,1944.00,1164.00,0.00,0.00,780.00,780.00,9,7.55,8.00,8.00,1),(150,8,2352.00,1320.00,0.00,0.00,1032.00,1032.00,9,3.77,4.00,4.00,1),(151,9,2410.00,1129.00,0.00,0.00,1281.00,1281.00,9,3.77,4.00,4.00,1),(152,7,2400.00,1824.00,0.00,0.00,576.00,576.00,9,3.77,4.00,4.00,1),(153,17,65.00,21.00,0.00,0.00,44.00,44.00,9,65.00,68.00,68.00,1),(154,11,55.00,40.00,0.00,0.00,15.00,15.00,9,33.00,35.00,35.00,1),(155,12,52.00,24.00,0.00,0.00,28.00,28.00,9,30.00,32.00,32.00,1),(156,2,547.00,534.00,0.00,0.00,13.00,13.00,9,51.82,55.00,55.00,1),(157,3,298.00,298.00,0.00,0.00,0.00,0.00,9,45.20,48.00,48.00,1),(158,19,17.00,10.00,0.00,0.00,7.00,7.00,9,136.00,140.00,140.00,1),(159,41,100.00,100.00,0.00,0.00,0.00,0.00,10,306.00,320.00,320.00,1),(160,43,96.00,96.00,0.00,0.00,0.00,0.00,10,25.00,28.00,28.00,1),(161,136,28.00,28.00,0.00,0.00,0.00,0.00,10,141.00,150.00,150.00,1),(162,64,1200.00,1200.00,0.00,0.00,0.00,0.00,10,3.80,4.00,4.00,1),(163,125,12.00,12.00,0.00,0.00,0.00,0.00,10,180.00,190.00,190.00,1),(164,126,12.00,12.00,0.00,0.00,0.00,0.00,10,180.00,190.00,190.00,1),(165,82,40.00,19.00,0.00,0.00,21.00,21.00,10,37.52,40.00,40.00,1),(166,457,64.00,0.00,0.00,0.00,64.00,64.00,11,78.00,80.00,80.00,1),(167,458,40.00,12.00,0.00,0.00,28.00,28.00,11,73.00,75.00,75.00,1),(168,459,7.00,0.00,0.00,0.00,7.00,7.00,11,280.00,300.00,300.00,1),(169,460,1.00,0.00,0.00,0.00,1.00,1.00,11,1100.00,1150.00,1150.00,1),(170,461,9.00,0.00,0.00,0.00,9.00,9.00,11,42.00,43.00,43.00,1),(171,462,9.00,0.00,0.00,0.00,9.00,9.00,11,135.00,140.00,140.00,1),(172,463,2.00,0.00,0.00,0.00,2.00,2.00,11,750.00,770.00,770.00,1),(173,464,80.00,0.00,0.00,0.00,80.00,80.00,11,48.00,50.00,50.00,1),(174,251,80.00,124.00,0.00,0.00,-44.00,-44.00,12,23.15,25.00,25.00,1),(175,252,20.00,10.00,0.00,0.00,10.00,10.00,12,41.67,45.00,45.00,1),(176,465,8.00,8.00,0.00,0.00,0.00,0.00,13,110.00,120.00,120.00,1),(177,466,3.00,1.00,0.00,0.00,2.00,2.00,13,120.00,130.00,130.00,1),(178,467,77.00,16.00,0.00,0.00,61.00,61.00,13,35.00,40.00,40.00,1),(179,468,13.00,13.00,0.00,0.00,0.00,0.00,13,35.00,40.00,40.00,1),(180,469,24.00,23.00,0.00,0.00,1.00,1.00,13,38.00,45.00,45.00,1),(181,470,15.00,15.00,0.00,0.00,0.00,0.00,13,38.00,45.00,45.00,1),(182,471,80.00,66.50,0.00,0.00,13.50,13.50,13,30.00,35.00,35.00,1),(183,352,13.00,0.00,0.00,0.00,13.00,13.00,14,127.60,132.00,132.00,1),(184,443,20.00,18.70,0.00,0.00,1.30,1.30,15,160.00,170.00,170.00,1),(185,440,60.00,56.70,0.00,0.00,3.30,3.30,15,270.00,290.00,290.00,1),(186,438,10.00,10.00,0.00,0.00,0.00,0.00,15,400.00,440.00,440.00,1),(187,472,20.00,16.00,0.00,0.00,4.00,4.00,16,42.70,45.00,45.00,1),(188,473,11.00,1.00,0.00,0.00,10.00,10.00,16,43.48,47.00,47.00,1),(189,474,1.00,0.00,0.00,0.00,1.00,1.00,16,120.00,135.00,135.00,1),(190,475,2.00,0.00,0.00,0.00,2.00,2.00,16,190.00,210.00,210.00,1),(191,476,2.00,0.00,0.00,0.00,2.00,2.00,16,86.00,100.00,100.00,1),(192,477,2.00,0.00,0.00,0.00,2.00,2.00,16,240.00,260.00,260.00,1),(193,478,1.00,0.00,0.00,0.00,1.00,1.00,16,96.00,110.00,110.00,1),(194,479,2.00,0.00,0.00,0.00,2.00,2.00,16,206.00,220.00,220.00,1),(195,481,15.00,2.00,0.00,0.00,13.00,13.00,16,26.00,30.00,30.00,1),(196,482,24.00,0.00,0.00,0.00,24.00,24.00,16,34.20,38.00,38.00,1),(197,483,24.00,4.00,0.00,0.00,20.00,20.00,16,43.20,48.00,48.00,1),(198,484,27.00,14.00,0.00,0.00,13.00,13.00,16,43.00,48.00,48.00,1),(199,485,30.00,29.00,0.00,0.00,1.00,1.00,17,910.00,950.00,950.00,1),(200,486,30.00,19.00,0.00,0.00,11.00,11.00,17,850.00,910.00,910.00,1),(201,443,30.00,26.50,0.00,0.00,3.50,3.50,17,160.00,170.00,170.00,1),(202,438,5.00,4.70,0.00,0.00,0.30,0.30,17,400.00,440.00,440.00,1),(203,244,288.00,265.00,0.00,0.00,23.00,23.00,18,58.33,63.00,63.00,1),(204,245,120.00,103.00,0.00,0.00,17.00,17.00,18,109.26,118.00,118.00,1),(205,246,36.00,7.00,0.00,0.00,29.00,29.00,18,208.33,225.00,225.00,1),(206,247,18.00,1.00,0.00,0.00,17.00,17.00,18,490.74,530.00,530.00,1),(207,248,9.00,0.00,0.00,0.00,9.00,9.00,18,865.74,935.00,935.00,1),(208,251,240.00,222.00,0.00,0.00,18.00,18.00,18,23.15,25.00,25.00,1),(209,252,80.00,30.00,0.00,0.00,50.00,50.00,18,41.67,45.00,45.00,1),(210,256,24.00,3.00,0.00,0.00,21.00,21.00,18,29.63,32.00,32.00,1),(211,257,24.00,3.00,0.00,0.00,21.00,21.00,18,23.15,25.00,25.00,1),(212,259,96.00,50.00,0.00,0.00,46.00,46.00,18,29.63,32.00,32.00,1),(213,260,24.00,0.00,0.00,0.00,24.00,24.00,18,69.44,75.00,75.00,1),(214,262,72.00,33.00,0.00,0.00,39.00,39.00,18,29.63,32.00,32.00,1),(215,487,24.00,24.00,0.00,0.00,0.00,0.00,18,22.22,24.00,24.00,1),(216,351,34.00,2.00,0.00,0.00,32.00,32.00,19,300.00,340.00,340.00,1),(217,72,720.00,1032.00,0.00,0.00,-312.00,-312.00,20,7.45,7.92,7.92,1),(218,79,720.00,720.00,0.00,0.00,0.00,0.00,20,7.45,7.92,7.92,1),(219,78,960.00,168.00,0.00,0.00,792.00,792.00,20,3.70,3.96,3.96,1),(220,171,12.00,12.00,0.00,0.00,0.00,0.00,20,150.00,160.00,160.00,1),(221,176,90.00,49.00,0.00,0.00,41.00,41.00,20,34.00,38.00,38.00,1),(222,98,2160.00,2160.00,0.00,0.00,0.00,0.00,20,3.80,4.00,4.00,1),(223,131,15.00,15.00,0.00,0.00,0.00,0.00,20,93.60,100.00,100.00,1),(224,64,2400.00,2400.00,0.00,0.00,0.00,0.00,20,3.80,4.00,4.00,1),(225,43,48.00,48.00,0.00,0.00,0.00,0.00,20,25.00,28.00,28.00,1),(226,409,158.00,158.00,0.00,0.00,0.00,0.00,21,42.72,45.24,45.24,1),(227,175,58.00,58.00,0.00,0.00,0.00,0.00,22,90.24,96.00,96.00,1),(228,132,40.00,40.00,0.00,0.00,0.00,0.00,23,45.24,48.00,48.00,1),(229,180,17.00,14.00,0.00,0.00,3.00,3.00,23,90.00,95.00,95.00,1),(230,213,750.00,750.00,0.00,0.00,0.00,0.00,24,35.00,36.40,36.40,3),(231,217,16.00,9.00,0.00,0.00,7.00,7.00,24,370.00,380.00,380.00,3),(232,219,8.00,8.00,0.00,0.00,0.00,0.00,24,405.00,415.00,415.00,3),(233,230,45.00,43.00,0.00,0.00,2.00,2.00,24,2550.00,2650.00,2650.00,3),(234,229,16.00,16.00,0.00,0.00,0.00,0.00,24,1300.00,1380.00,1380.00,3),(235,239,15.00,14.50,0.00,0.00,0.50,0.50,24,423.00,440.00,440.00,3),(236,1,342.00,7.00,0.00,0.00,335.00,335.00,25,51.82,55.00,55.00,3),(237,3,324.00,230.00,0.00,0.00,94.00,94.00,25,45.20,48.00,48.00,3),(238,5,1200.00,312.00,0.00,0.00,888.00,888.00,25,7.55,8.00,8.00,3),(239,8,2400.00,384.00,0.00,0.00,2016.00,2016.00,25,3.76,4.00,4.00,3),(240,9,2400.00,2089.00,0.00,0.00,311.00,311.00,25,3.76,4.00,4.00,3),(241,189,120.00,114.00,0.00,0.00,6.00,6.00,26,292.95,315.00,315.00,1),(242,188,240.00,20.00,0.00,0.00,220.00,220.00,26,148.80,160.00,160.00,1),(243,191,240.00,0.00,0.00,0.00,240.00,240.00,26,59.80,65.00,65.00,1),(244,192,48.00,48.00,0.00,0.00,0.00,0.00,26,82.80,90.00,90.00,1),(245,193,144.00,88.00,0.00,0.00,56.00,56.00,26,15.64,18.00,18.00,1),(246,195,48.00,8.00,0.00,0.00,40.00,40.00,26,29.44,32.00,32.00,1),(247,196,120.00,105.00,0.00,0.00,15.00,15.00,26,31.28,34.00,34.00,1),(248,201,48.00,23.00,0.00,0.00,25.00,25.00,26,92.00,100.00,100.00,1),(249,184,432.00,41.00,0.00,0.00,391.00,391.00,26,18.60,20.00,20.00,1),(250,40,80.00,80.00,0.00,0.00,0.00,0.00,27,306.00,320.00,0.00,2),(251,180,30.00,28.00,0.00,0.00,2.00,2.00,27,90.00,95.00,0.00,2),(252,101,12.00,2.00,0.00,0.00,10.00,10.00,27,140.00,150.00,0.00,2),(253,99,12.00,4.00,0.00,0.00,8.00,8.00,27,140.00,150.00,0.00,2),(254,98,2160.00,2148.00,0.00,0.00,12.00,12.00,27,3.80,4.00,0.00,2),(255,120,60.00,48.00,0.00,0.00,12.00,12.00,27,93.36,100.00,0.00,2),(256,126,12.00,10.00,0.00,0.00,2.00,2.00,27,180.00,190.00,0.00,2),(257,21,30.00,8.00,0.00,0.00,22.00,22.00,27,168.00,185.00,0.00,2),(258,22,30.00,7.00,0.00,0.00,23.00,23.00,27,120.00,132.00,0.00,2),(259,88,960.00,924.00,0.00,0.00,36.00,36.00,27,3.70,3.96,0.00,2),(260,132,4.00,4.00,0.00,0.00,0.00,0.00,28,45.24,48.00,0.00,2),(261,488,14.00,9.00,0.00,0.00,5.00,5.00,29,110.00,120.00,0.00,4),(262,489,120.00,72.00,0.00,0.00,48.00,48.00,30,14.00,16.00,0.00,3),(263,490,5.00,0.00,0.00,0.00,5.00,5.00,31,60.00,100.00,0.00,1),(264,491,5.00,2.00,0.00,0.00,3.00,3.00,31,26.00,40.00,0.00,1),(265,409,20.00,20.00,0.00,0.00,0.00,0.00,32,42.72,45.24,0.00,2),(266,300,144.00,144.00,0.00,0.00,0.00,0.00,33,80.00,85.00,0.00,2),(267,301,240.00,240.00,0.00,0.00,0.00,0.00,33,80.00,85.00,0.00,2),(268,302,144.00,144.00,0.00,0.00,0.00,0.00,33,80.00,85.00,0.00,2),(269,303,48.00,48.00,0.00,0.00,0.00,0.00,33,80.00,85.00,0.00,2),(270,304,48.00,37.00,0.00,0.00,11.00,11.00,33,80.00,85.00,0.00,2),(271,347,12.00,11.00,0.00,0.00,1.00,1.00,33,173.00,190.00,0.00,2),(272,328,120.00,117.00,0.00,0.00,3.00,3.00,33,269.40,290.00,0.00,2),(273,332,672.00,281.00,0.00,0.00,391.00,391.00,33,30.00,32.00,0.00,2),(274,325,240.00,47.00,0.00,0.00,193.00,193.00,33,42.00,45.00,0.00,2),(275,320,50.00,50.00,0.00,0.00,0.00,0.00,33,160.56,170.00,0.00,2),(276,375,192.00,144.00,0.00,0.00,48.00,48.00,33,24.30,26.00,0.00,2),(277,377,384.00,171.00,0.00,0.00,213.00,213.00,33,24.30,26.00,0.00,2),(278,401,50.00,14.00,0.00,0.00,36.00,36.00,33,375.00,400.00,0.00,2),(279,394,10.00,9.00,0.00,0.00,1.00,1.00,33,370.00,390.00,0.00,2),(280,245,69.00,0.00,0.00,0.00,69.00,69.00,34,109.26,118.00,0.00,1),(281,440,5.00,5.00,0.00,0.00,0.00,0.00,35,270.00,290.00,0.00,3),(282,438,2.00,2.00,0.00,0.00,0.00,0.00,35,400.00,440.00,0.00,3),(283,245,43.00,0.00,0.00,0.00,43.00,43.00,36,109.26,118.00,0.00,1),(284,440,3.00,3.00,0.00,0.00,0.00,0.00,37,270.00,290.00,0.00,3),(285,126,8.00,8.00,0.00,0.00,0.00,0.00,38,180.00,190.00,0.00,2),(286,72,261.00,240.00,0.00,0.00,21.00,21.00,39,7.45,7.92,0.00,2),(287,64,2400.00,2400.00,0.00,0.00,0.00,0.00,40,3.80,4.00,0.00,2),(288,98,3600.00,792.00,0.00,0.00,2808.00,2808.00,40,3.80,4.00,0.00,2),(289,72,960.00,693.00,0.00,0.00,267.00,267.00,40,7.45,7.92,0.00,2),(290,73,60.00,21.00,0.00,0.00,39.00,39.00,40,33.50,35.00,0.00,2),(291,79,960.00,144.00,0.00,0.00,816.00,816.00,40,7.45,7.93,0.00,2),(292,80,960.00,120.00,0.00,0.00,840.00,840.00,40,7.45,7.92,0.00,2),(293,74,960.00,120.00,0.00,0.00,840.00,840.00,40,3.70,3.96,0.00,2),(294,122,60.00,30.00,0.00,0.00,30.00,30.00,40,93.36,100.00,0.00,2),(295,120,60.00,0.00,0.00,0.00,60.00,60.00,40,93.36,100.00,0.00,2),(296,136,20.00,20.00,0.00,0.00,0.00,0.00,40,141.00,150.00,0.00,2),(297,88,1920.00,540.00,0.00,0.00,1380.00,1380.00,40,3.70,3.96,0.00,2),(298,89,2400.00,576.00,0.00,0.00,1824.00,1824.00,40,3.70,3.96,0.00,2),(299,85,864.00,72.00,0.00,0.00,792.00,792.00,40,3.70,3.96,0.00,2),(300,471,300.00,0.00,0.00,0.00,300.00,300.00,41,30.33,35.00,0.00,4),(301,37,0.50,0.50,0.00,0.00,0.00,0.00,42,360.00,380.00,0.00,2),(302,207,7.00,0.00,0.00,0.00,7.00,7.00,43,42.00,44.00,0.00,3),(303,64,96.00,96.00,0.00,0.00,0.00,0.00,44,3.80,4.00,0.00,2),(304,98,72.00,36.00,0.00,0.00,36.00,36.00,44,3.80,4.00,0.00,2),(305,96,48.00,48.00,0.00,0.00,0.00,0.00,44,3.70,3.96,0.00,2),(306,469,60.00,0.00,0.00,0.00,60.00,60.00,45,38.00,45.00,0.00,2),(307,470,36.00,0.00,0.00,0.00,36.00,36.00,45,38.00,45.00,0.00,2),(308,468,60.00,0.00,0.00,0.00,60.00,60.00,45,35.00,40.00,0.00,2),(309,500,40.00,0.00,0.00,0.00,40.00,40.00,45,41.25,48.00,0.00,2),(310,501,12.00,0.00,0.00,0.00,12.00,12.00,45,110.00,130.00,0.00,2),(311,502,32.00,0.00,0.00,0.00,32.00,32.00,45,70.00,80.00,0.00,2),(312,504,144.00,24.00,0.00,0.00,120.00,120.00,45,18.75,22.00,0.00,2),(313,503,12.00,0.00,0.00,0.00,12.00,12.00,45,43.50,48.00,0.00,2),(314,304,2.00,0.00,0.00,0.00,2.00,2.00,46,80.00,85.00,0.00,2),(315,308,2.00,0.00,0.00,0.00,2.00,2.00,46,580.00,620.00,0.00,2),(316,328,4.00,4.00,0.00,0.00,0.00,0.00,46,269.40,290.00,0.00,2),(317,329,7.00,7.00,0.00,0.00,0.00,0.00,46,64.00,70.00,0.00,2),(318,432,9.00,0.00,0.00,0.00,9.00,9.00,46,37.20,37.40,0.00,2),(319,371,4.00,0.00,0.00,0.00,4.00,4.00,46,23.33,25.00,0.00,2),(320,359,104.00,0.00,0.00,0.00,104.00,104.00,46,35.60,40.00,0.00,2),(321,375,109.00,0.00,0.00,0.00,109.00,109.00,46,24.30,26.00,0.00,2),(322,376,123.00,0.00,0.00,0.00,123.00,123.00,46,24.30,26.00,0.00,2),(323,416,21.00,0.00,0.00,0.00,21.00,21.00,46,80.00,85.00,0.00,2),(324,202,300.00,77.00,0.00,0.00,223.00,223.00,47,32.90,35.00,0.00,1),(325,189,60.00,22.00,0.00,0.00,38.00,38.00,47,292.95,315.00,0.00,1),(326,190,60.00,11.00,0.00,0.00,49.00,49.00,47,242.00,260.00,0.00,1),(327,192,120.00,0.00,0.00,0.00,120.00,120.00,47,82.80,90.00,0.00,1),(328,194,144.00,10.00,0.00,0.00,134.00,134.00,47,20.24,22.00,0.00,1),(329,207,1056.00,831.00,0.00,0.00,225.00,225.00,48,42.00,44.00,0.00,3),(330,215,160.00,61.00,0.00,0.00,99.00,99.00,48,132.00,137.00,0.00,3),(331,217,8.00,6.00,0.00,0.00,2.00,2.00,48,370.00,380.00,0.00,3),(332,229,15.00,11.00,0.00,0.00,4.00,4.00,48,1300.00,1380.00,0.00,3),(333,219,8.00,7.00,0.00,0.00,1.00,1.00,48,405.00,415.00,0.00,3),(334,244,120.00,0.00,0.00,0.00,120.00,120.00,49,58.33,63.00,0.00,1),(335,245,120.00,0.00,0.00,0.00,120.00,120.00,49,109.26,118.00,0.00,1),(336,246,36.00,0.00,0.00,0.00,36.00,36.00,49,208.33,225.00,0.00,1),(337,251,400.00,200.00,0.00,0.00,200.00,200.00,49,23.15,25.00,0.00,1),(338,252,40.00,0.00,0.00,0.00,40.00,40.00,49,41.67,45.00,0.00,1),(339,1,228.00,0.00,0.00,0.00,228.00,228.00,50,51.82,55.00,0.00,3),(340,3,216.00,0.00,0.00,0.00,216.00,216.00,50,45.20,48.00,0.00,3),(341,9,3600.00,0.00,0.00,0.00,3600.00,3600.00,50,3.76,4.00,0.00,3),(342,19,52.00,10.00,0.00,0.00,42.00,42.00,50,139.42,142.00,0.00,3),(343,484,60.00,0.00,0.00,0.00,60.00,60.00,51,43.00,48.00,0.00,1),(344,484,60.00,0.00,0.00,0.00,60.00,60.00,52,43.00,48.00,0.00,1),(345,505,9408.00,0.00,0.00,0.00,9408.00,9408.00,53,3.44,3.65,0.00,3),(346,502,32.00,0.00,0.00,0.00,32.00,32.00,53,70.00,80.00,0.00,3),(347,500,40.00,0.00,0.00,0.00,40.00,40.00,53,41.25,48.00,0.00,3),(348,513,40.00,0.00,0.00,0.00,40.00,40.00,53,41.25,48.00,0.00,3),(349,514,120.00,0.00,0.00,0.00,120.00,120.00,53,35.00,40.00,0.00,3),(350,488,36.00,0.00,0.00,0.00,36.00,36.00,53,110.00,120.00,0.00,3),(351,508,60.00,0.00,0.00,0.00,60.00,60.00,53,45.00,48.00,0.00,3),(352,507,24.00,0.00,0.00,0.00,24.00,24.00,53,45.00,48.00,0.00,3),(353,509,10.00,3.00,0.00,0.00,7.00,7.00,53,240.00,260.00,0.00,3),(354,511,48.00,0.00,0.00,0.00,48.00,48.00,53,43.25,48.00,0.00,3),(355,510,144.00,0.00,0.00,0.00,144.00,144.00,53,14.00,16.00,0.00,3),(356,512,120.00,0.00,0.00,0.00,120.00,120.00,53,41.25,48.00,0.00,3),(357,485,30.00,0.00,0.00,0.00,30.00,30.00,53,910.00,950.00,0.00,3),(358,486,30.00,0.00,0.00,0.00,30.00,30.00,53,850.00,910.00,0.00,3),(359,44,96.00,25.00,0.00,0.00,71.00,71.00,54,65.00,70.00,0.00,2),(360,98,3600.00,0.00,0.00,0.00,3600.00,3600.00,54,3.80,4.00,0.00,2),(361,171,12.00,6.00,0.00,0.00,6.00,6.00,54,150.00,160.00,0.00,2),(362,78,816.00,48.00,0.00,0.00,768.00,768.00,54,3.70,3.96,0.00,2),(363,79,720.00,0.00,0.00,0.00,720.00,720.00,54,7.45,7.93,0.00,2),(364,80,720.00,0.00,0.00,0.00,720.00,720.00,54,7.45,7.92,0.00,2),(365,76,960.00,120.00,0.00,0.00,840.00,840.00,54,7.45,7.92,0.00,2),(366,96,1440.00,96.00,0.00,0.00,1344.00,1344.00,54,3.70,3.96,0.00,2),(367,180,60.00,8.00,0.00,0.00,52.00,52.00,54,90.00,95.00,0.00,2),(368,68,6.00,0.00,0.00,0.00,6.00,6.00,54,39.42,42.00,0.00,2),(369,174,480.00,0.00,0.00,0.00,480.00,480.00,54,7.45,7.92,0.00,2),(370,74,1440.00,96.00,0.00,0.00,1344.00,1344.00,54,3.70,3.96,0.00,2),(371,20,30.00,0.00,0.00,0.00,30.00,30.00,54,192.00,220.00,0.00,2),(372,21,20.00,0.00,0.00,0.00,20.00,20.00,54,168.00,185.00,0.00,2),(373,101,24.00,0.00,0.00,0.00,24.00,24.00,54,140.00,150.00,0.00,2),(374,163,40.00,0.00,0.00,0.00,40.00,40.00,54,132.00,140.00,0.00,2),(375,122,60.00,0.00,0.00,0.00,60.00,60.00,54,93.36,100.00,0.00,2),(376,73,60.00,15.00,0.00,0.00,45.00,45.00,54,33.50,35.00,0.00,2),(377,82,40.00,0.00,0.00,0.00,40.00,40.00,54,37.52,40.00,0.00,2),(378,151,96.00,24.00,0.00,0.00,72.00,72.00,54,45.12,48.00,0.00,2),(379,116,18.00,0.00,0.00,0.00,18.00,18.00,54,146.00,155.00,0.00,2),(380,443,20.00,15.00,0.00,0.00,5.00,5.00,55,160.00,170.00,0.00,3),(381,440,20.00,20.00,0.00,0.00,0.00,0.00,55,270.00,290.00,0.00,3),(382,438,5.00,5.00,0.00,0.00,0.00,0.00,55,400.00,440.00,0.00,3),(383,132,128.00,52.00,0.00,0.00,76.00,76.00,56,45.24,48.00,0.00,2),(384,125,24.00,2.00,0.00,0.00,22.00,22.00,56,180.00,190.00,0.00,2),(385,66,30.00,0.00,0.00,0.00,30.00,30.00,56,44.00,46.64,0.00,2),(386,136,40.00,2.00,0.00,0.00,38.00,38.00,56,141.00,150.00,0.00,2),(387,68,60.00,15.00,0.00,0.00,45.00,45.00,56,39.42,42.00,0.00,2),(388,77,80.00,16.00,0.00,0.00,64.00,64.00,56,34.00,40.00,0.00,2),(389,43,240.00,73.00,0.00,0.00,167.00,167.00,56,25.00,28.00,0.00,2),(390,75,960.00,876.00,0.00,0.00,84.00,84.00,56,3.70,3.96,0.00,2),(391,131,30.00,4.00,0.00,0.00,26.00,26.00,56,93.60,100.00,0.00,2),(392,37,20.00,1.00,0.00,0.00,19.00,19.00,56,360.00,380.00,0.00,2),(393,90,960.00,288.00,0.00,0.00,672.00,672.00,56,3.70,3.96,0.00,2),(394,438,15.00,8.50,0.00,0.00,6.50,6.50,58,400.00,440.00,0.00,3),(395,443,30.00,0.00,0.00,0.00,30.00,30.00,58,160.00,170.00,0.00,3),(396,440,45.00,11.00,0.00,0.00,34.00,34.00,58,270.00,290.00,0.00,3),(397,409,648.00,25.00,0.00,0.00,623.00,623.00,59,42.72,45.24,0.00,1),(398,408,24.00,1.00,0.00,0.00,23.00,23.00,59,122.37,130.00,0.00,1),(399,415,1944.00,0.00,0.00,0.00,1944.00,1944.00,59,4.16,4.33,0.00,1),(400,417,1944.00,0.00,0.00,0.00,1944.00,1944.00,59,4.16,4.33,0.00,1),(401,423,81.00,0.00,0.00,0.00,81.00,81.00,59,56.40,60.00,0.00,1),(402,424,78.00,0.00,0.00,0.00,78.00,78.00,59,68.66,80.00,0.00,1),(403,428,24.00,1.00,0.00,0.00,23.00,23.00,59,111.60,120.00,0.00,1),(404,427,24.00,1.00,0.00,0.00,23.00,23.00,59,105.00,120.00,0.00,1),(405,429,24.00,0.00,0.00,0.00,24.00,24.00,59,186.00,200.00,0.00,1),(406,431,40.00,0.00,0.00,0.00,40.00,40.00,59,83.70,90.00,0.00,1),(407,433,48.00,0.00,0.00,0.00,48.00,48.00,59,76.00,80.00,0.00,1),(408,432,16.00,0.00,0.00,0.00,16.00,16.00,59,150.00,162.00,0.00,1),(409,300,144.00,119.00,0.00,0.00,25.00,25.00,60,80.00,85.00,0.00,1),(410,301,240.00,169.00,0.00,0.00,71.00,71.00,60,80.00,85.00,0.00,1),(411,302,144.00,130.00,0.00,0.00,14.00,14.00,60,80.00,85.00,0.00,1),(412,303,48.00,22.00,0.00,0.00,26.00,26.00,60,80.00,85.00,0.00,1),(413,304,48.00,23.00,0.00,0.00,25.00,25.00,60,80.00,85.00,0.00,1),(414,31,3.00,3.00,0.00,0.00,0.00,0.00,61,270.00,280.00,0.00,2),(415,40,100.00,0.00,0.00,0.00,100.00,100.00,62,306.00,320.00,0.00,2),(416,207,10.00,9.00,0.00,0.00,1.00,1.00,23,12.00,12.00,0.00,1),(417,208,10.00,6.00,0.00,0.00,4.00,4.00,27,54.00,44.00,0.00,1),(418,215,1000.00,0.00,0.00,0.00,1000.00,1000.00,29,10.00,9.00,0.00,1),(419,185,23.00,0.00,0.00,0.00,23.00,23.00,31,23.00,23.00,0.00,1),(420,207,5.00,1.00,0.00,0.00,4.00,4.00,34,12.00,12.00,0.00,1),(421,208,2.00,2.00,0.00,0.00,0.00,0.00,35,54.00,44.00,0.00,1),(422,207,3.00,0.00,0.00,0.00,3.00,3.00,36,12.00,12.00,0.00,3),(423,207,6.00,0.00,0.00,0.00,6.00,6.00,37,12.00,12.00,0.00,2),(424,211,13.00,2.00,0.00,0.00,11.00,11.00,38,20.00,25.00,0.00,1),(425,212,10.00,1.00,0.00,0.00,9.00,9.00,39,50.00,55.00,0.00,1),(426,214,10.00,2.00,0.00,0.00,8.00,8.00,39,100.00,110.00,0.00,1),(427,207,10.00,0.00,0.00,0.00,10.00,10.00,40,12.00,12.00,0.00,1),(428,208,5.00,0.00,0.00,0.00,5.00,5.00,40,54.00,44.00,0.00,1),(429,208,100.00,0.00,0.00,0.00,100.00,100.00,46,54.00,44.00,0.00,2),(430,207,44.00,0.00,0.00,0.00,44.00,44.00,50,12.00,12.00,0.00,1),(431,213,10.00,0.00,0.00,0.00,10.00,10.00,51,10.00,20.00,0.00,3),(432,207,10.00,0.00,0.00,0.00,10.00,10.00,52,12.00,12.00,0.00,4),(433,207,10.00,0.00,0.00,0.00,10.00,10.00,53,12.00,12.00,0.00,1),(434,185,10.00,0.00,0.00,0.00,10.00,10.00,54,23.00,23.00,0.00,1),(435,226,10.00,0.00,0.00,0.00,10.00,10.00,55,700.00,800.00,0.00,1),(436,207,2.00,0.00,0.00,0.00,2.00,2.00,56,12.00,12.00,0.00,1),(437,224,5.00,0.00,0.00,0.00,5.00,5.00,57,180.00,180.00,0.00,4),(438,207,5.00,0.00,0.00,0.00,5.00,5.00,58,12.00,12.00,0.00,4);
/*!40000 ALTER TABLE `final_stock_table` ENABLE KEYS */;
UNLOCK TABLES;

--
-- Table structure for table `job_batches`
--

DROP TABLE IF EXISTS `job_batches`;
/*!40101 SET @saved_cs_client     = @@character_set_client */;
/*!50503 SET character_set_client = utf8mb4 */;
CREATE TABLE `job_batches` (
  `id` varchar(255) CHARACTER SET utf8mb4 COLLATE utf8mb4_unicode_ci NOT NULL,
  `name` varchar(255) CHARACTER SET utf8mb4 COLLATE utf8mb4_unicode_ci NOT NULL,
  `total_jobs` int NOT NULL,
  `pending_jobs` int NOT NULL,
  `failed_jobs` int NOT NULL,
  `failed_job_ids` longtext CHARACTER SET utf8mb4 COLLATE utf8mb4_unicode_ci NOT NULL,
  `options` mediumtext CHARACTER SET utf8mb4 COLLATE utf8mb4_unicode_ci,
  `cancelled_at` int DEFAULT NULL,
  `created_at` int NOT NULL,
  `finished_at` int DEFAULT NULL,
  PRIMARY KEY (`id`)
) ENGINE=InnoDB DEFAULT CHARSET=utf8mb4 COLLATE=utf8mb4_unicode_ci;
/*!40101 SET character_set_client = @saved_cs_client */;

--
-- Dumping data for table `job_batches`
--

LOCK TABLES `job_batches` WRITE;
/*!40000 ALTER TABLE `job_batches` DISABLE KEYS */;
/*!40000 ALTER TABLE `job_batches` ENABLE KEYS */;
UNLOCK TABLES;

--
-- Table structure for table `jobs`
--

DROP TABLE IF EXISTS `jobs`;
/*!40101 SET @saved_cs_client     = @@character_set_client */;
/*!50503 SET character_set_client = utf8mb4 */;
CREATE TABLE `jobs` (
  `id` bigint unsigned NOT NULL AUTO_INCREMENT,
  `queue` varchar(255) CHARACTER SET utf8mb4 COLLATE utf8mb4_unicode_ci NOT NULL,
  `payload` longtext CHARACTER SET utf8mb4 COLLATE utf8mb4_unicode_ci NOT NULL,
  `attempts` tinyint unsigned NOT NULL,
  `reserved_at` int unsigned DEFAULT NULL,
  `available_at` int unsigned NOT NULL,
  `created_at` int unsigned NOT NULL,
  PRIMARY KEY (`id`),
  KEY `jobs_queue_index` (`queue`)
) ENGINE=InnoDB DEFAULT CHARSET=utf8mb4 COLLATE=utf8mb4_unicode_ci;
/*!40101 SET character_set_client = @saved_cs_client */;

--
-- Dumping data for table `jobs`
--

LOCK TABLES `jobs` WRITE;
/*!40000 ALTER TABLE `jobs` DISABLE KEYS */;
/*!40000 ALTER TABLE `jobs` ENABLE KEYS */;
UNLOCK TABLES;

--
-- Table structure for table `log_table`
--

DROP TABLE IF EXISTS `log_table`;
/*!40101 SET @saved_cs_client     = @@character_set_client */;
/*!50503 SET character_set_client = utf8mb4 */;
CREATE TABLE `log_table` (
  `log_id` int NOT NULL,
  `sql_statement` text NOT NULL
) ENGINE=MyISAM DEFAULT CHARSET=latin1;
/*!40101 SET character_set_client = @saved_cs_client */;

--
-- Dumping data for table `log_table`
--

LOCK TABLES `log_table` WRITE;
/*!40000 ALTER TABLE `log_table` DISABLE KEYS */;
INSERT INTO `log_table` VALUES (1,'INSERT INTO stores (store_id, store_name,is_active, created_at,updated_at) VALUES (\'26\', \'sdfwelrkl;wekr;l\', \'1\', \'2024-03-08 21:14:16\', \'2024-03-08 21:14:16\' );'),(2,'UPDATE stores  SET store_name = \'erterterterter\'is_active = \'1\'created_at = \'2024-03-08 20:35:55\'updated_at = \'2024-03-08 20:35:55\' WHERE store_id = 25;'),(3,'UPDATE stores  SET store_name = \'Rupsha\'is_active = \'1\'created_at = NULLupdated_at = NULL WHERE store_id = 1;'),(4,'INSERT INTO stores (store_id, store_name,is_active, created_at,updated_at) VALUES (\'2\', \'Rupsa\', \'1\', NULL, NULL );'),(5,'INSERT INTO stores (store_id, store_name,is_active, created_at,updated_at) VALUES (\'3\', \'Godown !\', \'1\', NULL, NULL );'),(6,'UPDATE stores  SET store_name = \'Godown 1\'is_active = \'1\'created_at = NULLupdated_at = NULL WHERE store_id = 3;'),(7,'UPDATE stores  SET store_name = \'?????? 2\'is_active = \'1\'created_at = NULLupdated_at = NULL WHERE store_id = 2;'),(8,'UPDATE stores  SET store_name = \'?????? 1\'is_active = \'1\'created_at = NULLupdated_at = NULL WHERE store_id = 3;'),(9,'UPDATE stores  SET store_name = \'?????? 3\'is_active = \'1\'created_at = NULLupdated_at = NULL WHERE store_id = 1;'),(10,'INSERT INTO stores (store_id, store_name,is_active, created_at,updated_at) VALUES (\'4\', \'?????? ?\', \'1\', NULL, NULL );'),(11,'INSERT INTO stores (store_id, store_name,is_active, created_at,updated_at) VALUES (\'1\', \'Godown 1\', \'1\', NULL, NULL );'),(12,'INSERT INTO stores (store_id, store_name,is_active, created_at,updated_at) VALUES (\'2\', \'Godown 2\', \'1\', NULL, NULL );'),(13,'INSERT INTO stores (store_id, store_name,is_active, created_at,updated_at) VALUES (\'3\', \'Godown 3\', \'1\', NULL, NULL );'),(14,'INSERT INTO stores (store_id, store_name,is_active, created_at,updated_at) VALUES (\'4\', \'Godown 4\', \'1\', NULL, NULL );'),(15,'INSERT INTO stores (store_id, store_name,is_active, created_at,updated_at) VALUES (\'1\', \'Godown 1\', \'1\', NULL, NULL );'),(16,'INSERT INTO stores (store_id, store_name,is_active, created_at,updated_at) VALUES (\'2\', \'Godown 2\', \'1\', NULL, NULL );'),(17,'INSERT INTO stores (store_id, store_name,is_active, created_at,updated_at) VALUES (\'3\', \'Godown 3\', \'1\', NULL, NULL );'),(18,'INSERT INTO stores (store_id, store_name,is_active, created_at,updated_at) VALUES (\'4\', \'Godown 4\', \'1\', NULL, NULL );');
/*!40000 ALTER TABLE `log_table` ENABLE KEYS */;
UNLOCK TABLES;

--
-- Table structure for table `migrations`
--

DROP TABLE IF EXISTS `migrations`;
/*!40101 SET @saved_cs_client     = @@character_set_client */;
/*!50503 SET character_set_client = utf8mb4 */;
CREATE TABLE `migrations` (
  `id` int unsigned NOT NULL AUTO_INCREMENT,
  `migration` varchar(255) CHARACTER SET utf8mb4 COLLATE utf8mb4_unicode_ci NOT NULL,
  `batch` int NOT NULL,
  PRIMARY KEY (`id`)
) ENGINE=InnoDB AUTO_INCREMENT=19 DEFAULT CHARSET=utf8mb4 COLLATE=utf8mb4_unicode_ci;
/*!40101 SET character_set_client = @saved_cs_client */;

--
-- Dumping data for table `migrations`
--

LOCK TABLES `migrations` WRITE;
/*!40000 ALTER TABLE `migrations` DISABLE KEYS */;
INSERT INTO `migrations` VALUES (1,'0001_01_01_000000_create_users_table',1),(2,'0001_01_01_000001_create_cache_table',1),(3,'0001_01_01_000002_create_jobs_table',1),(4,'2024_07_07_104520_create_packages_table',1),(5,'2024_07_08_094046_create_bookings_table',2),(6,'2024_07_08_142414_create_contacts_table',2),(7,'2024_07_08_154902_create_notifications_table',2),(8,'2024_07_09_102106_create_site_settings_table',2),(9,'2024_07_11_093446_add_available_to_packages_table',3),(10,'2024_07_13_102303_create_about_us_table',4),(11,'2024_07_13_173401_create_categories_table',5),(12,'2024_07_13_180956_create_produtcs_table',6),(13,'2024_07_14_065148_add_website_footer_contact_slider_info_to_site_settings_table',7),(14,'2024_07_14_080210_alter_contact_google_map_to_text_in_site_settings_table',8),(15,'2024_07_14_115521_add_price_to_products_table',9),(16,'2024_07_16_051634_create_unit_types_table',10),(17,'2024_07_16_062825_create_products_table',11),(18,'2024_07_24_052342_create_services_table',12);
/*!40000 ALTER TABLE `migrations` ENABLE KEYS */;
UNLOCK TABLES;

--
-- Table structure for table `notifications`
--

DROP TABLE IF EXISTS `notifications`;
/*!40101 SET @saved_cs_client     = @@character_set_client */;
/*!50503 SET character_set_client = utf8mb4 */;
CREATE TABLE `notifications` (
  `id` char(36) CHARACTER SET utf8mb4 COLLATE utf8mb4_unicode_ci NOT NULL,
  `type` varchar(255) CHARACTER SET utf8mb4 COLLATE utf8mb4_unicode_ci NOT NULL,
  `notifiable_type` varchar(255) CHARACTER SET utf8mb4 COLLATE utf8mb4_unicode_ci NOT NULL,
  `notifiable_id` bigint unsigned NOT NULL,
  `data` text CHARACTER SET utf8mb4 COLLATE utf8mb4_unicode_ci NOT NULL,
  `read_at` timestamp NULL DEFAULT NULL,
  `created_at` timestamp NULL DEFAULT NULL,
  `updated_at` timestamp NULL DEFAULT NULL,
  PRIMARY KEY (`id`),
  KEY `notifications_notifiable_type_notifiable_id_index` (`notifiable_type`,`notifiable_id`)
) ENGINE=InnoDB DEFAULT CHARSET=utf8mb4 COLLATE=utf8mb4_unicode_ci;
/*!40101 SET character_set_client = @saved_cs_client */;

--
-- Dumping data for table `notifications`
--

LOCK TABLES `notifications` WRITE;
/*!40000 ALTER TABLE `notifications` DISABLE KEYS */;
/*!40000 ALTER TABLE `notifications` ENABLE KEYS */;
UNLOCK TABLES;

--
-- Table structure for table `packages`
--

DROP TABLE IF EXISTS `packages`;
/*!40101 SET @saved_cs_client     = @@character_set_client */;
/*!50503 SET character_set_client = utf8mb4 */;
CREATE TABLE `packages` (
  `id` bigint unsigned NOT NULL AUTO_INCREMENT,
  `name` varchar(255) CHARACTER SET utf8mb4 COLLATE utf8mb4_unicode_ci DEFAULT NULL,
  `location` varchar(255) CHARACTER SET utf8mb4 COLLATE utf8mb4_unicode_ci DEFAULT NULL,
  `price_dollar` int DEFAULT NULL,
  `price_taka` int DEFAULT NULL,
  `description` varchar(255) CHARACTER SET utf8mb4 COLLATE utf8mb4_unicode_ci DEFAULT NULL,
  `startdate` date DEFAULT NULL,
  `enddate` date DEFAULT NULL,
  `capacity` int DEFAULT NULL,
  `available` int NOT NULL DEFAULT '0',
  `image` varchar(255) CHARACTER SET utf8mb4 COLLATE utf8mb4_unicode_ci DEFAULT NULL,
  `special_instruction` varchar(255) CHARACTER SET utf8mb4 COLLATE utf8mb4_unicode_ci NOT NULL,
  `created_at` timestamp NULL DEFAULT NULL,
  `updated_at` timestamp NULL DEFAULT NULL,
  PRIMARY KEY (`id`)
) ENGINE=InnoDB AUTO_INCREMENT=11 DEFAULT CHARSET=utf8mb4 COLLATE=utf8mb4_unicode_ci;
/*!40101 SET character_set_client = @saved_cs_client */;

--
-- Dumping data for table `packages`
--

LOCK TABLES `packages` WRITE;
/*!40000 ALTER TABLE `packages` DISABLE KEYS */;
INSERT INTO `packages` VALUES (1,'Saint Martin Family Package','Saint Martin',100,10000,'Saint Martin Family Package with your all family members with unlimited food and snacks.','2024-07-20','2024-07-30',55,0,'1720646870.jpg','Don\'t go into deep sea','2024-07-10 15:27:50','2024-08-31 07:08:50'),(2,'Sundarban Family Tour','Sundarban',300,3000,'Sundarban Family Tour','2024-07-25','2024-07-31',100,60,'1720674367.jpg','Don\'t go into deep jungle','2024-07-10 16:48:07','2024-09-08 01:28:28'),(3,'Sajek Valley Friends Pack','Saint Martin',100,10000,'Sajek Valley Friends Pack','2024-07-23','2024-07-30',110,0,'1720674457.jpeg','Don\'t climb high','2024-07-10 23:07:37','2024-07-13 03:17:14'),(4,'Quakata Family Packages','Quakata',300,30000,'Quakata Family Packages','2024-07-20','2024-07-25',120,115,'1720697744.jpg','Don\'t go deep into sea','2024-07-11 05:35:44','2024-09-02 00:05:50'),(5,'Cox\'s Bazar Family Tours','Cox\'s Bazar',100,10000,'Cox\'s Bazar Family Tours','2024-07-22','2024-07-27',50,0,'1720701360.jpg','Don\'t go alone','2024-07-11 06:36:00','2024-09-01 04:19:03'),(10,'Sopnopur Family Tour','Sopnopur',100,1000,'Family','2024-09-10','2024-09-14',10,0,'1725182472.png','Don\'t go alone','2024-09-01 03:21:12','2024-09-01 03:56:12');
/*!40000 ALTER TABLE `packages` ENABLE KEYS */;
UNLOCK TABLES;

--
-- Table structure for table `password_reset_tokens`
--

DROP TABLE IF EXISTS `password_reset_tokens`;
/*!40101 SET @saved_cs_client     = @@character_set_client */;
/*!50503 SET character_set_client = utf8mb4 */;
CREATE TABLE `password_reset_tokens` (
  `email` varchar(255) CHARACTER SET utf8mb4 COLLATE utf8mb4_unicode_ci NOT NULL,
  `token` varchar(255) CHARACTER SET utf8mb4 COLLATE utf8mb4_unicode_ci NOT NULL,
  `created_at` timestamp NULL DEFAULT NULL,
  PRIMARY KEY (`email`)
) ENGINE=InnoDB DEFAULT CHARSET=utf8mb4 COLLATE=utf8mb4_unicode_ci;
/*!40101 SET character_set_client = @saved_cs_client */;

--
-- Dumping data for table `password_reset_tokens`
--

LOCK TABLES `password_reset_tokens` WRITE;
/*!40000 ALTER TABLE `password_reset_tokens` DISABLE KEYS */;
INSERT INTO `password_reset_tokens` VALUES ('mdtarifhasan1997@gmail.com','$2y$12$1aNVh63rntN593e1Tbhtce.Fa.1R7yglvgRt3rJ3xVMljp9Ajqn16','2024-08-31 04:24:00'),('tarifhasan725@gmail.com','$2y$12$MSX.kDkUkm1v3hMZ4MU.wOR0.yiS9//JSY.c7nD2x7VMyWX5VNvoW','2024-09-08 07:47:13');
/*!40000 ALTER TABLE `password_reset_tokens` ENABLE KEYS */;
UNLOCK TABLES;

--
-- Table structure for table `payment_details`
--

DROP TABLE IF EXISTS `payment_details`;
/*!40101 SET @saved_cs_client     = @@character_set_client */;
/*!50503 SET character_set_client = utf8mb4 */;
CREATE TABLE `payment_details` (
  `id` int NOT NULL AUTO_INCREMENT,
  `booking_id` int NOT NULL,
  `date` datetime DEFAULT NULL,
  `payment_type_id` int NOT NULL,
  `paid_amount` decimal(10,2) DEFAULT NULL,
  `reference` varchar(100) DEFAULT NULL,
  `payment_slip` varchar(200) DEFAULT NULL,
  `is_verified` int DEFAULT NULL,
  `approved_by` int DEFAULT NULL,
  `updated_at` datetime DEFAULT NULL,
  `created_at` datetime DEFAULT NULL,
  PRIMARY KEY (`id`)
) ENGINE=InnoDB AUTO_INCREMENT=30 DEFAULT CHARSET=utf8mb4 COLLATE=utf8mb4_0900_ai_ci;
/*!40101 SET character_set_client = @saved_cs_client */;

--
-- Dumping data for table `payment_details`
--

LOCK TABLES `payment_details` WRITE;
/*!40000 ALTER TABLE `payment_details` DISABLE KEYS */;
INSERT INTO `payment_details` VALUES (1,30,'2024-09-02 00:00:00',1,1000.00,'122','1725285929.png',1,1,'2024-09-02 16:28:00','2024-09-02 14:05:29'),(2,30,NULL,4,4000.00,'mbbs','1725345372.jpg',1,1,'2024-09-03 06:38:04','2024-09-03 06:36:12'),(3,30,NULL,1,200000.00,'mbbs','1725345604.jpg',1,1,'2024-09-03 06:40:27','2024-09-03 06:40:04'),(4,31,'2024-09-03 00:00:00',2,20000.00,'tarif124','1725345913.png',2,1,'2024-09-03 07:14:50','2024-09-03 06:45:13'),(5,31,NULL,1,17000.00,'drgd','1725346035.png',1,1,'2024-09-03 06:47:36','2024-09-03 06:47:15'),(6,35,'2024-09-03 00:00:00',2,2000.00,'jfhfhd','1725346556.jpg',1,1,'2024-09-03 06:56:59','2024-09-03 06:55:56'),(7,35,NULL,1,20000.00,'Assalamualaikum','1725346662.png',1,1,'2024-09-03 06:57:57','2024-09-03 06:57:42'),(8,35,NULL,1,1000.00,'mbbs','1725348567.png',2,1,'2024-09-03 07:30:56','2024-09-03 07:29:27'),(9,35,NULL,4,2000.00,'drg',NULL,1,1,'2024-09-03 07:30:52','2024-09-03 07:30:09'),(10,36,'2024-09-03 00:00:00',2,20000.00,'jfhfhd','1725348895.jpg',1,1,'2024-09-03 07:35:47','2024-09-03 07:34:55'),(11,36,NULL,4,20000.00,'hfhfd',NULL,1,1,'2024-09-03 07:36:42','2024-09-03 07:36:28'),(12,36,NULL,4,20000.00,'tee',NULL,1,1,'2024-09-03 07:37:28','2024-09-03 07:37:14'),(13,35,NULL,1,6000.00,'jfhfhd','1725378837.jpg',1,1,'2024-09-03 15:54:07','2024-09-03 15:53:57'),(14,37,'2024-09-04 00:00:00',1,15000.00,'tarifku','1725443212.png',1,1,'2024-09-04 09:47:43','2024-09-04 09:46:52'),(15,38,'2024-09-04 00:00:00',1,15000.00,'tarifku','1725446905.png',0,NULL,'2024-09-04 10:48:25','2024-09-04 10:48:25'),(16,38,NULL,3,3000.00,'jfhfhd','1725447269.png',1,1,'2024-09-04 10:54:57','2024-09-04 10:54:29'),(17,38,NULL,1,2000.00,'mbbs','1725447599.jpg',1,1,'2024-09-04 10:59:59','2024-09-04 10:59:59'),(18,39,'2024-09-04 00:00:00',2,15000.00,'tarifku','1725451871.png',1,1,'2024-09-04 12:11:43','2024-09-04 12:11:11'),(19,39,NULL,4,10000.00,'mbbs',NULL,1,1,'2024-09-04 12:12:38','2024-09-04 12:12:38'),(20,39,NULL,4,5000.00,'jfhfhd','1725452031.jpg',1,1,'2024-09-04 12:14:06','2024-09-04 12:13:51'),(21,40,'2024-09-04 00:00:00',1,6000.00,'mth12','1725458822.png',0,NULL,'2024-09-04 14:07:02','2024-09-04 14:07:02'),(22,41,'2024-09-05 00:00:00',1,20000.00,'mbbs','1725519471.jpg',1,1,'2024-09-05 07:00:41','2024-09-05 06:57:51'),(23,41,NULL,4,5000.00,'hahah','1725519681.png',1,1,'2024-09-05 07:01:21','2024-09-05 07:01:21'),(24,41,NULL,2,4000.00,NULL,'1725519799.jpg',2,1,'2024-09-05 07:03:32','2024-09-05 07:03:19'),(25,41,NULL,1,1000.00,'Assalamualaikum','1725526470.png',1,1,'2024-09-05 13:04:44','2024-09-05 08:54:30'),(26,42,'2024-09-05 00:00:00',1,20000.00,'Assalamualaikum','1725538264.png',0,NULL,'2024-09-05 12:11:04','2024-09-05 12:11:04'),(27,43,'2024-09-05 00:00:00',1,10000.00,'tarifhasan12','1725539026.png',0,NULL,'2024-09-05 12:23:46','2024-09-05 12:23:46'),(28,44,'2024-09-05 00:00:00',1,10000.00,'122','1725539305.png',0,NULL,'2024-09-05 12:28:25','2024-09-05 12:28:25'),(29,41,NULL,2,4000.00,'habib',NULL,1,1,'2024-09-05 13:03:00','2024-09-05 13:02:15');
/*!40000 ALTER TABLE `payment_details` ENABLE KEYS */;
UNLOCK TABLES;

--
-- Table structure for table `payment_type`
--

DROP TABLE IF EXISTS `payment_type`;
/*!40101 SET @saved_cs_client     = @@character_set_client */;
/*!50503 SET character_set_client = utf8mb4 */;
CREATE TABLE `payment_type` (
  `id` int NOT NULL AUTO_INCREMENT,
  `name` varchar(45) DEFAULT NULL,
  PRIMARY KEY (`id`)
) ENGINE=InnoDB AUTO_INCREMENT=7 DEFAULT CHARSET=utf8mb4 COLLATE=utf8mb4_0900_ai_ci;
/*!40101 SET character_set_client = @saved_cs_client */;

--
-- Dumping data for table `payment_type`
--

LOCK TABLES `payment_type` WRITE;
/*!40000 ALTER TABLE `payment_type` DISABLE KEYS */;
INSERT INTO `payment_type` VALUES (1,'Bkash'),(2,'Rocket'),(3,'Nogod'),(4,'Cash'),(5,'Bank'),(6,'Ucash');
/*!40000 ALTER TABLE `payment_type` ENABLE KEYS */;
UNLOCK TABLES;

--
-- Table structure for table `photo_gallery`
--

DROP TABLE IF EXISTS `photo_gallery`;
/*!40101 SET @saved_cs_client     = @@character_set_client */;
/*!50503 SET character_set_client = utf8mb4 */;
CREATE TABLE `photo_gallery` (
  `id` int NOT NULL AUTO_INCREMENT,
  `photo` varchar(245) NOT NULL,
  PRIMARY KEY (`id`)
) ENGINE=InnoDB AUTO_INCREMENT=5 DEFAULT CHARSET=utf8mb4 COLLATE=utf8mb4_0900_ai_ci;
/*!40101 SET character_set_client = @saved_cs_client */;

--
-- Dumping data for table `photo_gallery`
--

LOCK TABLES `photo_gallery` WRITE;
/*!40000 ALTER TABLE `photo_gallery` DISABLE KEYS */;
INSERT INTO `photo_gallery` VALUES (3,'1725515847.jpg'),(4,'1725515921.jpg');
/*!40000 ALTER TABLE `photo_gallery` ENABLE KEYS */;
UNLOCK TABLES;

--
-- Table structure for table `product_attribute`
--

DROP TABLE IF EXISTS `product_attribute`;
/*!40101 SET @saved_cs_client     = @@character_set_client */;
/*!50503 SET character_set_client = utf8mb4 */;
CREATE TABLE `product_attribute` (
  `product_attribute_id` int NOT NULL AUTO_INCREMENT,
  `product_id` int DEFAULT NULL,
  `attribute_id` varchar(32) DEFAULT NULL,
  `attribute_image` varchar(128) DEFAULT NULL,
  `attribute_value` text,
  `is_active` int DEFAULT NULL,
  PRIMARY KEY (`product_attribute_id`)
) ENGINE=InnoDB DEFAULT CHARSET=latin1;
/*!40101 SET character_set_client = @saved_cs_client */;

--
-- Dumping data for table `product_attribute`
--

LOCK TABLES `product_attribute` WRITE;
/*!40000 ALTER TABLE `product_attribute` DISABLE KEYS */;
/*!40000 ALTER TABLE `product_attribute` ENABLE KEYS */;
UNLOCK TABLES;

--
-- Table structure for table `product_category`
--

DROP TABLE IF EXISTS `product_category`;
/*!40101 SET @saved_cs_client     = @@character_set_client */;
/*!50503 SET character_set_client = utf8mb4 */;
CREATE TABLE `product_category` (
  `category_id` int NOT NULL AUTO_INCREMENT,
  `category_name` varchar(512) CHARACTER SET utf8mb4 COLLATE utf8mb4_unicode_ci NOT NULL,
  `category_description` text,
  `sample_image_path` text,
  `sample_image` varchar(32) DEFAULT NULL,
  `is_active` int NOT NULL,
  PRIMARY KEY (`category_id`)
) ENGINE=InnoDB AUTO_INCREMENT=12 DEFAULT CHARSET=latin1;
/*!40101 SET character_set_client = @saved_cs_client */;

--
-- Dumping data for table `product_category`
--

LOCK TABLES `product_category` WRITE;
/*!40000 ALTER TABLE `product_category` DISABLE KEYS */;
INSERT INTO `product_category` VALUES (1,'',NULL,NULL,'202405061232download.jpeg',1),(2,' -',NULL,NULL,'202405051651Asset-1.png',1),(3,'',NULL,NULL,'202405071501download.jpeg',1),(4,'',NULL,NULL,'202405071535download.png',1),(5,'',NULL,NULL,'202405071722download (1).png',1),(6,'',NULL,NULL,'202405071937download (2).png',1),(8,'LOCAL',NULL,NULL,'202406032034images.png',1),(9,'hfhf',NULL,NULL,'202408181343Screenshot (33).png',1),(10,'Apple',NULL,NULL,'202408190603apple.jpg',1),(11,'gh',NULL,NULL,'202409031551unnamed.png',1);
/*!40000 ALTER TABLE `product_category` ENABLE KEYS */;
UNLOCK TABLES;

--
-- Table structure for table `product_images`
--

DROP TABLE IF EXISTS `product_images`;
/*!40101 SET @saved_cs_client     = @@character_set_client */;
/*!50503 SET character_set_client = utf8mb4 */;
CREATE TABLE `product_images` (
  `product_images_id` int NOT NULL,
  `product_images_name` varchar(128) NOT NULL,
  `product_images_path` varchar(128) NOT NULL,
  `product_images_size` varchar(32) NOT NULL
) ENGINE=InnoDB DEFAULT CHARSET=latin1;
/*!40101 SET character_set_client = @saved_cs_client */;

--
-- Dumping data for table `product_images`
--

LOCK TABLES `product_images` WRITE;
/*!40000 ALTER TABLE `product_images` DISABLE KEYS */;
/*!40000 ALTER TABLE `product_images` ENABLE KEYS */;
UNLOCK TABLES;

--
-- Table structure for table `products`
--

DROP TABLE IF EXISTS `products`;
/*!40101 SET @saved_cs_client     = @@character_set_client */;
/*!50503 SET character_set_client = utf8mb4 */;
CREATE TABLE `products` (
  `product_id` int NOT NULL AUTO_INCREMENT,
  `category_id` int DEFAULT NULL,
  `sc_one_id` int DEFAULT NULL,
  `attribute_id` varchar(255) DEFAULT NULL,
  `product_name` varchar(512) CHARACTER SET utf8mb4 COLLATE utf8mb4_unicode_ci NOT NULL,
  `avg_rating` varchar(11) DEFAULT NULL,
  `product_description` text,
  `unit_type` int NOT NULL,
  `image_path` text,
  `product_image` varchar(255) DEFAULT 'kaynat.jpeg',
  `sku_no` varchar(11) DEFAULT NULL,
  `is_active` int NOT NULL,
  `cost_price` float NOT NULL DEFAULT '0',
  `bulk_price` float NOT NULL DEFAULT '0',
  `sales_price` float NOT NULL DEFAULT '0',
  `vat` float NOT NULL DEFAULT '0',
  `barcode` varchar(20) DEFAULT NULL,
  PRIMARY KEY (`product_id`)
) ENGINE=InnoDB AUTO_INCREMENT=517 DEFAULT CHARSET=latin1;
/*!40101 SET character_set_client = @saved_cs_client */;

--
-- Dumping data for table `products`
--

LOCK TABLES `products` WRITE;
/*!40000 ALTER TABLE `products` DISABLE KEYS */;
INSERT INTO `products` VALUES (1,NULL,2,NULL,'     ',NULL,NULL,2,'https://kaynat.nescostore.com/public/backend/kaynat.jpeg','kaynat.jpeg',NULL,1,0,0,0,0,'1714830805456'),(2,NULL,2,NULL,'     ',NULL,NULL,2,'https://kaynat.nescostore.com/public/backend/kaynat.jpeg','kaynat.jpeg',NULL,1,0,0,0,0,'1714830978661'),(3,NULL,2,NULL,'     ',NULL,NULL,1,'https://kaynat.nescostore.com/public/backend/kaynat.jpeg','kaynat.jpeg',NULL,1,0,0,0,0,'1714831002901'),(4,NULL,3,NULL,'     ',NULL,NULL,1,'https://kaynat.nescostore.com/public/backend/kaynat.jpeg','kaynat.jpeg',NULL,1,0,0,0,0,'1714831150447'),(5,NULL,3,NULL,'     ',NULL,NULL,1,'https://kaynat.nescostore.com/public/backend/kaynat.jpeg','kaynat.jpeg',NULL,1,0,0,0,0,'1714831173658'),(6,NULL,3,NULL,'     ',NULL,NULL,1,'https://kaynat.nescostore.com/public/backend/kaynat.jpeg','kaynat.jpeg',NULL,1,0,0,0,0,'1714831195325'),(7,NULL,3,NULL,'     ',NULL,NULL,1,'https://kaynat.nescostore.com/public/backend/kaynat.jpeg','kaynat.jpeg',NULL,1,0,0,0,0,'1714831249516'),(8,NULL,3,NULL,'     ',NULL,NULL,1,'https://kaynat.nescostore.com/public/backend/kaynat.jpeg','kaynat.jpeg',NULL,1,0,0,0,0,'1714831268237'),(9,NULL,3,NULL,'      ',NULL,NULL,1,'https://kaynat.nescostore.com/public/backend/kaynat.jpeg','kaynat.jpeg',NULL,1,0,0,0,0,'1714831291489'),(10,NULL,3,NULL,'  ',NULL,NULL,1,'https://kaynat.nescostore.com/public/backend/kaynat.jpeg','kaynat.jpeg',NULL,1,0,0,0,0,'1714831317397'),(11,NULL,1,NULL,'    ',NULL,NULL,2,'https://kaynat.nescostore.com/public/backend/kaynat.jpeg','kaynat.jpeg',NULL,1,0,0,0,0,'1714831392810'),(12,NULL,1,NULL,'    ',NULL,NULL,2,'https://kaynat.nescostore.com/public/backend/kaynat.jpeg','kaynat.jpeg',NULL,1,0,0,0,0,'1714831715949'),(13,NULL,1,NULL,'    ',NULL,NULL,2,'https://kaynat.nescostore.com/public/backend/kaynat.jpeg','kaynat.jpeg',NULL,1,0,0,0,0,'1714831735494'),(14,NULL,1,NULL,'       ',NULL,NULL,2,'https://kaynat.nescostore.com/public/backend/kaynat.jpeg','kaynat.jpeg',NULL,1,0,0,0,0,'1714831772431'),(15,NULL,1,NULL,'      ',NULL,NULL,2,'https://kaynat.nescostore.com/public/backend/kaynat.jpeg','kaynat.jpeg',NULL,1,0,0,0,0,'1714831798150'),(16,NULL,4,NULL,'    ',NULL,NULL,1,'https://kaynat.nescostore.com/public/backend/kaynat.jpeg','kaynat.jpeg',NULL,1,0,0,0,0,'1714831841599'),(17,NULL,4,NULL,'    ',NULL,NULL,1,'https://kaynat.nescostore.com/public/backend/kaynat.jpeg','kaynat.jpeg',NULL,1,0,0,0,0,'1714831914429'),(18,NULL,4,NULL,'    ',NULL,NULL,1,'https://kaynat.nescostore.com/public/backend/kaynat.jpeg','kaynat.jpeg',NULL,1,0,0,0,0,'1714831938613'),(19,NULL,5,NULL,'     ',NULL,NULL,2,'https://kaynat.nescostore.com/public/backend/kaynat.jpeg','kaynat.jpeg',NULL,1,0,0,0,0,'1714832009352'),(20,NULL,6,NULL,'   500 ml',NULL,NULL,13,'https://kaynat.nescostore.com/public/backend/kaynat.jpeg','kaynat.jpeg',NULL,1,0,0,0,0,'1714906669853'),(21,NULL,6,NULL,'   -  ',NULL,NULL,13,'https://kaynat.nescostore.com/public/backend/kaynat.jpeg','kaynat.jpeg',NULL,1,0,0,0,0,'1714906769154'),(22,NULL,6,NULL,'   - ',NULL,NULL,13,'https://kaynat.nescostore.com/public/backend/kaynat.jpeg','kaynat.jpeg',NULL,1,0,0,0,0,'1714906821868'),(23,NULL,6,NULL,'   - ',NULL,NULL,13,'https://kaynat.nescostore.com/public/backend/kaynat.jpeg','kaynat.jpeg',NULL,1,0,0,0,0,'1714906867645'),(24,NULL,7,NULL,'    - ',NULL,NULL,2,'https://kaynat.nescostore.com/public/backend/kaynat.jpeg','kaynat.jpeg',NULL,0,0,0,0,0,'1714907097838'),(25,NULL,7,NULL,'    - ',NULL,NULL,3,'https://kaynat.nescostore.com/public/backend/kaynat.jpeg','kaynat.jpeg',NULL,0,0,0,0,0,'1714907137325'),(26,NULL,8,NULL,'  BL - 50 grm',NULL,NULL,2,'https://kaynat.nescostore.com/public/backend/kaynat.jpeg','kaynat.jpeg',NULL,0,0,0,0,0,'1714907558920'),(27,NULL,8,NULL,'  BL - 100 grm',NULL,NULL,2,'https://kaynat.nescostore.com/public/backend/kaynat.jpeg','kaynat.jpeg',NULL,0,0,0,0,0,'1714907605317'),(28,NULL,8,NULL,'  BL - 200 grm',NULL,NULL,2,'https://kaynat.nescostore.com/public/backend/kaynat.jpeg','kaynat.jpeg',NULL,0,0,0,0,0,'1714907630367'),(29,NULL,8,NULL,'  BL - 400 grm',NULL,NULL,2,'https://kaynat.nescostore.com/public/backend/kaynat.jpeg','kaynat.jpeg',NULL,1,0,0,0,0,'1714907652663'),(30,NULL,8,NULL,'      BOP -250 grm',NULL,NULL,3,'https://kaynat.nescostore.com/public/backend/kaynat.jpeg','kaynat.jpeg',NULL,0,0,0,0,0,'1714907784609'),(31,NULL,8,NULL,'      BOP -500 grm',NULL,NULL,4,'https://kaynat.nescostore.com/public/backend/kaynat.jpeg','kaynat.jpeg',NULL,1,0,0,0,0,'1714907810773'),(32,NULL,8,NULL,'      BOP -1 kg',NULL,NULL,4,'https://kaynat.nescostore.com/public/backend/kaynat.jpeg','kaynat.jpeg',NULL,0,0,0,0,0,'1714907844321'),(33,NULL,8,NULL,'      Gold -250 grm',NULL,NULL,2,'https://kaynat.nescostore.com/public/backend/kaynat.jpeg','kaynat.jpeg',NULL,0,0,0,0,0,'1714907888878'),(34,NULL,8,NULL,'      Gold -500 grm',NULL,NULL,4,'https://kaynat.nescostore.com/public/backend/kaynat.jpeg','kaynat.jpeg',NULL,1,0,0,0,0,'1714907915262'),(35,NULL,8,NULL,'    PD -500 grm',NULL,NULL,4,'https://kaynat.nescostore.com/public/backend/kaynat.jpeg','kaynat.jpeg',NULL,1,0,0,0,0,'1714908033333'),(36,NULL,8,NULL,'    CD -250 grm',NULL,NULL,3,'https://kaynat.nescostore.com/public/backend/kaynat.jpeg','kaynat.jpeg',NULL,0,0,0,0,0,'1714908083729'),(37,NULL,8,NULL,'    CD -500 grm',NULL,NULL,4,'https://kaynat.nescostore.com/public/backend/kaynat.jpeg','kaynat.jpeg',NULL,1,0,0,0,0,'1714908104985'),(38,NULL,8,NULL,'    CD -1 kg',NULL,NULL,4,'https://kaynat.nescostore.com/public/backend/kaynat.jpeg','kaynat.jpeg',NULL,1,0,0,0,0,'1714908125169'),(39,NULL,8,NULL,'    Dust -250 grm',NULL,NULL,3,'https://kaynat.nescostore.com/public/backend/kaynat.jpeg','kaynat.jpeg',NULL,0,0,0,0,0,'1714908186246'),(40,NULL,8,NULL,'    Dust -500 grm',NULL,NULL,4,'https://kaynat.nescostore.com/public/backend/kaynat.jpeg','kaynat.jpeg',NULL,1,0,0,0,0,'1714908213869'),(41,NULL,8,NULL,'    Dust -1 kg',NULL,NULL,4,'https://kaynat.nescostore.com/public/backend/kaynat.jpeg','kaynat.jpeg',NULL,1,0,0,0,0,'1714908234801'),(42,NULL,8,NULL,'      -500 grm',NULL,NULL,4,'https://kaynat.nescostore.com/public/backend/kaynat.jpeg','kaynat.jpeg',NULL,1,0,0,0,0,'1714908338821'),(43,NULL,9,NULL,'     - ml',NULL,NULL,1,'https://kaynat.nescostore.com/public/backend/kaynat.jpeg','kaynat.jpeg',NULL,1,0,0,0,0,'1714908571273'),(44,NULL,9,NULL,'     - 250 ml',NULL,NULL,1,'https://kaynat.nescostore.com/public/backend/kaynat.jpeg','kaynat.jpeg',NULL,1,0,0,0,0,'1714908649969'),(45,NULL,9,NULL,'     - 500 ml',NULL,NULL,1,'https://kaynat.nescostore.com/public/backend/kaynat.jpeg','kaynat.jpeg',NULL,1,0,0,0,0,'1714908667484'),(46,NULL,9,NULL,'     - 1 ltr',NULL,NULL,6,'https://kaynat.nescostore.com/public/backend/kaynat.jpeg','kaynat.jpeg',NULL,1,0,0,0,0,'1714908693514'),(47,NULL,9,NULL,'   - 2 ltr',NULL,NULL,1,'https://kaynat.nescostore.com/public/backend/kaynat.jpeg','kaynat.jpeg',NULL,1,0,0,0,0,'1714908996159'),(48,NULL,9,NULL,'   - 5 ltr',NULL,NULL,1,'https://kaynat.nescostore.com/public/backend/kaynat.jpeg','kaynat.jpeg',NULL,1,0,0,0,0,'1714909016672'),(49,NULL,9,NULL,'   - 8 ltr',NULL,NULL,1,'https://kaynat.nescostore.com/public/backend/kaynat.jpeg','kaynat.jpeg',NULL,1,0,0,0,0,'1714909030552'),(50,NULL,10,NULL,'   -100gm (GB)',NULL,NULL,11,'https://kaynat.nescostore.com/public/backend/kaynat.jpeg','kaynat.jpeg',NULL,1,0,0,0,0,'1714909176911'),(51,NULL,10,NULL,'   -250gm (GB)',NULL,NULL,11,'https://kaynat.nescostore.com/public/backend/kaynat.jpeg','kaynat.jpeg',NULL,1,0,0,0,0,'1714909209506'),(52,NULL,10,NULL,'   -500gm (GB)',NULL,NULL,11,'https://kaynat.nescostore.com/public/backend/kaynat.jpeg','kaynat.jpeg',NULL,1,0,0,0,0,'1714909225974'),(53,NULL,10,NULL,'   -100gm (GB)',NULL,NULL,3,'https://kaynat.nescostore.com/public/backend/kaynat.jpeg','kaynat.jpeg',NULL,1,0,0,0,0,'1714909280439'),(54,NULL,10,NULL,'   -250gm (GB)',NULL,NULL,11,'https://kaynat.nescostore.com/public/backend/kaynat.jpeg','kaynat.jpeg',NULL,1,0,0,0,0,'1714909310629'),(55,NULL,10,NULL,'   -500gm (GB)',NULL,NULL,11,'https://kaynat.nescostore.com/public/backend/kaynat.jpeg','kaynat.jpeg',NULL,0,0,0,0,0,'1714909328298'),(56,NULL,10,NULL,'   -100gm (GB)',NULL,NULL,11,'https://kaynat.nescostore.com/public/backend/kaynat.jpeg','kaynat.jpeg',NULL,0,0,0,0,0,'1714909386972'),(57,NULL,10,NULL,'   -250gm (GB)',NULL,NULL,11,'https://kaynat.nescostore.com/public/backend/kaynat.jpeg','kaynat.jpeg',NULL,1,0,0,0,0,'1714909436783'),(58,NULL,10,NULL,'   -500gm (GB)',NULL,NULL,11,'https://kaynat.nescostore.com/public/backend/kaynat.jpeg','kaynat.jpeg',NULL,1,0,0,0,0,'1714909461684'),(59,NULL,10,NULL,'    - 100gm (GB)',NULL,NULL,11,'https://kaynat.nescostore.com/public/backend/kaynat.jpeg','kaynat.jpeg',NULL,1,0,0,0,0,'1714910560442'),(60,NULL,10,NULL,'    - 250gm (GB)',NULL,NULL,11,'https://kaynat.nescostore.com/public/backend/kaynat.jpeg','kaynat.jpeg',NULL,1,0,0,0,0,'1714910580919'),(61,NULL,10,NULL,'    - 500gm (GB)',NULL,NULL,11,'https://kaynat.nescostore.com/public/backend/kaynat.jpeg','kaynat.jpeg',NULL,0,0,0,0,0,'1714910599815'),(62,NULL,11,NULL,'     - 18gm',NULL,NULL,7,'https://kaynat.nescostore.com/public/backend/kaynat.jpeg','kaynat.jpeg',NULL,1,0,0,0,0,'1714910804538'),(63,NULL,11,NULL,'     - 230gm',NULL,NULL,2,'https://kaynat.nescostore.com/public/backend/kaynat.jpeg','kaynat.jpeg',NULL,1,0,0,0,0,'1714910824801'),(64,NULL,11,NULL,'      - 16gm',NULL,NULL,7,'https://kaynat.nescostore.com/public/backend/kaynat.jpeg','kaynat.jpeg',NULL,1,0,0,0,0,'1714911139714'),(65,NULL,11,NULL,'      - 25gm',NULL,NULL,7,'https://kaynat.nescostore.com/public/backend/kaynat.jpeg','kaynat.jpeg',NULL,1,0,0,0,0,'1714911172441'),(66,NULL,11,NULL,'      - 230gm',NULL,NULL,2,'https://kaynat.nescostore.com/public/backend/kaynat.jpeg','kaynat.jpeg',NULL,1,0,0,0,0,'1714911193916'),(67,NULL,11,NULL,'     - 16gm',NULL,NULL,2,'https://kaynat.nescostore.com/public/backend/kaynat.jpeg','kaynat.jpeg',NULL,1,0,0,0,0,'1714911251782'),(68,NULL,11,NULL,'     - 200gm',NULL,NULL,2,'https://kaynat.nescostore.com/public/backend/kaynat.jpeg','kaynat.jpeg',NULL,1,0,0,0,0,'1714911269331'),(69,NULL,12,NULL,'     -25gm',NULL,NULL,7,'https://kaynat.nescostore.com/public/backend/kaynat.jpeg','kaynat.jpeg',NULL,1,0,0,0,0,'1714911350903'),(70,NULL,12,NULL,'     -130gm',NULL,NULL,2,'https://kaynat.nescostore.com/public/backend/kaynat.jpeg','kaynat.jpeg',NULL,1,0,0,0,0,'1714911377735'),(71,NULL,12,NULL,'     -350gm',NULL,NULL,2,'https://kaynat.nescostore.com/public/backend/kaynat.jpeg','kaynat.jpeg',NULL,1,0,0,0,0,'1714911406966'),(72,NULL,13,NULL,'     - 50gm',NULL,NULL,7,'https://kaynat.nescostore.com/public/backend/kaynat.jpeg','kaynat.jpeg',NULL,1,0,0,0,0,'1714911543849'),(73,NULL,13,NULL,'     - 170gm',NULL,NULL,2,'https://kaynat.nescostore.com/public/backend/kaynat.jpeg','kaynat.jpeg',NULL,1,0,0,0,0,'1714911575559'),(74,NULL,13,NULL,'     - 16gm',NULL,NULL,7,'https://kaynat.nescostore.com/public/backend/kaynat.jpeg','kaynat.jpeg',NULL,1,0,0,0,0,'1714911593732'),(75,NULL,13,NULL,'      -18gm',NULL,NULL,7,'https://kaynat.nescostore.com/public/backend/kaynat.jpeg','kaynat.jpeg',NULL,1,0,0,0,0,'1714911640837'),(76,NULL,13,NULL,'      -50gm',NULL,NULL,7,'https://kaynat.nescostore.com/public/backend/kaynat.jpeg','kaynat.jpeg',NULL,1,0,0,0,0,'1714911661492'),(77,NULL,13,NULL,'      -175gm',NULL,NULL,1,'https://kaynat.nescostore.com/public/backend/kaynat.jpeg','kaynat.jpeg',NULL,1,0,0,0,0,'1714911678968'),(78,NULL,13,NULL,'     -18gm',NULL,NULL,7,'https://kaynat.nescostore.com/public/backend/kaynat.jpeg','kaynat.jpeg',NULL,1,0,0,0,0,'1714911734827'),(79,NULL,13,NULL,'     -45gm',NULL,NULL,7,'https://kaynat.nescostore.com/public/backend/kaynat.jpeg','kaynat.jpeg',NULL,1,0,0,0,0,'1714911782697'),(80,NULL,13,NULL,'      - 45gm',NULL,NULL,7,'https://kaynat.nescostore.com/public/backend/kaynat.jpeg','kaynat.jpeg',NULL,1,0,0,0,0,'1714912234435'),(81,NULL,13,NULL,'     - 180gm',NULL,NULL,2,'https://kaynat.nescostore.com/public/backend/kaynat.jpeg','kaynat.jpeg',NULL,1,0,0,0,0,'1714912281225'),(82,NULL,13,NULL,'      - 180gm',NULL,NULL,1,'https://kaynat.nescostore.com/public/backend/kaynat.jpeg','kaynat.jpeg',NULL,1,0,0,0,0,'1714912358210'),(83,NULL,13,NULL,'     - 250gm',NULL,NULL,2,'https://kaynat.nescostore.com/public/backend/kaynat.jpeg','kaynat.jpeg',NULL,1,0,0,0,0,'1714912423702'),(84,NULL,13,NULL,'   -  - 45gm',NULL,NULL,7,'https://kaynat.nescostore.com/public/backend/kaynat.jpeg','kaynat.jpeg',NULL,1,0,0,0,0,'1714912498977'),(85,NULL,13,NULL,'      -17gm',NULL,NULL,7,'https://kaynat.nescostore.com/public/backend/kaynat.jpeg','kaynat.jpeg',NULL,1,0,0,0,0,'1714912586775'),(86,NULL,13,NULL,'      -110gm',NULL,NULL,1,'https://kaynat.nescostore.com/public/backend/kaynat.jpeg','kaynat.jpeg',NULL,1,0,0,0,0,'1714912615443'),(87,NULL,13,NULL,'     -45gm',NULL,NULL,7,'https://kaynat.nescostore.com/public/backend/kaynat.jpeg','kaynat.jpeg',NULL,1,0,0,0,0,'1714912660774'),(88,NULL,13,NULL,'      -17gm',NULL,NULL,7,'https://kaynat.nescostore.com/public/backend/kaynat.jpeg','kaynat.jpeg',NULL,1,0,0,0,0,'1714913308894'),(89,NULL,13,NULL,'      -17gm',NULL,NULL,7,'https://kaynat.nescostore.com/public/backend/kaynat.jpeg','kaynat.jpeg',NULL,1,0,0,0,0,'1714913435495'),(90,NULL,13,NULL,'    -16gm',NULL,NULL,7,'https://kaynat.nescostore.com/public/backend/kaynat.jpeg','kaynat.jpeg',NULL,1,0,0,0,0,'1714913509669'),(91,NULL,13,NULL,'    -45gm',NULL,NULL,7,'https://kaynat.nescostore.com/public/backend/kaynat.jpeg','kaynat.jpeg',NULL,1,0,0,0,0,'1714913532470'),(92,NULL,13,NULL,'    -192gm',NULL,NULL,1,'https://kaynat.nescostore.com/public/backend/kaynat.jpeg','kaynat.jpeg',NULL,1,0,0,0,0,'1714913557795'),(93,NULL,13,NULL,'     -25gm',NULL,NULL,7,'https://kaynat.nescostore.com/public/backend/kaynat.jpeg','kaynat.jpeg',NULL,1,0,0,0,0,'1714913844837'),(94,NULL,13,NULL,'     -25gm',NULL,NULL,7,'https://kaynat.nescostore.com/public/backend/kaynat.jpeg','kaynat.jpeg',NULL,1,0,0,0,0,'1714914378861'),(95,NULL,13,NULL,'     -200gm',NULL,NULL,2,'https://kaynat.nescostore.com/public/backend/kaynat.jpeg','kaynat.jpeg',NULL,1,0,0,0,0,'1714914811282'),(96,NULL,13,NULL,'     -16gm',NULL,NULL,7,'https://kaynat.nescostore.com/public/backend/kaynat.jpeg','kaynat.jpeg',NULL,1,0,0,0,0,'1714914971940'),(97,NULL,14,NULL,'     -12gm',NULL,NULL,1,'https://kaynat.nescostore.com/public/backend/kaynat.jpeg','kaynat.jpeg',NULL,1,0,0,0,0,'1714915161708'),(98,NULL,14,NULL,'      -12gm',NULL,NULL,1,'https://kaynat.nescostore.com/public/backend/kaynat.jpeg','kaynat.jpeg',NULL,1,0,0,0,0,'1714915489447'),(99,NULL,15,NULL,'      -2.0gm (without gift)',NULL,NULL,11,'https://kaynat.nescostore.com/public/backend/kaynat.jpeg','kaynat.jpeg',NULL,1,0,0,0,0,'1714977298417'),(100,NULL,15,NULL,'      -2.0gm (without gift)',NULL,NULL,11,'https://kaynat.nescostore.com/public/backend/kaynat.jpeg','kaynat.jpeg',NULL,1,0,0,0,0,'1714977356906'),(101,NULL,15,NULL,'     - 2.0gm (without gift)',NULL,NULL,11,'https://kaynat.nescostore.com/public/backend/kaynat.jpeg','kaynat.jpeg',NULL,1,0,0,0,0,'1714977507921'),(102,NULL,15,NULL,'      -2.0gm (without gift))',NULL,NULL,11,'https://kaynat.nescostore.com/public/backend/kaynat.jpeg','kaynat.jpeg',NULL,1,0,0,0,0,'1714977597435'),(103,NULL,15,NULL,'     -2.0gm (without gift))',NULL,NULL,11,'https://kaynat.nescostore.com/public/backend/kaynat.jpeg','kaynat.jpeg',NULL,1,0,0,0,0,'1714977636301'),(104,NULL,15,NULL,'     -2.0gm',NULL,NULL,11,'https://kaynat.nescostore.com/public/backend/kaynat.jpeg','kaynat.jpeg',NULL,1,0,0,0,0,'1714977888196'),(105,NULL,15,NULL,'       -4.5gm (without gift)',NULL,NULL,11,'https://kaynat.nescostore.com/public/backend/kaynat.jpeg','kaynat.jpeg',NULL,1,0,0,0,0,'1714978347680'),(106,NULL,15,NULL,'       -4.5gm (without gift)',NULL,NULL,11,'https://kaynat.nescostore.com/public/backend/kaynat.jpeg','kaynat.jpeg',NULL,0,0,0,0,0,'1714978433589'),(107,NULL,15,NULL,'      -4.5gm (without gift)',NULL,NULL,11,'https://kaynat.nescostore.com/public/backend/kaynat.jpeg','kaynat.jpeg',NULL,0,0,0,0,0,'1714978553211'),(108,NULL,15,NULL,'      -2.0 ()',NULL,NULL,2,'https://kaynat.nescostore.com/public/backend/kaynat.jpeg','kaynat.jpeg',NULL,1,0,0,0,0,'1714978628975'),(109,NULL,15,NULL,'      -2.0 ()',NULL,NULL,2,'https://kaynat.nescostore.com/public/backend/kaynat.jpeg','kaynat.jpeg',NULL,1,0,0,0,0,'1714978691875'),(110,NULL,15,NULL,'       -6 ',NULL,NULL,8,'https://kaynat.nescostore.com/public/backend/kaynat.jpeg','kaynat.jpeg',NULL,1,0,0,0,0,'1714978752215'),(111,NULL,15,NULL,'      -14 ',NULL,NULL,8,'https://kaynat.nescostore.com/public/backend/kaynat.jpeg','kaynat.jpeg',NULL,1,0,0,0,0,'1714978799577'),(112,NULL,15,NULL,'      -7 ',NULL,NULL,8,'https://kaynat.nescostore.com/public/backend/kaynat.jpeg','kaynat.jpeg',NULL,1,0,0,0,0,'1714978839646'),(113,NULL,15,NULL,'      -7 ',NULL,NULL,8,'https://kaynat.nescostore.com/public/backend/kaynat.jpeg','kaynat.jpeg',NULL,1,0,0,0,0,'1714979466775'),(114,NULL,15,NULL,'      -32 ',NULL,NULL,8,'https://kaynat.nescostore.com/public/backend/kaynat.jpeg','kaynat.jpeg',NULL,0,0,0,0,0,'1714985651920'),(115,NULL,15,NULL,'     -7 ',NULL,NULL,8,'https://kaynat.nescostore.com/public/backend/kaynat.jpeg','kaynat.jpeg',NULL,0,0,0,0,0,'1714985751254'),(116,NULL,15,NULL,'    -3.5 ',NULL,NULL,11,'https://kaynat.nescostore.com/public/backend/kaynat.jpeg','kaynat.jpeg',NULL,1,0,0,0,0,'1714985831581'),(117,NULL,15,NULL,'    -7 ',NULL,NULL,11,'https://kaynat.nescostore.com/public/backend/kaynat.jpeg','kaynat.jpeg',NULL,1,0,0,0,0,'1714985883100'),(118,NULL,16,NULL,'     -12 ',NULL,NULL,7,'https://kaynat.nescostore.com/public/backend/kaynat.jpeg','kaynat.jpeg',NULL,1,0,0,0,0,'1714986281824'),(119,NULL,16,NULL,'     -12 ',NULL,NULL,7,'https://kaynat.nescostore.com/public/backend/kaynat.jpeg','kaynat.jpeg',NULL,1,0,0,0,0,'1714986321130'),(120,NULL,16,NULL,'   BBQ -12 ',NULL,NULL,7,'https://kaynat.nescostore.com/public/backend/kaynat.jpeg','kaynat.jpeg',NULL,1,0,0,0,0,'1714986765152'),(121,NULL,16,NULL,'   BBQ -12 ',NULL,NULL,7,'https://kaynat.nescostore.com/public/backend/kaynat.jpeg','kaynat.jpeg',NULL,1,0,0,0,0,'1714986900207'),(122,NULL,16,NULL,'    -12 ',NULL,NULL,7,'https://kaynat.nescostore.com/public/backend/kaynat.jpeg','kaynat.jpeg',NULL,1,0,0,0,0,'1714986945780'),(123,NULL,16,NULL,'     -25 ',NULL,NULL,7,'https://kaynat.nescostore.com/public/backend/kaynat.jpeg','kaynat.jpeg',NULL,1,0,0,0,0,'1714987010148'),(124,NULL,16,NULL,'     -25 ',NULL,NULL,7,'https://kaynat.nescostore.com/public/backend/kaynat.jpeg','kaynat.jpeg',NULL,1,0,0,0,0,'1714987054757'),(125,NULL,16,NULL,'   -- -25 ',NULL,NULL,7,'https://kaynat.nescostore.com/public/backend/kaynat.jpeg','kaynat.jpeg',NULL,1,0,0,0,0,'1714987081964'),(126,NULL,16,NULL,'    -25 ',NULL,NULL,7,'https://kaynat.nescostore.com/public/backend/kaynat.jpeg','kaynat.jpeg',NULL,1,0,0,0,0,'1714987107140'),(127,NULL,16,NULL,'    -',NULL,NULL,2,'https://kaynat.nescostore.com/public/backend/kaynat.jpeg','kaynat.jpeg',NULL,1,0,0,0,0,'1714987512742'),(128,NULL,16,NULL,'    -',NULL,NULL,2,'https://kaynat.nescostore.com/public/backend/kaynat.jpeg','kaynat.jpeg',NULL,1,0,0,0,0,'1714987548621'),(129,NULL,16,NULL,'   BBQ -',NULL,NULL,2,'https://kaynat.nescostore.com/public/backend/kaynat.jpeg','kaynat.jpeg',NULL,1,0,0,0,0,'1714987603107'),(130,NULL,16,NULL,'   BBQ -',NULL,NULL,2,'https://kaynat.nescostore.com/public/backend/kaynat.jpeg','kaynat.jpeg',NULL,1,0,0,0,0,'1714987645663'),(131,NULL,16,NULL,'    -',NULL,NULL,7,'https://kaynat.nescostore.com/public/backend/kaynat.jpeg','kaynat.jpeg',NULL,1,0,0,0,0,'1714988103482'),(132,NULL,16,NULL,'    -',NULL,NULL,7,'https://kaynat.nescostore.com/public/backend/kaynat.jpeg','kaynat.jpeg',NULL,1,0,0,0,0,'1714988218921'),(133,NULL,16,NULL,'    -',NULL,NULL,7,'https://kaynat.nescostore.com/public/backend/kaynat.jpeg','kaynat.jpeg',NULL,0,0,0,0,0,'1714988251109'),(134,NULL,17,NULL,'    -',NULL,NULL,12,'https://kaynat.nescostore.com/public/backend/kaynat.jpeg','kaynat.jpeg',NULL,1,0,0,0,0,'1714989178664'),(135,NULL,17,NULL,'    -',NULL,NULL,7,'https://kaynat.nescostore.com/public/backend/kaynat.jpeg','kaynat.jpeg',NULL,0,0,0,0,0,'1714989218361'),(136,NULL,17,NULL,'    -gm',NULL,NULL,12,'https://kaynat.nescostore.com/public/backend/kaynat.jpeg','kaynat.jpeg',NULL,1,0,0,0,0,'1714990821319'),(137,NULL,19,NULL,'    ,  -',NULL,NULL,3,'https://kaynat.nescostore.com/public/backend/kaynat.jpeg','kaynat.jpeg',NULL,1,0,0,0,0,'1714991116824'),(138,NULL,19,NULL,'      - gm',NULL,NULL,7,'https://kaynat.nescostore.com/public/backend/kaynat.jpeg','kaynat.jpeg',NULL,1,0,0,0,0,'1714991588635'),(139,NULL,19,NULL,'      -gm',NULL,NULL,7,'https://kaynat.nescostore.com/public/backend/kaynat.jpeg','kaynat.jpeg',NULL,1,0,0,0,0,'1714991677636'),(140,NULL,19,NULL,'    ,     -40gm',NULL,NULL,12,'https://kaynat.nescostore.com/public/backend/kaynat.jpeg','kaynat.jpeg',NULL,0,0,0,0,0,'1714991817618'),(141,NULL,19,NULL,'    ,  -40gm',NULL,NULL,3,'https://kaynat.nescostore.com/public/backend/kaynat.jpeg','kaynat.jpeg',NULL,1,0,0,0,0,'1714991885728'),(142,NULL,19,NULL,'    ,    - gm',NULL,NULL,12,'https://kaynat.nescostore.com/public/backend/kaynat.jpeg','kaynat.jpeg',NULL,0,0,0,0,0,'1714992037973'),(143,NULL,19,NULL,'    ,  - gm',NULL,NULL,12,'https://kaynat.nescostore.com/public/backend/kaynat.jpeg','kaynat.jpeg',NULL,0,0,0,0,0,'1714992225949'),(144,NULL,19,NULL,'      & -',NULL,NULL,3,'https://kaynat.nescostore.com/public/backend/kaynat.jpeg','kaynat.jpeg',NULL,1,0,0,0,0,'1714992278964'),(145,NULL,18,NULL,'    - gm',NULL,NULL,2,'https://kaynat.nescostore.com/public/backend/kaynat.jpeg','kaynat.jpeg',NULL,1,0,0,0,0,'1714992322919'),(146,NULL,13,NULL,'       - ',NULL,NULL,11,'https://kaynat.nescostore.com/public/backend/kaynat.jpeg','kaynat.jpeg',NULL,1,0,0,0,0,'1714993814812'),(147,NULL,13,NULL,'     -',NULL,NULL,7,'https://kaynat.nescostore.com/public/backend/kaynat.jpeg','kaynat.jpeg',NULL,0,0,0,0,0,'1714993851794'),(148,NULL,20,NULL,'     -160 gm',NULL,NULL,2,'https://kaynat.nescostore.com/public/backend/kaynat.jpeg','kaynat.jpeg',NULL,1,0,0,0,0,'1714993945232'),(149,NULL,20,NULL,'   - gm',NULL,NULL,1,'https://kaynat.nescostore.com/public/backend/kaynat.jpeg','kaynat.jpeg',NULL,1,0,0,0,0,'1714993996162'),(150,NULL,20,NULL,'    - gm',NULL,NULL,2,'https://kaynat.nescostore.com/public/backend/kaynat.jpeg','kaynat.jpeg',NULL,1,0,0,0,0,'1714994093464'),(151,NULL,21,NULL,'      -  ',NULL,NULL,12,'https://kaynat.nescostore.com/public/backend/kaynat.jpeg','kaynat.jpeg',NULL,1,0,0,0,0,'1714994898640'),(152,NULL,21,NULL,'       ',NULL,NULL,2,'https://kaynat.nescostore.com/public/backend/kaynat.jpeg','kaynat.jpeg',NULL,1,0,0,0,0,'1714995039214'),(153,NULL,21,NULL,'       ',NULL,NULL,3,'https://kaynat.nescostore.com/public/backend/kaynat.jpeg','kaynat.jpeg',NULL,0,0,0,0,0,'1714995086255'),(154,NULL,21,NULL,'       ',NULL,NULL,1,'https://kaynat.nescostore.com/public/backend/kaynat.jpeg','kaynat.jpeg',NULL,1,0,0,0,0,'1714995110334'),(155,NULL,21,NULL,'       ',NULL,NULL,2,'https://kaynat.nescostore.com/public/backend/kaynat.jpeg','kaynat.jpeg',NULL,1,0,0,0,0,'1714995135464'),(156,NULL,21,NULL,'       ',NULL,NULL,1,'https://kaynat.nescostore.com/public/backend/kaynat.jpeg','kaynat.jpeg',NULL,1,0,0,0,0,'1714995161606'),(157,NULL,21,NULL,'       ',NULL,NULL,2,'https://kaynat.nescostore.com/public/backend/kaynat.jpeg','kaynat.jpeg',NULL,1,0,0,0,0,'1714995188755'),(158,NULL,21,NULL,'       ',NULL,NULL,2,'https://kaynat.nescostore.com/public/backend/kaynat.jpeg','kaynat.jpeg',NULL,1,0,0,0,0,'1714995218920'),(159,NULL,21,NULL,'       ',NULL,NULL,2,'https://kaynat.nescostore.com/public/backend/kaynat.jpeg','kaynat.jpeg',NULL,1,0,0,0,0,'1714995389938'),(160,NULL,21,NULL,'       ',NULL,NULL,2,'https://kaynat.nescostore.com/public/backend/kaynat.jpeg','kaynat.jpeg',NULL,1,0,0,0,0,'1714995485205'),(161,NULL,21,NULL,'       ',NULL,NULL,2,'https://kaynat.nescostore.com/public/backend/kaynat.jpeg','kaynat.jpeg',NULL,1,0,0,0,0,'1714995511274'),(162,NULL,21,NULL,'       ',NULL,NULL,2,'https://kaynat.nescostore.com/public/backend/kaynat.jpeg','kaynat.jpeg',NULL,1,0,0,0,0,'1714995546903'),(163,NULL,22,NULL,'       ',NULL,NULL,4,'https://kaynat.nescostore.com/public/backend/kaynat.jpeg','kaynat.jpeg',NULL,1,0,0,0,0,'1714995621450'),(164,NULL,13,NULL,'      - ',NULL,NULL,3,'https://kaynat.nescostore.com/public/backend/kaynat.jpeg','kaynat.jpeg',NULL,0,0,0,0,0,'1714995664465'),(165,NULL,21,NULL,'      ',NULL,NULL,1,'https://kaynat.nescostore.com/public/backend/kaynat.jpeg','kaynat.jpeg',NULL,0,0,0,0,0,'1714995951846'),(166,NULL,21,NULL,'      . ',NULL,NULL,2,'https://kaynat.nescostore.com/public/backend/kaynat.jpeg','kaynat.jpeg',NULL,1,0,0,0,0,'1714995978661'),(167,NULL,23,NULL,'      - ',NULL,NULL,7,'https://kaynat.nescostore.com/public/backend/kaynat.jpeg','kaynat.jpeg',NULL,0,0,0,0,0,'1714998447246'),(168,NULL,23,NULL,'      - ',NULL,NULL,2,'https://kaynat.nescostore.com/public/backend/kaynat.jpeg','kaynat.jpeg',NULL,1,0,0,0,0,'1714998476140'),(169,NULL,23,NULL,'      - ',NULL,NULL,2,'https://kaynat.nescostore.com/public/backend/kaynat.jpeg','kaynat.jpeg',NULL,1,0,0,0,0,'1714998501810'),(170,NULL,23,NULL,'      ',NULL,NULL,8,'https://kaynat.nescostore.com/public/backend/kaynat.jpeg','kaynat.jpeg',NULL,1,0,0,0,0,'1714998526291'),(171,NULL,15,NULL,'       ',NULL,NULL,11,'https://kaynat.nescostore.com/public/backend/kaynat.jpeg','kaynat.jpeg',NULL,1,0,0,0,0,'1714998597169'),(172,NULL,13,NULL,'        ',NULL,NULL,2,'https://kaynat.nescostore.com/public/backend/kaynat.jpeg','kaynat.jpeg',NULL,1,0,0,0,0,'1714998632753'),(173,NULL,13,NULL,'       ',NULL,NULL,2,'https://kaynat.nescostore.com/public/backend/kaynat.jpeg','kaynat.jpeg',NULL,1,0,0,0,0,'1714998686271'),(174,NULL,13,NULL,'        ',NULL,NULL,1,'https://kaynat.nescostore.com/public/backend/kaynat.jpeg','kaynat.jpeg',NULL,1,0,0,0,0,'1714998731316'),(175,NULL,18,NULL,'      ()  ',NULL,NULL,7,'https://kaynat.nescostore.com/public/backend/kaynat.jpeg','kaynat.jpeg',NULL,1,0,0,0,0,'1715063235692'),(176,NULL,18,NULL,'     () ,  ',NULL,NULL,2,'https://kaynat.nescostore.com/public/backend/kaynat.jpeg','kaynat.jpeg',NULL,1,0,0,0,0,'1715063291226'),(177,NULL,18,NULL,'.. ..... 50.4',NULL,NULL,2,'https://kaynat.nescostore.com/public/backend/kaynat.jpeg','kaynat.jpeg',NULL,0,0,0,0,0,'1715063371154'),(178,NULL,18,NULL,'     ()   (*) with CP',NULL,NULL,2,'https://kaynat.nescostore.com/public/backend/kaynat.jpeg','kaynat.jpeg',NULL,1,0,0,0,0,'1715063576331'),(179,NULL,18,NULL,'     ()   (*)with CP',NULL,NULL,2,'https://kaynat.nescostore.com/public/backend/kaynat.jpeg','kaynat.jpeg',NULL,1,0,0,0,0,'1715063655157'),(180,NULL,18,NULL,'     ()    (*)',NULL,NULL,2,'https://kaynat.nescostore.com/public/backend/kaynat.jpeg','kaynat.jpeg',NULL,1,0,0,0,0,'1715063688794'),(181,NULL,18,NULL,'     ()    (*)',NULL,NULL,2,'https://kaynat.nescostore.com/public/backend/kaynat.jpeg','kaynat.jpeg',NULL,1,0,0,0,0,'1715063715675'),(182,NULL,18,NULL,'     ()    (*)with CP',NULL,NULL,2,'https://kaynat.nescostore.com/public/backend/kaynat.jpeg','kaynat.jpeg',NULL,1,0,0,0,0,'1715063760510'),(183,NULL,18,NULL,'     ()    (*)with CP',NULL,NULL,2,'https://kaynat.nescostore.com/public/backend/kaynat.jpeg','kaynat.jpeg',NULL,1,0,0,0,0,'1715063799435'),(184,NULL,24,NULL,' 	200gm',NULL,NULL,2,'https://kaynat.nescostore.com/public/backend/kaynat.jpeg','kaynat.jpeg',NULL,1,0,0,0,0,'1715072628326'),(185,NULL,24,NULL,'  ()-500gm',NULL,NULL,2,'https://kaynat.nescostore.com/public/backend/kaynat.jpeg','kaynat.jpeg',NULL,1,0,0,0,0,'1715072658838'),(186,NULL,24,NULL,' 	500gm',NULL,NULL,2,'https://kaynat.nescostore.com/public/backend/kaynat.jpeg','kaynat.jpeg',NULL,1,0,0,0,0,'1715072700942'),(187,NULL,24,NULL,' 	1kg',NULL,NULL,2,'https://kaynat.nescostore.com/public/backend/kaynat.jpeg','kaynat.jpeg',NULL,1,0,0,0,0,'1715072732508'),(188,NULL,24,NULL,' 	1kg',NULL,NULL,2,'https://kaynat.nescostore.com/public/backend/kaynat.jpeg','kaynat.jpeg',NULL,1,0,0,0,0,'1715072761584'),(189,NULL,24,NULL,' 	2kg',NULL,NULL,2,'https://kaynat.nescostore.com/public/backend/kaynat.jpeg','kaynat.jpeg',NULL,1,0,0,0,0,'1715072791667'),(190,NULL,24,NULL,' 	2kg',NULL,NULL,2,'https://kaynat.nescostore.com/public/backend/kaynat.jpeg','kaynat.jpeg',NULL,1,0,0,0,0,'1715072841944'),(191,NULL,24,NULL,'  - 500ml',NULL,NULL,1,'https://kaynat.nescostore.com/public/backend/kaynat.jpeg','kaynat.jpeg',NULL,1,0,0,0,0,'1715072883404'),(192,NULL,24,NULL,'  - 750ml',NULL,NULL,1,'https://kaynat.nescostore.com/public/backend/kaynat.jpeg','kaynat.jpeg',NULL,1,0,0,0,0,'1715073217291'),(193,NULL,24,NULL,' blue	50ml',NULL,NULL,5,'https://kaynat.nescostore.com/public/backend/kaynat.jpeg','kaynat.jpeg',NULL,1,0,0,0,0,'1715073278627'),(194,NULL,24,NULL,' blue	100ml',NULL,NULL,1,'https://kaynat.nescostore.com/public/backend/kaynat.jpeg','kaynat.jpeg',NULL,1,0,0,0,0,'1715073724236'),(195,NULL,24,NULL,'  - 500ml',NULL,NULL,1,'https://kaynat.nescostore.com/public/backend/kaynat.jpeg','kaynat.jpeg',NULL,1,0,0,0,0,'1715073759634'),(196,NULL,24,NULL,'  - 1 ltr',NULL,NULL,1,'https://kaynat.nescostore.com/public/backend/kaynat.jpeg','kaynat.jpeg',NULL,1,0,0,0,0,'1715073791351'),(197,NULL,24,NULL,'  - 350ml',NULL,NULL,1,'https://kaynat.nescostore.com/public/backend/kaynat.jpeg','kaynat.jpeg',NULL,1,0,0,0,0,'1715073854456'),(198,NULL,24,NULL,'  - 500ml',NULL,NULL,5,'https://kaynat.nescostore.com/public/backend/kaynat.jpeg','kaynat.jpeg',NULL,0,0,0,0,0,'1715073900714'),(199,NULL,24,NULL,'  - 250ml',NULL,NULL,1,'https://kaynat.nescostore.com/public/backend/kaynat.jpeg','kaynat.jpeg',NULL,1,0,0,0,0,'1715073934256'),(200,NULL,24,NULL,'  () - 250ml',NULL,NULL,1,'https://kaynat.nescostore.com/public/backend/kaynat.jpeg','kaynat.jpeg',NULL,1,0,0,0,0,'1715073978345'),(201,NULL,24,NULL,'  () - 500ml',NULL,NULL,1,'https://kaynat.nescostore.com/public/backend/kaynat.jpeg','kaynat.jpeg',NULL,1,0,0,0,0,'1715074006173'),(202,NULL,24,NULL,'  ()- 10pc',NULL,NULL,2,'https://kaynat.nescostore.com/public/backend/kaynat.jpeg','kaynat.jpeg',NULL,1,0,0,0,0,'1715074036607'),(203,NULL,24,NULL,'  ()- 10pc',NULL,NULL,2,'https://kaynat.nescostore.com/public/backend/kaynat.jpeg','kaynat.jpeg',NULL,1,0,0,0,0,'1715074090789'),(204,NULL,24,NULL,'  - 80gm',NULL,NULL,1,'https://kaynat.nescostore.com/public/backend/kaynat.jpeg','kaynat.jpeg',NULL,1,0,0,0,0,'1715074206576'),(205,NULL,24,NULL,'  - 300gm',NULL,NULL,1,'https://kaynat.nescostore.com/public/backend/kaynat.jpeg','kaynat.jpeg',NULL,1,0,0,0,0,'1715074238627'),(206,NULL,24,NULL,'luxary  - 100gm',NULL,NULL,1,'https://kaynat.nescostore.com/public/backend/kaynat.jpeg','kaynat.jpeg',NULL,1,0,0,0,0,'1715074278389'),(207,NULL,25,NULL,' - 1 kg',NULL,NULL,4,'https://kaynat.nescostore.com/public/backend/kaynat.jpeg','kaynat.jpeg',NULL,1,0,0,0,0,'1715076315271'),(208,NULL,25,NULL,' - 2 kg',NULL,NULL,4,'https://kaynat.nescostore.com/public/backend/kaynat.jpeg','kaynat.jpeg',NULL,1,0,0,0,0,'1715076356373'),(209,NULL,25,NULL,' - 1 kg',NULL,NULL,4,'https://kaynat.nescostore.com/public/backend/kaynat.jpeg','kaynat.jpeg',NULL,1,0,0,0,0,'1715076404139'),(210,NULL,25,NULL,' - 2 kg',NULL,NULL,4,'https://kaynat.nescostore.com/public/backend/kaynat.jpeg','kaynat.jpeg',NULL,1,0,0,0,0,'1715076436979'),(211,NULL,25,NULL,' - 500 gm',NULL,NULL,2,'https://kaynat.nescostore.com/public/backend/kaynat.jpeg','kaynat.jpeg',NULL,1,0,0,0,0,'1715076484197'),(212,NULL,26,NULL,'  - 500gm',NULL,NULL,1,'https://kaynat.nescostore.com/public/backend/kaynat.jpeg','kaynat.jpeg',NULL,1,0,0,0,0,'1715076789701'),(213,NULL,26,NULL,'  - 1 kg',NULL,NULL,1,'https://kaynat.nescostore.com/public/backend/kaynat.jpeg','kaynat.jpeg',NULL,1,0,0,0,0,'1715076824908'),(214,NULL,26,NULL,'  -1 kg',NULL,NULL,4,'https://kaynat.nescostore.com/public/backend/kaynat.jpeg','kaynat.jpeg',NULL,1,0,0,0,0,'1715076865104'),(215,NULL,27,NULL,'    - 1 kg',NULL,NULL,4,'https://kaynat.nescostore.com/public/backend/kaynat.jpeg','kaynat.jpeg',NULL,1,0,0,0,0,'1715077671127'),(216,NULL,27,NULL,'    - 5 kg',NULL,NULL,10,'https://kaynat.nescostore.com/public/backend/kaynat.jpeg','kaynat.jpeg',NULL,1,0,0,0,0,'1715077714128'),(217,NULL,27,NULL,' 	5kg',NULL,NULL,10,'https://kaynat.nescostore.com/public/backend/kaynat.jpeg','kaynat.jpeg',NULL,1,0,0,0,0,'1715077741623'),(218,NULL,27,NULL,' 	10 kg',NULL,NULL,10,'https://kaynat.nescostore.com/public/backend/kaynat.jpeg','kaynat.jpeg',NULL,1,0,0,0,0,'1715077769745'),(219,NULL,27,NULL,'  	-5 kg',NULL,NULL,2,'https://kaynat.nescostore.com/public/backend/kaynat.jpeg','kaynat.jpeg',NULL,1,0,0,0,0,'1715077808619'),(220,NULL,27,NULL,'  	- 10 kg',NULL,NULL,10,'https://kaynat.nescostore.com/public/backend/kaynat.jpeg','kaynat.jpeg',NULL,1,0,0,0,0,'1715077840289'),(221,NULL,27,NULL,'   -5 kg',NULL,NULL,2,'https://kaynat.nescostore.com/public/backend/kaynat.jpeg','kaynat.jpeg',NULL,1,0,0,0,0,'1715077897696'),(222,NULL,27,NULL,'  -2 kg',NULL,NULL,2,'https://kaynat.nescostore.com/public/backend/kaynat.jpeg','kaynat.jpeg',NULL,1,0,0,0,0,'1715077941492'),(223,NULL,27,NULL,'  - 5 kg',NULL,NULL,2,'https://kaynat.nescostore.com/public/backend/kaynat.jpeg','kaynat.jpeg',NULL,1,0,0,0,0,'1715077981858'),(224,NULL,28,NULL,'  - 1 ltr',NULL,NULL,6,'https://kaynat.nescostore.com/public/backend/kaynat.jpeg','kaynat.jpeg',NULL,1,0,0,0,0,'1715078494315'),(225,NULL,28,NULL,'  - 2 ltr',NULL,NULL,6,'https://kaynat.nescostore.com/public/backend/kaynat.jpeg','kaynat.jpeg',NULL,1,0,0,0,0,'1715078527633'),(226,NULL,28,NULL,'  - 5 ltr',NULL,NULL,6,'https://kaynat.nescostore.com/public/backend/kaynat.jpeg','kaynat.jpeg',NULL,1,0,0,0,0,'1715078568969'),(227,NULL,28,NULL,'  - 80ml',NULL,NULL,1,'https://kaynat.nescostore.com/public/backend/kaynat.jpeg','kaynat.jpeg',NULL,1,0,0,0,0,'1715078604481'),(228,NULL,28,NULL,' 	250ml',NULL,NULL,5,'https://kaynat.nescostore.com/public/backend/kaynat.jpeg','kaynat.jpeg',NULL,1,0,0,0,0,'1715078626590'),(229,NULL,28,NULL,' 	8 kg',NULL,NULL,9,'https://kaynat.nescostore.com/public/backend/kaynat.jpeg','kaynat.jpeg',NULL,1,0,0,0,0,'1715078652127'),(230,NULL,28,NULL,'  - 16 kg',NULL,NULL,9,'https://kaynat.nescostore.com/public/backend/kaynat.jpeg','kaynat.jpeg',NULL,1,0,0,0,0,'1715078691913'),(231,NULL,28,NULL,' 	500ml',NULL,NULL,5,'https://kaynat.nescostore.com/public/backend/kaynat.jpeg','kaynat.jpeg',NULL,1,0,0,0,0,'1715078731127'),(232,NULL,27,NULL,'  - 1 kg',NULL,NULL,4,'https://kaynat.nescostore.com/public/backend/kaynat.jpeg','kaynat.jpeg',NULL,1,0,0,0,0,'1715079062507'),(233,NULL,29,NULL,'  - 50gm',NULL,NULL,2,'https://kaynat.nescostore.com/public/backend/kaynat.jpeg','kaynat.jpeg',NULL,1,0,0,0,0,'1715079136468'),(234,NULL,29,NULL,'  - 100gm',NULL,NULL,2,'https://kaynat.nescostore.com/public/backend/kaynat.jpeg','kaynat.jpeg',NULL,1,0,0,0,0,'1715079173364'),(235,NULL,29,NULL,'  - 200gm',NULL,NULL,2,'https://kaynat.nescostore.com/public/backend/kaynat.jpeg','kaynat.jpeg',NULL,1,0,0,0,0,'1715079208618'),(236,NULL,29,NULL,'  - 5 kg',NULL,NULL,2,'https://kaynat.nescostore.com/public/backend/kaynat.jpeg','kaynat.jpeg',NULL,1,0,0,0,0,'1715079246528'),(237,NULL,29,NULL,'  - 50gm',NULL,NULL,3,'https://kaynat.nescostore.com/public/backend/kaynat.jpeg','kaynat.jpeg',NULL,1,0,0,0,0,'1715079280818'),(238,NULL,29,NULL,'  - 100gm',NULL,NULL,3,'https://kaynat.nescostore.com/public/backend/kaynat.jpeg','kaynat.jpeg',NULL,1,0,0,0,0,'1715079309595'),(239,NULL,29,NULL,'  - 5 kg',NULL,NULL,4,'https://kaynat.nescostore.com/public/backend/kaynat.jpeg','kaynat.jpeg',NULL,1,0,0,0,0,'1715079336567'),(240,NULL,29,NULL,'  - 200gm',NULL,NULL,3,'https://kaynat.nescostore.com/public/backend/kaynat.jpeg','kaynat.jpeg',NULL,1,0,0,0,0,'1715079364478'),(241,NULL,29,NULL,'  - 50gm',NULL,NULL,2,'https://kaynat.nescostore.com/public/backend/kaynat.jpeg','kaynat.jpeg',NULL,0,0,0,0,0,'1715079392649'),(242,NULL,29,NULL,'  - 100gm',NULL,NULL,2,'https://kaynat.nescostore.com/public/backend/kaynat.jpeg','kaynat.jpeg',NULL,0,0,0,0,0,'1715079417579'),(243,NULL,29,NULL,'  - 200gm',NULL,NULL,2,'https://kaynat.nescostore.com/public/backend/kaynat.jpeg','kaynat.jpeg',NULL,0,0,0,0,0,'1715079443912'),(244,NULL,30,NULL,'	50',NULL,NULL,1,'https://kaynat.nescostore.com/public/backend/kaynat.jpeg','kaynat.jpeg',NULL,1,0,0,0,0,'1715081334596'),(245,NULL,30,NULL,'	100',NULL,NULL,1,'https://kaynat.nescostore.com/public/backend/kaynat.jpeg','kaynat.jpeg',NULL,1,0,0,0,0,'1715081357857'),(246,NULL,30,NULL,'	200',NULL,NULL,1,'https://kaynat.nescostore.com/public/backend/kaynat.jpeg','kaynat.jpeg',NULL,1,0,0,0,0,'1715081451145'),(247,NULL,30,NULL,'	500',NULL,NULL,1,'https://kaynat.nescostore.com/public/backend/kaynat.jpeg','kaynat.jpeg',NULL,1,0,0,0,0,'1715081475799'),(248,NULL,30,NULL,'	900',NULL,NULL,1,'https://kaynat.nescostore.com/public/backend/kaynat.jpeg','kaynat.jpeg',NULL,1,0,0,0,0,'1715081501654'),(249,NULL,30,NULL,'	200 ',NULL,NULL,1,'https://kaynat.nescostore.com/public/backend/kaynat.jpeg','kaynat.jpeg',NULL,0,0,0,0,0,'1715081537390'),(250,NULL,31,NULL,'	100 ml',NULL,NULL,2,'https://kaynat.nescostore.com/public/backend/kaynat.jpeg','kaynat.jpeg',NULL,1,0,0,0,0,'1715081733396'),(251,NULL,31,NULL,'	250 ml',NULL,NULL,2,'https://kaynat.nescostore.com/public/backend/kaynat.jpeg','kaynat.jpeg',NULL,1,0,0,0,0,'1715081764205'),(252,NULL,31,NULL,'	500 ml',NULL,NULL,2,'https://kaynat.nescostore.com/public/backend/kaynat.jpeg','kaynat.jpeg',NULL,1,0,0,0,0,'1715081792390'),(253,NULL,30,NULL,' 	80',NULL,NULL,1,'https://kaynat.nescostore.com/public/backend/kaynat.jpeg','kaynat.jpeg',NULL,0,0,0,0,0,'1715081906864'),(254,NULL,30,NULL,' 	180',NULL,NULL,1,'https://kaynat.nescostore.com/public/backend/kaynat.jpeg','kaynat.jpeg',NULL,0,0,0,0,0,'1715081935408'),(255,NULL,30,NULL,' 	350',NULL,NULL,1,'https://kaynat.nescostore.com/public/backend/kaynat.jpeg','kaynat.jpeg',NULL,0,0,0,0,0,'1715081959149'),(256,NULL,32,NULL,' 	40',NULL,NULL,1,'https://kaynat.nescostore.com/public/backend/kaynat.jpeg','kaynat.jpeg',NULL,1,0,0,0,0,'1715083556821'),(257,NULL,32,NULL,' 	50',NULL,NULL,1,'https://kaynat.nescostore.com/public/backend/kaynat.jpeg','kaynat.jpeg',NULL,1,0,0,0,0,'1715083583899'),(258,NULL,32,NULL,' 	100',NULL,NULL,1,'https://kaynat.nescostore.com/public/backend/kaynat.jpeg','kaynat.jpeg',NULL,1,0,0,0,0,'1715083614865'),(259,NULL,32,NULL,' 	70',NULL,NULL,1,'https://kaynat.nescostore.com/public/backend/kaynat.jpeg','kaynat.jpeg',NULL,1,0,0,0,0,'1715083672567'),(260,NULL,32,NULL,'  	 20',NULL,NULL,1,'https://kaynat.nescostore.com/public/backend/kaynat.jpeg','kaynat.jpeg',NULL,1,0,0,0,0,'1715083697722'),(261,NULL,32,NULL,'  40',NULL,NULL,1,'https://kaynat.nescostore.com/public/backend/kaynat.jpeg','kaynat.jpeg',NULL,1,0,0,0,0,'1715083728984'),(262,NULL,32,NULL,'	20',NULL,NULL,1,'https://kaynat.nescostore.com/public/backend/kaynat.jpeg','kaynat.jpeg',NULL,1,0,0,0,0,'1715083749112'),(263,NULL,32,NULL,' 	70',NULL,NULL,1,'https://kaynat.nescostore.com/public/backend/kaynat.jpeg','kaynat.jpeg',NULL,1,0,0,0,0,'1715083776850'),(264,NULL,32,NULL,' 	30 ml',NULL,NULL,5,'https://kaynat.nescostore.com/public/backend/kaynat.jpeg','kaynat.jpeg',NULL,0,0,0,0,0,'1715083814961'),(265,NULL,32,NULL,' 	100',NULL,NULL,3,'https://kaynat.nescostore.com/public/backend/kaynat.jpeg','kaynat.jpeg',NULL,0,0,0,0,0,'1715083833434'),(266,NULL,32,NULL,'  50',NULL,NULL,3,'https://kaynat.nescostore.com/public/backend/kaynat.jpeg','kaynat.jpeg',NULL,1,0,0,0,0,'1715083858350'),(267,NULL,33,NULL,' 	100',NULL,NULL,3,'https://kaynat.nescostore.com/public/backend/kaynat.jpeg','kaynat.jpeg',NULL,1,0,0,0,0,'1715084063835'),(268,NULL,33,NULL,' 	200',NULL,NULL,3,'https://kaynat.nescostore.com/public/backend/kaynat.jpeg','kaynat.jpeg',NULL,1,0,0,0,0,'1715084091474'),(269,NULL,33,NULL,'   400',NULL,NULL,3,'https://kaynat.nescostore.com/public/backend/kaynat.jpeg','kaynat.jpeg',NULL,1,0,0,0,0,'1715084116160'),(270,NULL,33,NULL,' 	100',NULL,NULL,1,'https://kaynat.nescostore.com/public/backend/kaynat.jpeg','kaynat.jpeg',NULL,0,0,0,0,0,'1715084138354'),(271,NULL,33,NULL,' 	200',NULL,NULL,1,'https://kaynat.nescostore.com/public/backend/kaynat.jpeg','kaynat.jpeg',NULL,0,0,0,0,0,'1715084158756'),(272,NULL,33,NULL,' 	400',NULL,NULL,1,'https://kaynat.nescostore.com/public/backend/kaynat.jpeg','kaynat.jpeg',NULL,0,0,0,0,0,'1715084178203'),(273,NULL,33,NULL,' 	100',NULL,NULL,3,'https://kaynat.nescostore.com/public/backend/kaynat.jpeg','kaynat.jpeg',NULL,1,0,0,0,0,'1715084243558'),(274,NULL,33,NULL,' 	200',NULL,NULL,3,'https://kaynat.nescostore.com/public/backend/kaynat.jpeg','kaynat.jpeg',NULL,1,0,0,0,0,'1715084267119'),(275,NULL,33,NULL,' 	400',NULL,NULL,3,'https://kaynat.nescostore.com/public/backend/kaynat.jpeg','kaynat.jpeg',NULL,1,0,0,0,0,'1715084303350'),(276,NULL,33,NULL,' 	100',NULL,NULL,3,'https://kaynat.nescostore.com/public/backend/kaynat.jpeg','kaynat.jpeg',NULL,1,0,0,0,0,'1715084326670'),(277,NULL,33,NULL,' 	200',NULL,NULL,3,'https://kaynat.nescostore.com/public/backend/kaynat.jpeg','kaynat.jpeg',NULL,1,0,0,0,0,'1715084353906'),(278,NULL,33,NULL,' 	400',NULL,NULL,3,'https://kaynat.nescostore.com/public/backend/kaynat.jpeg','kaynat.jpeg',NULL,1,0,0,0,0,'1715084376830'),(279,NULL,32,NULL,'	15',NULL,NULL,3,'https://kaynat.nescostore.com/public/backend/kaynat.jpeg','kaynat.jpeg',NULL,1,0,0,0,0,'1715084450517'),(280,NULL,34,NULL,' 	80 ',NULL,NULL,5,'https://kaynat.nescostore.com/public/backend/kaynat.jpeg','kaynat.jpeg',NULL,1,0,0,0,0,'1715084602784'),(281,NULL,34,NULL,' 	100 ',NULL,NULL,5,'https://kaynat.nescostore.com/public/backend/kaynat.jpeg','kaynat.jpeg',NULL,1,0,0,0,0,'1715084632914'),(282,NULL,34,NULL,' 	200 ',NULL,NULL,5,'https://kaynat.nescostore.com/public/backend/kaynat.jpeg','kaynat.jpeg',NULL,1,0,0,0,0,'1715084693454'),(283,NULL,34,NULL,' 	500 ',NULL,NULL,5,'https://kaynat.nescostore.com/public/backend/kaynat.jpeg','kaynat.jpeg',NULL,1,0,0,0,0,'1715084723166'),(284,NULL,34,NULL,' 	1000 ',NULL,NULL,5,'https://kaynat.nescostore.com/public/backend/kaynat.jpeg','kaynat.jpeg',NULL,0,0,0,0,0,'1715084745996'),(285,NULL,32,NULL,'  (6%)	25',NULL,NULL,3,'https://kaynat.nescostore.com/public/backend/kaynat.jpeg','kaynat.jpeg',NULL,0,0,0,0,0,'1715084970960'),(286,NULL,32,NULL,' 	45',NULL,NULL,3,'https://kaynat.nescostore.com/public/backend/kaynat.jpeg','kaynat.jpeg',NULL,1,0,0,0,0,'1715085015963'),(287,NULL,32,NULL,' 	90',NULL,NULL,3,'https://kaynat.nescostore.com/public/backend/kaynat.jpeg','kaynat.jpeg',NULL,0,0,0,0,0,'1715085039878'),(288,NULL,32,NULL,' 	180',NULL,NULL,3,'https://kaynat.nescostore.com/public/backend/kaynat.jpeg','kaynat.jpeg',NULL,1,0,0,0,0,'1715085066790'),(289,NULL,35,NULL,'  20',NULL,NULL,1,'https://kaynat.nescostore.com/public/backend/kaynat.jpeg','kaynat.jpeg',NULL,1,0,0,0,0,'1715085220256'),(290,NULL,35,NULL,'  20',NULL,NULL,3,'https://kaynat.nescostore.com/public/backend/kaynat.jpeg','kaynat.jpeg',NULL,1,0,0,0,0,'1715085245391'),(291,NULL,35,NULL,' 	20',NULL,NULL,1,'https://kaynat.nescostore.com/public/backend/kaynat.jpeg','kaynat.jpeg',NULL,0,0,0,0,0,'1715085264321'),(292,NULL,35,NULL,'   20',NULL,NULL,3,'https://kaynat.nescostore.com/public/backend/kaynat.jpeg','kaynat.jpeg',NULL,1,0,0,0,0,'1715085286855'),(293,NULL,35,NULL,'  	25',NULL,NULL,1,'https://kaynat.nescostore.com/public/backend/kaynat.jpeg','kaynat.jpeg',NULL,1,0,0,0,0,'1715085311361'),(294,NULL,35,NULL,'  	25',NULL,NULL,1,'https://kaynat.nescostore.com/public/backend/kaynat.jpeg','kaynat.jpeg',NULL,1,0,0,0,0,'1715085331115'),(295,NULL,36,NULL,' ',NULL,NULL,2,'https://kaynat.nescostore.com/public/backend/kaynat.jpeg','kaynat.jpeg',NULL,1,0,0,0,0,'1715085621326'),(296,NULL,37,NULL,' 	220 ',NULL,NULL,5,'https://kaynat.nescostore.com/public/backend/kaynat.jpeg','kaynat.jpeg',NULL,1,0,0,0,0,'1715088543901'),(297,NULL,37,NULL,' 	221 ',NULL,NULL,5,'https://kaynat.nescostore.com/public/backend/kaynat.jpeg','kaynat.jpeg',NULL,1,0,0,0,0,'1715088580602'),(298,NULL,37,NULL,' 	222 ',NULL,NULL,5,'https://kaynat.nescostore.com/public/backend/kaynat.jpeg','kaynat.jpeg',NULL,1,0,0,0,0,'1715088612670'),(299,NULL,37,NULL,' 	223 ',NULL,NULL,5,'https://kaynat.nescostore.com/public/backend/kaynat.jpeg','kaynat.jpeg',NULL,1,0,0,0,0,'1715088639445'),(300,NULL,38,NULL,'    - 5',NULL,NULL,1,'https://kaynat.nescostore.com/public/backend/kaynat.jpeg','kaynat.jpeg',NULL,1,0,0,0,0,'1715089821668'),(301,NULL,38,NULL,'    -  5',NULL,NULL,1,'https://kaynat.nescostore.com/public/backend/kaynat.jpeg','kaynat.jpeg',NULL,1,0,0,0,0,'1715089848189'),(302,NULL,38,NULL,'      5',NULL,NULL,1,'https://kaynat.nescostore.com/public/backend/kaynat.jpeg','kaynat.jpeg',NULL,1,0,0,0,0,'1715089899668'),(303,NULL,38,NULL,'     ',NULL,NULL,1,'https://kaynat.nescostore.com/public/backend/kaynat.jpeg','kaynat.jpeg',NULL,1,0,0,0,0,'1715089929842'),(304,NULL,38,NULL,'     ',NULL,NULL,1,'https://kaynat.nescostore.com/public/backend/kaynat.jpeg','kaynat.jpeg',NULL,1,0,0,0,0,'1715089971249'),(305,NULL,38,NULL,'     42',NULL,NULL,1,'https://kaynat.nescostore.com/public/backend/kaynat.jpeg','kaynat.jpeg',NULL,1,0,0,0,0,'1715090024997'),(306,NULL,38,NULL,'     40',NULL,NULL,1,'https://kaynat.nescostore.com/public/backend/kaynat.jpeg','kaynat.jpeg',NULL,1,0,0,0,0,'1715090059116'),(307,NULL,38,NULL,'     36',NULL,NULL,1,'https://kaynat.nescostore.com/public/backend/kaynat.jpeg','kaynat.jpeg',NULL,1,0,0,0,0,'1715090091861'),(308,NULL,38,NULL,'     32',NULL,NULL,1,'https://kaynat.nescostore.com/public/backend/kaynat.jpeg','kaynat.jpeg',NULL,1,0,0,0,0,'1715090282768'),(309,NULL,38,NULL,'      32',NULL,NULL,1,'https://kaynat.nescostore.com/public/backend/kaynat.jpeg','kaynat.jpeg',NULL,1,0,0,0,0,'1715090352336'),(310,NULL,39,NULL,'     x     ',NULL,NULL,2,'https://kaynat.nescostore.com/public/backend/kaynat.jpeg','kaynat.jpeg',NULL,1,0,0,0,0,'1715147430603'),(311,NULL,39,NULL,'     x      & ',NULL,NULL,2,'https://kaynat.nescostore.com/public/backend/kaynat.jpeg','kaynat.jpeg',NULL,1,0,0,0,0,'1715147497250'),(312,NULL,39,NULL,'     x     ',NULL,NULL,2,'https://kaynat.nescostore.com/public/backend/kaynat.jpeg','kaynat.jpeg',NULL,1,0,0,0,0,'1715147582745'),(313,NULL,39,NULL,'     x      & ',NULL,NULL,2,'https://kaynat.nescostore.com/public/backend/kaynat.jpeg','kaynat.jpeg',NULL,1,0,0,0,0,'1715147619248'),(314,NULL,39,NULL,'     x     ',NULL,NULL,2,'https://kaynat.nescostore.com/public/backend/kaynat.jpeg','kaynat.jpeg',NULL,1,0,0,0,0,'1715147651189'),(315,NULL,39,NULL,'     x      & ',NULL,NULL,2,'https://kaynat.nescostore.com/public/backend/kaynat.jpeg','kaynat.jpeg',NULL,1,0,0,0,0,'1715147686949'),(316,NULL,39,NULL,'     x     ',NULL,NULL,2,'https://kaynat.nescostore.com/public/backend/kaynat.jpeg','kaynat.jpeg',NULL,1,0,0,0,0,'1715147741225'),(317,NULL,39,NULL,'     x      & ',NULL,NULL,2,'https://kaynat.nescostore.com/public/backend/kaynat.jpeg','kaynat.jpeg',NULL,1,0,0,0,0,'1715147770240'),(318,NULL,39,NULL,'     x     ',NULL,NULL,2,'https://kaynat.nescostore.com/public/backend/kaynat.jpeg','kaynat.jpeg',NULL,1,0,0,0,0,'1715147807850'),(319,NULL,39,NULL,'     x      & ',NULL,NULL,2,'https://kaynat.nescostore.com/public/backend/kaynat.jpeg','kaynat.jpeg',NULL,1,0,0,0,0,'1715147842837'),(320,NULL,39,NULL,'     x     ',NULL,NULL,2,'https://kaynat.nescostore.com/public/backend/kaynat.jpeg','kaynat.jpeg',NULL,1,0,0,0,0,'1715147907790'),(321,NULL,40,NULL,'    x     ',NULL,NULL,2,'https://kaynat.nescostore.com/public/backend/kaynat.jpeg','kaynat.jpeg',NULL,1,0,0,0,0,'1715148211906'),(322,NULL,40,NULL,'    x      & ',NULL,NULL,2,'https://kaynat.nescostore.com/public/backend/kaynat.jpeg','kaynat.jpeg',NULL,1,0,0,0,0,'1715148251304'),(323,NULL,40,NULL,'    x    Perfumed',NULL,NULL,2,'https://kaynat.nescostore.com/public/backend/kaynat.jpeg','kaynat.jpeg',NULL,1,0,0,0,0,'1715148375774'),(324,NULL,40,NULL,'    x      (NEW MRP)',NULL,NULL,2,'https://kaynat.nescostore.com/public/backend/kaynat.jpeg','kaynat.jpeg',NULL,1,0,0,0,0,'1715148499370'),(325,NULL,40,NULL,'    x    Restaurant Perfume',NULL,NULL,2,'https://kaynat.nescostore.com/public/backend/kaynat.jpeg','kaynat.jpeg',NULL,1,0,0,0,0,'1715148589836'),(326,NULL,41,NULL,'    ',NULL,NULL,7,'https://kaynat.nescostore.com/public/backend/kaynat.jpeg','kaynat.jpeg',NULL,1,0,0,0,0,'1715148953383'),(327,NULL,41,NULL,'    ',NULL,NULL,7,'https://kaynat.nescostore.com/public/backend/kaynat.jpeg','kaynat.jpeg',NULL,1,0,0,0,0,'1715148982451'),(328,NULL,41,NULL,'    Gold',NULL,NULL,7,'https://kaynat.nescostore.com/public/backend/kaynat.jpeg','kaynat.jpeg',NULL,1,0,0,0,0,'1715149023474'),(329,NULL,41,NULL,' ( ) -',NULL,NULL,1,'https://kaynat.nescostore.com/public/backend/kaynat.jpeg','kaynat.jpeg',NULL,1,0,0,0,0,'1715149115116'),(330,NULL,42,NULL,'       ',NULL,NULL,2,'https://kaynat.nescostore.com/public/backend/kaynat.jpeg','kaynat.jpeg',NULL,1,0,0,0,0,'1715149369633'),(331,NULL,42,NULL,'       ()',NULL,NULL,2,'https://kaynat.nescostore.com/public/backend/kaynat.jpeg','kaynat.jpeg',NULL,1,0,0,0,0,'1715149444243'),(332,NULL,42,NULL,'     ()',NULL,NULL,2,'https://kaynat.nescostore.com/public/backend/kaynat.jpeg','kaynat.jpeg',NULL,1,0,0,0,0,'1715149504261'),(333,NULL,42,NULL,'       ()',NULL,NULL,2,'https://kaynat.nescostore.com/public/backend/kaynat.jpeg','kaynat.jpeg',NULL,0,0,0,0,0,'1715149545250'),(334,NULL,42,NULL,'       ()',NULL,NULL,1,'https://kaynat.nescostore.com/public/backend/kaynat.jpeg','kaynat.jpeg',NULL,0,0,0,0,0,'1715149575997'),(335,NULL,42,NULL,'    \"    ',NULL,NULL,1,'https://kaynat.nescostore.com/public/backend/kaynat.jpeg','kaynat.jpeg',NULL,0,0,0,0,0,'1715149668809'),(336,NULL,42,NULL,'    \" ',NULL,NULL,1,'https://kaynat.nescostore.com/public/backend/kaynat.jpeg','kaynat.jpeg',NULL,0,0,0,0,0,'1715149701182'),(337,NULL,43,NULL,'   15 pcs',NULL,NULL,2,'https://kaynat.nescostore.com/public/backend/kaynat.jpeg','kaynat.jpeg',NULL,1,0,0,0,0,'1715150547255'),(338,NULL,43,NULL,'   10 pcs',NULL,NULL,2,'https://kaynat.nescostore.com/public/backend/kaynat.jpeg','kaynat.jpeg',NULL,1,0,0,0,0,'1715150644161'),(339,NULL,43,NULL,'   8 pcs',NULL,NULL,2,'https://kaynat.nescostore.com/public/backend/kaynat.jpeg','kaynat.jpeg',NULL,1,0,0,0,0,'1715150708498'),(340,NULL,43,NULL,'    8 pcs',NULL,NULL,2,'https://kaynat.nescostore.com/public/backend/kaynat.jpeg','kaynat.jpeg',NULL,1,0,0,0,0,'1715150826255'),(341,NULL,43,NULL,'     15 pcs',NULL,NULL,2,'https://kaynat.nescostore.com/public/backend/kaynat.jpeg','kaynat.jpeg',NULL,1,0,0,0,0,'1715150911306'),(342,NULL,43,NULL,'    8 pcs',NULL,NULL,2,'https://kaynat.nescostore.com/public/backend/kaynat.jpeg','kaynat.jpeg',NULL,1,0,0,0,0,'1715150953349'),(343,NULL,43,NULL,'    15 pcs',NULL,NULL,2,'https://kaynat.nescostore.com/public/backend/kaynat.jpeg','kaynat.jpeg',NULL,1,0,0,0,0,'1715151006178'),(344,NULL,38,NULL,'   () 120',NULL,NULL,2,'https://kaynat.nescostore.com/public/backend/kaynat.jpeg','kaynat.jpeg',NULL,1,0,0,0,0,'1715151547734'),(345,NULL,38,NULL,'  () 160',NULL,NULL,2,'https://kaynat.nescostore.com/public/backend/kaynat.jpeg','kaynat.jpeg',NULL,1,0,0,0,0,'1715151633517'),(346,NULL,38,NULL,'   () 120',NULL,NULL,2,'https://kaynat.nescostore.com/public/backend/kaynat.jpeg','kaynat.jpeg',NULL,1,0,0,0,0,'1715151683141'),(347,NULL,38,NULL,'   () 240',NULL,NULL,2,'https://kaynat.nescostore.com/public/backend/kaynat.jpeg','kaynat.jpeg',NULL,1,0,0,0,0,'1715151725419'),(349,NULL,45,NULL,' ',NULL,NULL,3,'https://bismillah.breachsoft.com/public/backend/images/product/030624download.jpeg','030624download.jpeg',NULL,1,0,0,0,0,'1717424034985'),(350,NULL,45,NULL,' ',NULL,NULL,3,'https://bismillah.breachsoft.com/public/backend/images/product/030624download (1).jpeg','030624download (1).jpeg',NULL,0,0,0,0,0,'1717424198734'),(351,NULL,45,NULL,'',NULL,NULL,3,'https://bismillah.breachsoft.com/public/backend/images/product/030624images.jpeg','030624images.jpeg',NULL,1,0,0,0,0,'1717424278427'),(352,NULL,45,NULL,'sugar',NULL,NULL,4,'https://bismillah.breachsoft.com/public/backend/images/product/030624fundamental-radar-why-balrampur-chini-is-well-placed-to-ride-over-ethanol-production-restrictions.webp','030624fundamental-radar-why-balrampur-chini-is-well-placed-to-ride-over-ethanol-production-restrictions.webp',NULL,1,0,0,0,0,'1717424346468'),(354,NULL,47,NULL,'  ',NULL,NULL,1,NULL,'kaynat.jpeg',NULL,1,0,0,0,0,'1717580309186'),(355,NULL,47,NULL,'  ',NULL,NULL,1,NULL,'kaynat.jpeg',NULL,1,0,0,0,0,'1717580352954'),(356,NULL,47,NULL,'  M M',NULL,NULL,1,NULL,'kaynat.jpeg',NULL,1,0,0,0,0,'1717580994962'),(357,NULL,47,NULL,'  M P',NULL,NULL,1,NULL,'kaynat.jpeg',NULL,1,0,0,0,0,'1717581044385'),(358,NULL,47,NULL,'     ',NULL,NULL,1,NULL,'kaynat.jpeg',NULL,1,0,0,0,0,'1717581097166'),(359,NULL,47,NULL,'   ',NULL,NULL,1,NULL,'kaynat.jpeg',NULL,1,0,0,0,0,'1717581124847'),(360,NULL,47,NULL,'  M M ',NULL,NULL,1,NULL,'kaynat.jpeg',NULL,1,0,0,0,0,'1717582239973'),(361,NULL,47,NULL,'    ',NULL,NULL,1,NULL,'kaynat.jpeg',NULL,1,0,0,0,0,'1717582371918'),(362,NULL,47,NULL,'   ',NULL,NULL,1,NULL,'kaynat.jpeg',NULL,1,0,0,0,0,'1717582416204'),(363,NULL,47,NULL,'  M M ',NULL,NULL,1,NULL,'kaynat.jpeg',NULL,1,0,0,0,0,'1717582570101'),(364,NULL,47,NULL,'  M P ',NULL,NULL,1,NULL,'kaynat.jpeg',NULL,1,0,0,0,0,'1717582591778'),(365,NULL,47,NULL,'    ',NULL,NULL,1,NULL,'kaynat.jpeg',NULL,1,0,0,0,0,'1717582634190'),(366,NULL,47,NULL,'   ',NULL,NULL,1,NULL,'kaynat.jpeg',NULL,1,0,0,0,0,'1717582668278'),(367,NULL,47,NULL,'  M M ',NULL,NULL,1,NULL,'kaynat.jpeg',NULL,1,0,0,0,0,'1717582712788'),(368,NULL,47,NULL,'  M P ',NULL,NULL,1,NULL,'kaynat.jpeg',NULL,1,0,0,0,0,'1717582736112'),(369,NULL,47,NULL,'    ',NULL,NULL,1,NULL,'kaynat.jpeg',NULL,1,0,0,0,0,'1717582803972'),(370,NULL,47,NULL,'    ',NULL,NULL,1,NULL,'kaynat.jpeg',NULL,1,0,0,0,0,'1717582869954'),(371,NULL,47,NULL,'  M M ',NULL,NULL,1,NULL,'kaynat.jpeg',NULL,1,0,0,0,0,'1717582901437'),(372,NULL,47,NULL,'  M Square ',NULL,NULL,1,NULL,'kaynat.jpeg',NULL,1,0,0,0,0,'1717583030664'),(373,NULL,47,NULL,'   ',NULL,NULL,1,NULL,'kaynat.jpeg',NULL,1,0,0,0,0,'1717583148175'),(374,NULL,47,NULL,'  M M ',NULL,NULL,1,NULL,'kaynat.jpeg',NULL,1,0,0,0,0,'1717583196503'),(375,NULL,47,NULL,'Student Large Bangla 84',NULL,NULL,1,NULL,'kaynat.jpeg',NULL,1,0,0,0,0,'1717583407776'),(376,NULL,47,NULL,'Student Large English 84',NULL,NULL,1,NULL,'kaynat.jpeg',NULL,1,0,0,0,0,'1717583449229'),(377,NULL,47,NULL,'Student Large M M 84',NULL,NULL,1,NULL,'kaynat.jpeg',NULL,1,0,0,0,0,'1717583489227'),(378,NULL,47,NULL,'Student Large M P 84',NULL,NULL,1,NULL,'kaynat.jpeg',NULL,1,0,0,0,0,'1717583923747'),(379,NULL,47,NULL,'Student Large Bangla 104',NULL,NULL,1,NULL,'kaynat.jpeg',NULL,1,0,0,0,0,'1717583958488'),(380,NULL,47,NULL,'Student Large English 104',NULL,NULL,1,NULL,'kaynat.jpeg',NULL,1,0,0,0,0,'1717584003587'),(381,NULL,47,NULL,'Student Large M M 104',NULL,NULL,1,NULL,'kaynat.jpeg',NULL,1,0,0,0,0,'1717584038192'),(382,NULL,47,NULL,'Student Large Math Plain 104',NULL,NULL,1,NULL,'kaynat.jpeg',NULL,1,0,0,0,0,'1717584072472'),(383,NULL,47,NULL,'Sewing Standard Large Bangla 84',NULL,NULL,1,NULL,'kaynat.jpeg',NULL,1,0,0,0,0,'1717592823885'),(384,NULL,47,NULL,'Sewing Standard Large English 84',NULL,NULL,1,NULL,'kaynat.jpeg',NULL,1,0,0,0,0,'1717592849928'),(385,NULL,47,NULL,'Sewing Standard Large M M 84',NULL,NULL,1,NULL,'kaynat.jpeg',NULL,1,0,0,0,0,'1717592890559'),(386,NULL,47,NULL,'Sewing Standard Large M P 84',NULL,NULL,1,NULL,'kaynat.jpeg',NULL,1,0,0,0,0,'1717592927141'),(387,NULL,47,NULL,'Sewing Standard Large Bangla 124',NULL,NULL,1,NULL,'kaynat.jpeg',NULL,1,0,0,0,0,'1717592963509'),(388,NULL,47,NULL,'Sewing Standard Large English 124',NULL,NULL,1,NULL,'kaynat.jpeg',NULL,1,0,0,0,0,'1717592988649'),(389,NULL,47,NULL,'Sewing Standard Large M M 124',NULL,NULL,1,NULL,'kaynat.jpeg',NULL,1,0,0,0,0,'1717593050836'),(390,NULL,47,NULL,'Sewing Standard Large M M 204',NULL,NULL,1,NULL,'kaynat.jpeg',NULL,1,0,0,0,0,'1717593077193'),(391,NULL,47,NULL,'A4 (65 GSM)',NULL,NULL,1,NULL,'kaynat.jpeg',NULL,1,0,0,0,0,'1717594494323'),(392,NULL,47,NULL,'A4 (70 GSM)',NULL,NULL,1,NULL,'kaynat.jpeg',NULL,1,0,0,0,0,'1717594583440'),(393,NULL,47,NULL,'A4 70 GSM Without Carton',NULL,NULL,1,NULL,'kaynat.jpeg',NULL,1,0,0,0,0,'1717594634998'),(394,NULL,47,NULL,'A4 (80 GSM)',NULL,NULL,1,NULL,'kaynat.jpeg',NULL,1,0,0,0,0,'1717594661623'),(395,NULL,47,NULL,'A4 80 GSM Without Carton',NULL,NULL,1,NULL,'kaynat.jpeg',NULL,1,0,0,0,0,'1717594688684'),(396,NULL,47,NULL,'A4 (100 GSM)',NULL,NULL,1,NULL,'kaynat.jpeg',NULL,0,0,0,0,0,'1717594718663'),(397,NULL,47,NULL,'11.5\' * 18\' (GSM-55)',NULL,NULL,1,NULL,'kaynat.jpeg',NULL,1,0,0,0,0,'1717594921277'),(398,NULL,47,NULL,'11.5\' * 18\' (GSM-50)',NULL,NULL,1,NULL,'kaynat.jpeg',NULL,1,0,0,0,0,'1717594947537'),(399,NULL,47,NULL,'11.5\' * 17.5\' (GSM-55)',NULL,NULL,1,NULL,'kaynat.jpeg',NULL,1,0,0,0,0,'1717595023155'),(400,NULL,47,NULL,'11.5\' * 17.5\' (GSM-50)',NULL,NULL,1,NULL,'kaynat.jpeg',NULL,1,0,0,0,0,'1717595063684'),(401,NULL,47,NULL,'10.5\' * 17\' (GSM-42)',NULL,NULL,1,NULL,'kaynat.jpeg',NULL,1,0,0,0,0,'1717595132341'),(402,NULL,47,NULL,'10\' * 16\' (GSM-42)',NULL,NULL,1,NULL,'kaynat.jpeg',NULL,1,0,0,0,0,'1717595203856'),(403,NULL,47,NULL,'11\' * 18\' (GSM-55)',NULL,NULL,1,NULL,'kaynat.jpeg',NULL,1,0,0,0,0,'1717595248491'),(404,NULL,47,NULL,'11\' * 18\' (GSM-50)',NULL,NULL,1,NULL,'kaynat.jpeg',NULL,1,0,0,0,0,'1717595274194'),(405,NULL,47,NULL,'A3 11.75 * 16.50 GSM_50',NULL,NULL,1,NULL,'kaynat.jpeg',NULL,1,0,0,0,0,'1717595392265'),(406,NULL,47,NULL,'Legal 8.50\' * 14\' (GSM-80)',NULL,NULL,1,NULL,'kaynat.jpeg',NULL,1,0,0,0,0,'1717595507556'),(407,NULL,47,NULL,'Classroom',NULL,NULL,1,NULL,'kaynat.jpeg',NULL,1,0,0,0,0,'1717596240846'),(408,NULL,47,NULL,'Classroom (Jar)',NULL,NULL,8,NULL,'kaynat.jpeg',NULL,1,0,0,0,0,'1717596275835'),(409,NULL,47,NULL,'Sailor',NULL,NULL,7,NULL,'kaynat.jpeg',NULL,1,0,0,0,0,'1717596313897'),(410,NULL,47,NULL,'Campus (Black)',NULL,NULL,1,NULL,'kaynat.jpeg',NULL,1,0,0,0,0,'1717596349173'),(411,NULL,47,NULL,'Campus (Blue)',NULL,NULL,1,NULL,'kaynat.jpeg',NULL,1,0,0,0,0,'1717596375769'),(412,NULL,47,NULL,'Campus (Red)',NULL,NULL,1,NULL,'kaynat.jpeg',NULL,1,0,0,0,0,'1717596397657'),(413,NULL,47,NULL,'Shine',NULL,NULL,1,NULL,'kaynat.jpeg',NULL,0,0,0,0,0,'1717596456954'),(414,NULL,47,NULL,'Shine Box',NULL,NULL,8,NULL,'kaynat.jpeg',NULL,1,0,0,0,0,'1717596482550'),(415,NULL,47,NULL,'Good Day',NULL,NULL,1,NULL,'kaynat.jpeg',NULL,1,0,0,0,0,'1717596501295'),(416,NULL,47,NULL,'Good Day Black',NULL,NULL,8,NULL,'kaynat.jpeg',NULL,1,0,0,0,0,'1717596581120'),(417,NULL,47,NULL,'Sprint',NULL,NULL,1,NULL,'kaynat.jpeg',NULL,1,0,0,0,0,'1717596616238'),(418,NULL,47,NULL,'Emoji',NULL,NULL,1,NULL,'kaynat.jpeg',NULL,1,0,0,0,0,'1717596650435'),(419,NULL,47,NULL,'All Rounder',NULL,NULL,1,NULL,'kaynat.jpeg',NULL,1,0,0,0,0,'1717596682507'),(420,NULL,47,NULL,'Fresh Icon',NULL,NULL,1,NULL,'kaynat.jpeg',NULL,1,0,0,0,0,'1717596712845'),(421,NULL,47,NULL,'Fresh Icon ( Signature)',NULL,NULL,1,NULL,'kaynat.jpeg',NULL,1,0,0,0,0,'1717596816196'),(422,NULL,47,NULL,'Captain HB',NULL,NULL,2,NULL,'kaynat.jpeg',NULL,1,0,0,0,0,'1717596868907'),(423,NULL,47,NULL,'Campus HB',NULL,NULL,2,NULL,'kaynat.jpeg',NULL,1,0,0,0,0,'1717596888230'),(424,NULL,47,NULL,'Campus 2B',NULL,NULL,2,NULL,'kaynat.jpeg',NULL,1,0,0,0,0,'1717658348422'),(425,NULL,47,NULL,'Campus 4B',NULL,NULL,2,NULL,'kaynat.jpeg',NULL,1,0,0,0,0,'1717658370453'),(426,NULL,47,NULL,'Campus Eraser Big',NULL,NULL,8,NULL,'kaynat.jpeg',NULL,1,0,0,0,0,'1717658428713'),(427,NULL,47,NULL,'Campus Eraser Small',NULL,NULL,8,NULL,'kaynat.jpeg',NULL,1,0,0,0,0,'1717658446782'),(428,NULL,47,NULL,'Fresh Captain Sharpener Small',NULL,NULL,8,NULL,'kaynat.jpeg',NULL,1,0,0,0,0,'1717658548671'),(429,NULL,47,NULL,'Fresh Captain Sharpener Big',NULL,NULL,8,NULL,'kaynat.jpeg',NULL,1,0,0,0,0,'1717658573618'),(430,NULL,47,NULL,'Fresh Campus Scale 15 Cm',NULL,NULL,8,NULL,'kaynat.jpeg',NULL,1,0,0,0,0,'1717658659989'),(431,NULL,47,NULL,'Fresh Campus Scale 30 Cm',NULL,NULL,8,NULL,'kaynat.jpeg',NULL,1,0,0,0,0,'1717658677878'),(432,NULL,47,NULL,'Fresh Pencil Box small',NULL,NULL,8,NULL,'kaynat.jpeg',NULL,1,0,0,0,0,'1717658705734'),(433,NULL,47,NULL,'Fresh Campus Clip Board',NULL,NULL,1,NULL,'kaynat.jpeg',NULL,1,0,0,0,0,'1717658735202'),(434,NULL,47,NULL,'Fresh Campus Perfumed Em',NULL,NULL,8,NULL,'kaynat.jpeg',NULL,1,0,0,0,0,'1717658901567'),(435,NULL,47,NULL,'Fresh Spark',NULL,NULL,8,NULL,'kaynat.jpeg',NULL,1,0,0,0,0,'1717658934639'),(436,NULL,47,NULL,'Fresh Spark Blue',NULL,NULL,1,NULL,'kaynat.jpeg',NULL,0,0,0,0,0,'1717659092577'),(437,NULL,45,NULL,'   ',NULL,NULL,2,NULL,'kaynat.jpeg',NULL,1,0,0,0,0,'1717995976824'),(438,NULL,45,NULL,'   ',NULL,NULL,4,NULL,'kaynat.jpeg',NULL,1,0,0,0,0,'1717996032192'),(439,NULL,45,NULL,'   ',NULL,NULL,2,NULL,'kaynat.jpeg',NULL,1,0,0,0,0,'1717996147173'),(440,NULL,45,NULL,'   ',NULL,NULL,4,NULL,'kaynat.jpeg',NULL,1,0,0,0,0,'1717996185239'),(441,NULL,45,NULL,'  250 ',NULL,NULL,2,NULL,'kaynat.jpeg',NULL,1,0,0,0,0,'1717996214580'),(442,NULL,45,NULL,'   ',NULL,NULL,2,NULL,'kaynat.jpeg',NULL,1,0,0,0,0,'1717996243738'),(443,NULL,45,NULL,'   ',NULL,NULL,4,NULL,'kaynat.jpeg',NULL,1,0,0,0,0,'1717996355921'),(444,NULL,32,NULL,'   ',NULL,NULL,1,NULL,'kaynat.jpeg',NULL,1,0,0,0,0,'1719722331124'),(445,NULL,32,NULL,'  200 ',NULL,NULL,1,NULL,'kaynat.jpeg',NULL,1,0,0,0,0,'1719722419524'),(446,NULL,32,NULL,'  ',NULL,NULL,1,NULL,'kaynat.jpeg',NULL,1,0,0,0,0,'1719722646905'),(447,NULL,32,NULL,'  ',NULL,NULL,1,NULL,'kaynat.jpeg',NULL,1,0,0,0,0,'1719722702741'),(448,NULL,32,NULL,'  ',NULL,NULL,1,NULL,'kaynat.jpeg',NULL,1,0,0,0,0,'1719722731633'),(449,NULL,32,NULL,'  ',NULL,NULL,1,NULL,'kaynat.jpeg',NULL,1,0,0,0,0,'1719722758666'),(450,NULL,32,NULL,'   ',NULL,NULL,1,NULL,'kaynat.jpeg',NULL,1,0,0,0,0,'1719722802819'),(451,NULL,32,NULL,'   ',NULL,NULL,1,NULL,'kaynat.jpeg',NULL,1,0,0,0,0,'1719722831834'),(452,NULL,32,NULL,'  ',NULL,NULL,1,NULL,'kaynat.jpeg',NULL,1,0,0,0,0,'1719722871391'),(453,NULL,32,NULL,'  ',NULL,NULL,1,NULL,'kaynat.jpeg',NULL,1,0,0,0,0,'1719723068604'),(454,NULL,32,NULL,'  ',NULL,NULL,1,NULL,'kaynat.jpeg',NULL,1,0,0,0,0,'1719723140918'),(455,NULL,32,NULL,'  ',NULL,NULL,1,NULL,'kaynat.jpeg',NULL,1,0,0,0,0,'1719723204286'),(456,NULL,30,NULL,' 25 ',NULL,NULL,1,NULL,'kaynat.jpeg',NULL,1,0,0,0,0,'1719724172839'),(457,NULL,48,NULL,' 250 ',NULL,NULL,1,NULL,'kaynat.jpeg',NULL,1,0,0,0,0,'1719805750567'),(458,NULL,48,NULL,' 500 ',NULL,NULL,1,NULL,'kaynat.jpeg',NULL,1,0,0,0,0,'1719805787864'),(459,NULL,48,NULL,'  ',NULL,NULL,1,NULL,'kaynat.jpeg',NULL,1,0,0,0,0,'1719805831577'),(460,NULL,48,NULL,'  ',NULL,NULL,1,NULL,'kaynat.jpeg',NULL,1,0,0,0,0,'1719805862455'),(461,NULL,48,NULL,'   ',NULL,NULL,1,NULL,'kaynat.jpeg',NULL,1,0,0,0,0,'1719805986710'),(462,NULL,48,NULL,' ',NULL,NULL,1,NULL,'kaynat.jpeg',NULL,1,0,0,0,0,'1719806035209'),(463,NULL,48,NULL,' 5 ',NULL,NULL,1,NULL,'kaynat.jpeg',NULL,1,0,0,0,0,'1719806075113'),(464,NULL,48,NULL,'',NULL,NULL,1,NULL,'kaynat.jpeg',NULL,1,0,0,0,0,'1719806777273'),(465,NULL,45,NULL,'wang wang',NULL,NULL,12,NULL,'kaynat.jpeg',NULL,1,0,0,0,0,'1719818718442'),(466,NULL,45,NULL,' ',NULL,NULL,11,NULL,'kaynat.jpeg',NULL,1,0,0,0,0,'1719818788312'),(467,NULL,45,NULL,' ',NULL,NULL,2,NULL,'kaynat.jpeg',NULL,1,0,0,0,0,'1719818823706'),(468,NULL,45,NULL,'  ',NULL,NULL,12,NULL,'kaynat.jpeg',NULL,1,0,0,0,0,'1719818860186'),(469,NULL,45,NULL,'O D',NULL,NULL,12,NULL,'kaynat.jpeg',NULL,1,0,0,0,0,'1719818908550'),(470,NULL,45,NULL,'L D',NULL,NULL,12,NULL,'kaynat.jpeg',NULL,1,0,0,0,0,'1719818920478'),(471,NULL,45,NULL,'',NULL,NULL,2,NULL,'kaynat.jpeg',NULL,1,0,0,0,0,'1719818942300'),(472,NULL,49,NULL,'  ',NULL,NULL,1,NULL,'kaynat.jpeg',NULL,1,0,0,0,0,'1719853943646'),(473,NULL,49,NULL,'  ',NULL,NULL,1,NULL,'kaynat.jpeg',NULL,1,0,0,0,0,'1719853993526'),(474,NULL,49,NULL,' ',NULL,NULL,1,NULL,'kaynat.jpeg',NULL,1,0,0,0,0,'1719854020926'),(475,NULL,49,NULL,'   ',NULL,NULL,1,NULL,'kaynat.jpeg',NULL,1,0,0,0,0,'1719854046856'),(476,NULL,49,NULL,'   ',NULL,NULL,1,NULL,'kaynat.jpeg',NULL,1,0,0,0,0,'1719854066618'),(477,NULL,49,NULL,'   ',NULL,NULL,1,NULL,'kaynat.jpeg',NULL,1,0,0,0,0,'1719854085692'),(478,NULL,49,NULL,'   ',NULL,NULL,1,NULL,'kaynat.jpeg',NULL,1,0,0,0,0,'1719854102328'),(479,NULL,49,NULL,'   ',NULL,NULL,1,NULL,'kaynat.jpeg',NULL,1,0,0,0,0,'1719854118129'),(480,NULL,49,NULL,'   ',NULL,NULL,1,NULL,'kaynat.jpeg',NULL,1,0,0,0,0,'1719854136471'),(481,NULL,49,NULL,' () ',NULL,NULL,7,NULL,'kaynat.jpeg',NULL,1,0,0,0,0,'1719854159564'),(482,NULL,49,NULL,' ()',NULL,NULL,7,NULL,'kaynat.jpeg',NULL,1,0,0,0,0,'1719854176114'),(483,NULL,49,NULL,' () ',NULL,NULL,7,NULL,'kaynat.jpeg',NULL,1,0,0,0,0,'1719854251209'),(484,NULL,49,NULL,'  ()',NULL,NULL,7,NULL,'kaynat.jpeg',NULL,1,0,0,0,0,'1719854269649'),(485,NULL,45,NULL,'  14 ',NULL,NULL,10,NULL,'kaynat.jpeg',NULL,1,0,0,0,0,'1719929708737'),(486,NULL,45,NULL,'  13 ',NULL,NULL,10,NULL,'kaynat.jpeg',NULL,1,0,0,0,0,'1719929786726'),(487,NULL,32,NULL,'  50',NULL,NULL,1,NULL,'kaynat.jpeg',NULL,1,0,0,0,0,'1719981677966'),(488,NULL,45,NULL,'  ',NULL,NULL,11,NULL,'kaynat.jpeg',NULL,1,0,0,0,0,'1720590315942'),(489,NULL,45,NULL,' ',NULL,NULL,2,NULL,'kaynat.jpeg',NULL,1,0,0,0,0,'1720590938540'),(490,NULL,50,NULL,'FLAMA SHOP 125 G',NULL,NULL,1,NULL,'kaynat.jpeg',NULL,1,0,0,0,0,'1720678214541'),(491,NULL,50,NULL,'VIVEL SHOP 100 GM',NULL,NULL,1,NULL,'kaynat.jpeg',NULL,1,0,0,0,0,'1720678571565'),(492,NULL,50,NULL,'  ()',NULL,NULL,1,NULL,'kaynat.jpeg',NULL,1,0,0,0,0,'1721277615129'),(493,NULL,50,NULL,' ',NULL,NULL,1,NULL,'kaynat.jpeg',NULL,1,0,0,0,0,'1721277652873'),(494,NULL,50,NULL,'  ',NULL,NULL,1,NULL,'kaynat.jpeg',NULL,1,0,0,0,0,'1721277729579'),(495,NULL,50,NULL,' 25 ',NULL,NULL,1,NULL,'kaynat.jpeg',NULL,1,0,0,0,0,'1721277848806'),(496,NULL,50,NULL,'  100',NULL,NULL,1,NULL,'kaynat.jpeg',NULL,1,0,0,0,0,'1721277977565'),(497,NULL,50,NULL,' ',NULL,NULL,1,NULL,'kaynat.jpeg',NULL,1,0,0,0,0,'1721278035913'),(498,NULL,50,NULL,'PONDS FW 100 GM',NULL,NULL,1,NULL,'kaynat.jpeg',NULL,1,0,0,0,0,'1721278111346'),(499,NULL,50,NULL,'PONDS BRIGHT BEAUTY',NULL,NULL,1,NULL,'kaynat.jpeg',NULL,1,0,0,0,0,'1721278157466'),(500,NULL,45,NULL,'GLASS JUIC',NULL,NULL,2,NULL,'kaynat.jpeg',NULL,1,0,0,0,0,'1721281815747'),(501,NULL,45,NULL,'ICE POP',NULL,NULL,12,NULL,'kaynat.jpeg',NULL,1,0,0,0,0,'1721281926760'),(502,NULL,45,NULL,' ',NULL,NULL,12,NULL,'kaynat.jpeg',NULL,1,0,0,0,0,'1721281967630'),(503,NULL,45,NULL,'',NULL,NULL,7,NULL,'kaynat.jpeg',NULL,1,0,0,0,0,'1721281988755'),(504,NULL,45,NULL,'  80',NULL,NULL,1,NULL,'kaynat.jpeg',NULL,1,0,0,0,0,'1721282132590'),(505,NULL,45,NULL,'creem bisqut',NULL,NULL,1,NULL,'kaynat.jpeg',NULL,1,0,0,0,0,'1722408499615'),(506,NULL,45,NULL,' ',NULL,NULL,12,NULL,'kaynat.jpeg',NULL,1,0,0,0,0,'1722408702927'),(507,NULL,45,NULL,'',NULL,NULL,7,NULL,'kaynat.jpeg',NULL,1,0,0,0,0,'1722408744809'),(508,NULL,45,NULL,' (5)',NULL,NULL,7,NULL,'kaynat.jpeg',NULL,1,0,0,0,0,'1722408785900'),(509,NULL,45,NULL,' ',NULL,NULL,4,NULL,'kaynat.jpeg',NULL,1,0,0,0,0,'1722408829339'),(510,NULL,45,NULL,' 250',NULL,NULL,1,NULL,'kaynat.jpeg',NULL,1,0,0,0,0,'1722408856172'),(511,NULL,45,NULL,'',NULL,NULL,7,NULL,'kaynat.jpeg',NULL,1,0,0,0,0,'1722408880717'),(512,NULL,45,NULL,' ',NULL,NULL,7,NULL,'kaynat.jpeg',NULL,1,0,0,0,0,'1722408977229'),(513,NULL,45,NULL,'   ',NULL,NULL,12,NULL,'kaynat.jpeg',NULL,1,0,0,0,0,'1722409093763'),(514,NULL,45,NULL,'  ',NULL,NULL,12,NULL,'kaynat.jpeg',NULL,1,0,0,0,0,'1722409335221'),(515,NULL,45,NULL,'shop (10)',NULL,NULL,1,NULL,'kaynat.jpeg',NULL,1,0,0,0,0,'1722537788473'),(516,NULL,47,NULL,'Fresh Pencil Box big',NULL,NULL,8,NULL,'kaynat.jpeg',NULL,1,0,0,0,0,'1723011487308');
/*!40000 ALTER TABLE `products` ENABLE KEYS */;
UNLOCK TABLES;

--
-- Table structure for table `purchase_details`
--

DROP TABLE IF EXISTS `purchase_details`;
/*!40101 SET @saved_cs_client     = @@character_set_client */;
/*!50503 SET character_set_client = utf8mb4 */;
CREATE TABLE `purchase_details` (
  `purchase_details_id` int NOT NULL AUTO_INCREMENT,
  `purchase_id` int DEFAULT NULL,
  `product_id` int DEFAULT NULL,
  `brand_id` int DEFAULT '1',
  `unit_id` int DEFAULT NULL,
  `stock_id` int DEFAULT NULL,
  `barcode` varchar(128) CHARACTER SET utf8mb4 COLLATE utf8mb4_unicode_ci DEFAULT NULL,
  `quantity` decimal(10,2) DEFAULT '0.00',
  `purchase_price` decimal(10,2) DEFAULT '0.00',
  `wholesale_price` decimal(10,2) DEFAULT '0.00',
  `sales_price` decimal(10,2) DEFAULT '0.00',
  `total_purchase_price` decimal(10,2) DEFAULT '0.00',
  `discount` decimal(10,2) DEFAULT '0.00',
  `vat` decimal(10,2) DEFAULT '0.00',
  PRIMARY KEY (`purchase_details_id`)
) ENGINE=InnoDB AUTO_INCREMENT=44 DEFAULT CHARSET=utf8mb4 COLLATE=utf8mb4_unicode_ci;
/*!40101 SET character_set_client = @saved_cs_client */;

--
-- Dumping data for table `purchase_details`
--

LOCK TABLES `purchase_details` WRITE;
/*!40000 ALTER TABLE `purchase_details` DISABLE KEYS */;
INSERT INTO `purchase_details` VALUES (1,1,248,1,NULL,1,'1715081501654',3.00,865.74,935.00,935.00,2597.00,0.00,0.00),(2,1,247,1,NULL,2,'1715081475799',16.00,490.74,530.00,530.00,7852.00,0.00,0.00),(3,1,246,1,NULL,3,'1715081451145',40.00,208.33,225.00,225.00,8333.00,0.00,0.00),(4,1,245,1,NULL,4,'1715081357857',132.00,109.26,118.00,118.00,14422.00,0.00,0.00),(5,1,244,1,NULL,5,'1715081334596',53.00,58.33,63.00,63.00,3091.00,0.00,0.00),(6,1,262,1,NULL,6,'1715083749112',19.00,29.63,32.00,32.00,563.00,0.00,0.00),(7,1,261,1,NULL,7,'1715083728984',1.00,23.15,25.00,25.00,23.00,0.00,0.00),(8,1,256,1,NULL,8,'1715083556821',21.00,23.15,32.00,32.00,486.00,0.00,0.00),(9,1,263,1,NULL,9,'1715083776850',61.00,20.37,22.00,22.00,1243.00,0.00,0.00),(10,1,260,1,NULL,10,'1715083697722',25.00,69.44,75.00,75.00,1736.00,0.00,0.00),(11,1,257,1,NULL,11,'1715083583899',26.00,23.15,25.00,25.00,602.00,0.00,0.00),(12,1,258,1,NULL,12,'1715083614865',49.00,26.85,29.00,29.00,1316.00,0.00,0.00),(13,1,295,1,NULL,13,'1715085621326',12.00,142.86,150.00,150.00,1714.00,0.00,0.00),(14,1,281,1,NULL,14,'1715084632914',5.00,31.43,33.00,33.00,157.00,0.00,0.00),(15,2,191,1,NULL,15,'1715072883404',214.00,59.80,65.00,65.00,12797.00,0.00,0.00),(16,2,192,1,NULL,16,'1715073217291',24.00,82.80,90.00,90.00,1987.00,0.00,0.00),(17,2,199,1,NULL,17,'1715073934256',35.00,69.00,75.00,75.00,2415.00,0.00,0.00),(18,2,201,1,NULL,18,'1715074006173',26.00,59.80,65.00,65.00,1555.00,0.00,0.00),(19,2,196,1,NULL,19,'1715073791351',44.00,38.64,42.00,42.00,1700.00,0.00,0.00),(20,2,197,1,NULL,20,'1715073854456',16.00,64.40,70.00,70.00,1030.00,0.00,0.00),(21,23,207,1,NULL,416,'1715076315271',10.00,12.00,12.00,0.00,120.00,0.00,0.00),(22,27,208,1,NULL,417,'1715076356373',10.00,54.00,44.00,0.00,540.00,0.00,0.00),(23,29,215,1,NULL,418,'1715077671127',1000.00,10.00,9.00,0.00,10000.00,0.00,0.00),(24,31,185,1,NULL,419,'1715072658838',23.00,23.00,23.00,0.00,529.00,0.00,0.00),(25,34,207,1,NULL,420,'1715076315271',5.00,12.00,12.00,0.00,60.00,0.00,0.00),(26,35,208,1,NULL,421,'1715076356373',2.00,54.00,44.00,0.00,108.00,0.00,0.00),(27,36,207,1,NULL,422,'1715076315271',3.00,12.00,12.00,0.00,36.00,0.00,0.00),(28,37,207,1,NULL,423,'1715076315271',6.00,12.00,12.00,0.00,72.00,0.00,0.00),(29,38,211,1,NULL,424,'1715076484197',13.00,20.00,25.00,0.00,260.00,0.00,0.00),(30,39,212,1,NULL,425,'1715076789701',10.00,50.00,55.00,0.00,500.00,0.00,0.00),(31,39,214,1,NULL,426,'1715076865104',10.00,100.00,110.00,0.00,1000.00,0.00,0.00),(32,40,207,1,NULL,427,'1715076315271',10.00,12.00,12.00,0.00,120.00,0.00,0.00),(33,40,208,1,NULL,428,'1715076356373',5.00,54.00,44.00,0.00,270.00,0.00,0.00),(34,46,208,1,NULL,429,'1715076356373',100.00,54.00,44.00,0.00,5400.00,0.00,0.00),(35,50,207,1,NULL,430,'1715076315271',44.00,12.00,12.00,0.00,528.00,0.00,0.00),(36,51,213,1,NULL,431,'1715076824908',10.00,10.00,20.00,0.00,100.00,0.00,0.00),(37,52,207,1,NULL,432,'1715076315271',10.00,12.00,12.00,0.00,120.00,0.00,0.00),(38,53,207,1,NULL,433,'1715076315271',10.00,12.00,12.00,0.00,120.00,0.00,0.00),(39,54,185,1,NULL,434,'1715072658838',10.00,23.00,23.00,0.00,230.00,0.00,0.00),(40,55,226,1,NULL,435,'1715078568969',10.00,700.00,800.00,0.00,7000.00,0.00,0.00),(41,56,207,1,NULL,436,'1715076315271',2.00,12.00,12.00,0.00,24.00,0.00,0.00),(42,57,224,1,NULL,437,'1715078494315',5.00,180.00,180.00,0.00,900.00,0.00,0.00),(43,58,207,1,NULL,438,'1715076315271',5.00,12.00,12.00,0.00,60.00,0.00,0.00);
/*!40000 ALTER TABLE `purchase_details` ENABLE KEYS */;
UNLOCK TABLES;

--
-- Table structure for table `purchase_info`
--

DROP TABLE IF EXISTS `purchase_info`;
/*!40101 SET @saved_cs_client     = @@character_set_client */;
/*!50503 SET character_set_client = utf8mb4 */;
CREATE TABLE `purchase_info` (
  `purchase_id` bigint unsigned NOT NULL AUTO_INCREMENT,
  `ref_no` varchar(128) CHARACTER SET utf8mb4 COLLATE utf8mb4_unicode_ci DEFAULT NULL,
  `supplier_id` int DEFAULT NULL,
  `pur_date` varchar(128) CHARACTER SET utf8mb4 COLLATE utf8mb4_unicode_ci DEFAULT NULL,
  `total_item_price` decimal(10,2) DEFAULT '0.00',
  `discount` decimal(10,2) DEFAULT '0.00',
  `total_payable` decimal(10,2) DEFAULT '0.00',
  `paid_status` int DEFAULT '0',
  `notes` text CHARACTER SET utf8mb4 COLLATE utf8mb4_unicode_ci,
  `store_id` int DEFAULT NULL,
  `is_completed` int NOT NULL DEFAULT '0',
  `total_vat` decimal(10,2) DEFAULT '0.00',
  `due_amount` decimal(10,2) DEFAULT '0.00',
  `paid_amount` decimal(10,2) DEFAULT '0.00',
  `is_vat_show` tinyint(1) DEFAULT NULL,
  PRIMARY KEY (`purchase_id`)
) ENGINE=InnoDB AUTO_INCREMENT=59 DEFAULT CHARSET=utf8mb4 COLLATE=utf8mb4_unicode_ci;
/*!40101 SET character_set_client = @saved_cs_client */;

--
-- Dumping data for table `purchase_info`
--

LOCK TABLES `purchase_info` WRITE;
/*!40000 ALTER TABLE `purchase_info` DISABLE KEYS */;
INSERT INTO `purchase_info` VALUES (1,'1',1,'2024-06-27 18:35:43',44135.00,0.00,44135.00,2,NULL,1,1,0.00,0.00,44135.00,NULL),(2,'1',2,'2024-06-27 19:59:24',119038.00,0.00,119038.00,2,NULL,1,1,0.00,0.00,119038.00,NULL),(3,'1',3,'2024-06-27 21:09:29',28725.00,0.00,28725.00,2,NULL,1,1,0.00,0.00,28725.00,NULL),(4,NULL,1,'2024-06-30 11:05:44',9917.00,0.00,9917.00,2,NULL,1,1,0.00,0.00,9917.00,NULL),(5,NULL,1,'2024-06-30 11:10:23',3736.00,0.00,3736.00,1,NULL,1,1,0.00,0.40,3735.60,NULL),(6,'1',4,'2024-06-30 13:03:14',153740.00,0.00,153740.00,2,NULL,1,1,0.00,0.00,153740.00,NULL),(7,'1',3,'2024-06-30 15:36:49',486831.00,0.00,486831.00,1,NULL,1,1,0.00,0.40,486831.00,NULL),(8,'1',5,'2024-06-30 15:47:11',80871.00,0.00,80871.00,1,NULL,1,1,0.00,0.20,80870.80,NULL),(9,'1',6,'2024-06-30 15:59:36',93406.00,0.00,93406.00,1,NULL,1,1,0.00,0.92,93405.10,NULL),(10,NULL,4,'2024-06-30 16:26:06',47329.00,0.00,47329.00,1,NULL,1,1,0.00,0.20,47328.80,NULL),(11,NULL,3,'2024-07-01 10:07:07',17905.00,0.00,17905.00,2,NULL,1,1,0.00,0.00,17905.00,NULL),(12,NULL,1,'2024-07-01 13:13:26',2685.00,0.00,2685.00,2,NULL,1,1,0.00,0.00,2685.00,NULL),(13,NULL,7,'2024-07-01 13:34:01',8272.00,0.00,8272.00,2,NULL,1,1,0.00,0.00,8272.00,NULL),(14,NULL,7,'2024-07-01 13:44:34',1659.00,0.00,1659.00,1,NULL,1,1,0.00,0.20,1658.80,NULL),(15,NULL,7,'2024-07-01 13:57:40',23400.00,0.00,23400.00,2,NULL,1,1,0.00,0.00,23400.00,NULL),(16,NULL,7,'2024-07-01 23:28:58',6384.00,0.00,6384.00,1,NULL,1,1,0.00,0.32,6383.68,NULL),(17,NULL,7,'2024-07-02 20:23:41',59600.00,0.00,59600.00,2,NULL,1,1,0.00,0.00,59600.00,NULL),(18,NULL,1,'2024-07-03 10:42:43',71369.00,0.00,71369.00,2,NULL,1,1,0.00,0.00,71369.00,NULL),(19,NULL,7,'2024-07-03 20:39:26',10050.00,0.00,10050.00,2,NULL,1,1,0.00,0.00,10050.00,NULL),(20,NULL,4,'2024-07-04 20:06:24',39072.00,0.00,39072.00,2,NULL,1,1,0.00,0.00,39072.00,NULL),(21,NULL,3,'2024-07-06 11:26:23',6750.00,0.00,6750.00,1,NULL,1,1,0.00,0.24,6749.76,NULL),(22,NULL,4,'2024-07-06 11:28:42',5234.00,0.00,5234.00,1,NULL,1,1,0.00,0.08,5233.92,NULL),(23,NULL,1,'2024-08-21 13:42:01',120.00,0.00,120.00,2,'helooff',1,1,0.00,0.00,120.00,NULL),(24,NULL,1,'2024-08-21 13:42:02',NULL,NULL,NULL,2,'helooff',1,1,NULL,0.00,120.00,NULL),(25,NULL,1,'2024-08-21 13:42:39',NULL,NULL,NULL,2,'helooff',1,1,NULL,0.00,120.00,NULL),(26,NULL,1,'2024-08-21 13:45:37',NULL,NULL,NULL,2,'helooff',1,1,NULL,0.00,120.00,NULL),(27,'iyktyf',2,'2024-08-21 13:49:45',540.00,0.00,540.00,2,'kg,uhh',1,1,0.00,0.00,540.00,NULL),(28,'iyktyf',2,'2024-08-21 13:50:03',NULL,NULL,NULL,2,'kg,uhh',1,1,NULL,0.00,540.00,NULL),(29,NULL,1,'2024-08-22 08:44:44',10000.00,0.00,10000.00,2,NULL,1,1,0.00,0.00,10000.00,NULL),(30,NULL,1,'2024-08-22 08:46:44',NULL,NULL,NULL,2,NULL,1,1,NULL,0.00,10000.00,NULL),(31,NULL,2,'2024-08-22 08:57:31',529.00,0.00,529.00,2,NULL,1,1,0.00,0.00,529.00,NULL),(32,NULL,2,'2024-08-22 09:02:47',NULL,NULL,NULL,2,NULL,1,1,NULL,0.00,529.00,NULL),(33,NULL,2,'2024-08-22 09:04:33',NULL,NULL,NULL,2,NULL,1,1,NULL,0.00,529.00,NULL),(34,'rewf',1,'2024-08-22 09:09:25',60.00,0.00,60.00,2,'ergg',1,1,0.00,0.00,60.00,NULL),(35,'dwq',2,'2024-08-22 09:11:20',108.00,0.00,108.00,2,'dwq',1,1,0.00,0.00,108.00,NULL),(36,'ds',1,'2024-08-22 09:15:16',36.00,0.00,36.00,2,'rewfg',3,1,0.00,0.00,36.00,NULL),(37,'drg',1,'2024-08-22 09:38:51',72.00,0.00,72.00,2,'gr',2,1,0.00,0.00,72.00,NULL),(38,'fgfg',1,'2024-08-22 09:41:23',260.00,0.00,260.00,2,'ggh',1,1,0.00,0.00,260.00,NULL),(39,'nhhh',5,'2024-08-24 06:21:20',1500.00,0.00,1500.00,2,'hlo',1,1,0.00,0.00,1500.00,NULL),(40,'fggt',5,'2024-09-02 06:18:14',390.00,0.00,390.00,2,'fggg',1,1,0.00,0.00,390.00,NULL),(41,'fggt',5,'2024-09-02 06:18:19',NULL,NULL,NULL,2,'fggg',1,1,NULL,0.00,390.00,NULL),(42,'fggt',5,'2024-09-02 06:18:38',NULL,NULL,NULL,2,'fggg',1,1,NULL,0.00,390.00,NULL),(43,'fggt',5,'2024-09-02 06:18:43',NULL,NULL,NULL,2,'fggg',1,1,NULL,0.00,390.00,NULL),(44,'fggt',5,'2024-09-02 06:18:50',NULL,NULL,NULL,2,'fggg',1,1,NULL,0.00,390.00,NULL),(45,'fggt',5,'2024-09-02 06:19:29',NULL,NULL,NULL,2,'fggg',1,1,NULL,0.00,390.00,NULL),(46,NULL,2,'2024-09-02 06:28:23',5400.00,0.00,5400.00,2,NULL,2,1,0.00,0.00,5400.00,NULL),(47,NULL,2,'2024-09-02 06:30:32',NULL,NULL,NULL,2,NULL,2,1,NULL,0.00,5400.00,NULL),(48,NULL,2,'2024-09-02 06:30:46',NULL,NULL,NULL,2,NULL,2,1,NULL,0.00,5400.00,NULL),(49,NULL,2,'2024-09-02 06:32:49',NULL,NULL,NULL,2,NULL,2,1,NULL,0.00,5400.00,NULL),(50,NULL,2,'2024-09-02 06:34:22',528.00,0.00,528.00,2,NULL,1,1,0.00,0.00,528.00,NULL),(51,NULL,1,'2024-09-02 06:36:36',100.00,0.00,100.00,2,NULL,3,1,0.00,0.00,100.00,NULL),(52,NULL,2,'2024-09-02 06:39:56',120.00,0.00,120.00,2,NULL,4,1,0.00,0.00,120.00,NULL),(53,'hhg',1,'2024-09-02 08:00:24',120.00,0.00,120.00,2,'jgj',1,1,0.00,0.00,120.00,NULL),(54,'kkk',2,'2024-09-02 08:04:00',230.00,0.00,230.00,2,'jhh',1,1,0.00,0.00,230.00,NULL),(55,NULL,5,'2024-09-02 08:27:11',7000.00,0.00,7000.00,2,NULL,1,1,0.00,0.00,7000.00,NULL),(56,NULL,5,'2024-09-05 11:08:53',24.00,0.00,24.00,2,NULL,1,1,0.00,0.00,24.00,NULL),(57,NULL,5,'2024-09-05 11:11:11',900.00,0.00,900.00,2,NULL,4,1,0.00,0.00,900.00,NULL),(58,NULL,5,'2024-09-05 11:13:11',60.00,0.00,60.00,2,NULL,4,1,0.00,0.00,60.00,NULL);
/*!40000 ALTER TABLE `purchase_info` ENABLE KEYS */;
UNLOCK TABLES;

--
-- Table structure for table `purchase_temporaries`
--

DROP TABLE IF EXISTS `purchase_temporaries`;
/*!40101 SET @saved_cs_client     = @@character_set_client */;
/*!50503 SET character_set_client = utf8mb4 */;
CREATE TABLE `purchase_temporaries` (
  `purchase_temporary_id` bigint unsigned NOT NULL AUTO_INCREMENT,
  `temporary_consumer_id` bigint unsigned DEFAULT NULL,
  `consumer_id` bigint unsigned DEFAULT NULL,
  `create_date` varchar(255) CHARACTER SET utf8mb4 COLLATE utf8mb4_unicode_ci DEFAULT NULL,
  `from_ip` varchar(255) CHARACTER SET utf8mb4 COLLATE utf8mb4_unicode_ci DEFAULT NULL,
  `created_by` varchar(255) CHARACTER SET utf8mb4 COLLATE utf8mb4_unicode_ci DEFAULT NULL,
  `sales_type` varchar(255) CHARACTER SET utf8mb4 COLLATE utf8mb4_unicode_ci DEFAULT NULL,
  `is_suspended` varchar(255) CHARACTER SET utf8mb4 COLLATE utf8mb4_unicode_ci DEFAULT NULL,
  PRIMARY KEY (`purchase_temporary_id`)
) ENGINE=InnoDB AUTO_INCREMENT=85 DEFAULT CHARSET=utf8mb4 COLLATE=utf8mb4_unicode_ci;
/*!40101 SET character_set_client = @saved_cs_client */;

--
-- Dumping data for table `purchase_temporaries`
--

LOCK TABLES `purchase_temporaries` WRITE;
/*!40000 ALTER TABLE `purchase_temporaries` DISABLE KEYS */;
INSERT INTO `purchase_temporaries` VALUES (19,73568,NULL,'2024-07-03 10:46:12','103.107.160.180','2',NULL,'0'),(42,16352,NULL,'2024-07-31 11:54:22','103.112.148.109','2',NULL,'0'),(46,16352,NULL,'2024-07-31 12:41:36','103.112.148.109','2',NULL,'0'),(56,54028,NULL,'2024-08-08 13:35:33','103.112.148.109','2',NULL,'0'),(57,68709,NULL,'2024-08-08 20:32:05','103.112.148.109','2',NULL,'0'),(58,68709,NULL,'2024-08-08 21:44:55','103.112.148.109','2',NULL,'0'),(59,39064,NULL,'2024-08-21 12:19:30','::1',NULL,NULL,'0'),(62,39428,NULL,'2024-08-22 08:40:05','::1',NULL,NULL,'0'),(71,98764,NULL,'2024-08-25 13:38:08','::1',NULL,NULL,'0'),(72,20734,NULL,'2024-08-28 07:18:20','::1',NULL,NULL,'0'),(73,20734,NULL,'2024-08-28 07:46:19','::1',NULL,NULL,'0');
/*!40000 ALTER TABLE `purchase_temporaries` ENABLE KEYS */;
UNLOCK TABLES;

--
-- Table structure for table `purchase_temporary_items`
--

DROP TABLE IF EXISTS `purchase_temporary_items`;
/*!40101 SET @saved_cs_client     = @@character_set_client */;
/*!50503 SET character_set_client = utf8mb4 */;
CREATE TABLE `purchase_temporary_items` (
  `temp_purchase_id` bigint unsigned NOT NULL AUTO_INCREMENT,
  `purchase_temporary_id` bigint unsigned DEFAULT NULL,
  `unit_id` bigint unsigned DEFAULT NULL,
  `quantity` decimal(10,2) DEFAULT '0.00',
  `discount` decimal(10,2) DEFAULT '0.00',
  `vat` decimal(10,2) DEFAULT '0.00',
  `temp_net_amount` decimal(10,2) DEFAULT '0.00',
  `purchase_price` decimal(10,2) DEFAULT '0.00',
  `sales_price` decimal(10,2) DEFAULT '0.00',
  `wholesale_price` decimal(10,2) DEFAULT '0.00',
  `product_id` int DEFAULT NULL,
  PRIMARY KEY (`temp_purchase_id`)
) ENGINE=InnoDB AUTO_INCREMENT=289 DEFAULT CHARSET=utf8mb4 COLLATE=utf8mb4_unicode_ci;
/*!40101 SET character_set_client = @saved_cs_client */;

--
-- Dumping data for table `purchase_temporary_items`
--

LOCK TABLES `purchase_temporary_items` WRITE;
/*!40000 ALTER TABLE `purchase_temporary_items` DISABLE KEYS */;
INSERT INTO `purchase_temporary_items` VALUES (227,58,NULL,33.00,0.00,0.00,125.40,3.80,0.00,4.00,64),(228,58,NULL,250.00,0.00,0.00,942.50,3.77,0.00,4.00,132),(229,58,NULL,36.00,0.00,0.00,140.40,3.90,0.00,4.16,131),(230,58,NULL,155.00,0.00,0.00,602.95,3.89,0.00,4.16,120),(231,58,NULL,108.00,0.00,0.00,420.12,3.89,0.00,4.16,122),(232,58,NULL,30.00,0.00,0.00,225.00,7.50,0.00,7.91,126),(233,58,NULL,8.00,0.00,0.00,31.12,3.89,0.00,4.16,118),(234,58,NULL,50.00,0.00,0.00,375.00,7.50,0.00,7.91,125),(235,58,NULL,176.00,0.00,0.00,1240.80,7.05,0.00,7.50,136),(236,58,NULL,25.00,0.00,0.00,186.25,7.45,0.00,7.92,80),(237,58,NULL,31.00,0.00,0.00,114.70,3.70,0.00,3.96,96),(238,58,NULL,14.00,0.00,0.00,448.00,32.00,0.00,35.00,148),(239,58,NULL,3.00,0.00,0.00,105.00,35.00,0.00,38.00,149),(240,58,NULL,7.00,0.00,0.00,350.00,50.00,0.00,60.00,130),(241,58,NULL,3.00,0.00,0.00,11.10,3.70,0.00,3.96,90),(242,58,NULL,2.00,0.00,0.00,88.00,44.00,0.00,46.64,66),(243,58,NULL,2.00,0.00,0.00,75.04,37.52,0.00,40.00,82),(244,58,NULL,1.00,0.00,0.00,37.52,37.52,0.00,40.00,81),(245,58,NULL,1.00,0.00,0.00,34.00,34.00,0.00,40.00,77),(246,58,NULL,1.00,0.00,0.00,33.50,33.50,0.00,35.00,73),(247,58,NULL,15.00,0.00,0.00,55.50,3.70,0.00,3.96,74),(248,58,NULL,10.00,0.00,0.00,74.50,7.45,0.00,7.92,72),(249,58,NULL,13.00,0.00,0.00,48.10,3.70,0.00,3.96,78),(250,58,NULL,10.00,0.00,0.00,74.50,7.45,0.00,7.93,79),(251,58,NULL,77.00,0.00,0.00,579.04,7.52,0.00,8.00,175),(252,58,NULL,10.00,0.00,0.00,340.00,34.00,0.00,38.00,176),(253,58,NULL,1.00,0.00,0.00,90.00,90.00,0.00,95.00,180),(254,58,NULL,119.00,0.00,0.00,476.00,4.00,0.00,4.25,170),(255,58,NULL,1.00,0.00,0.00,65.00,65.00,0.00,70.00,168),(256,58,NULL,240.00,0.00,0.00,168.00,0.70,0.00,0.75,102),(257,58,NULL,7.00,0.00,0.00,52.15,7.45,0.00,7.92,174),(258,58,NULL,4.00,0.00,0.00,14.80,3.70,0.00,3.96,75),(260,58,NULL,1392.00,0.00,0.00,55680.00,40.00,0.00,42.00,207),(264,62,NULL,10.00,0.00,0.00,100.00,10.00,0.00,20.00,184),(274,71,NULL,90.00,0.00,0.00,5249.70,58.33,0.00,63.00,244),(275,72,NULL,2.00,0.00,0.00,178.00,89.00,0.00,90.00,184),(276,73,NULL,23.00,0.00,0.00,276.00,12.00,0.00,12.00,207);
/*!40000 ALTER TABLE `purchase_temporary_items` ENABLE KEYS */;
UNLOCK TABLES;

--
-- Table structure for table `salary_details`
--

DROP TABLE IF EXISTS `salary_details`;
/*!40101 SET @saved_cs_client     = @@character_set_client */;
/*!50503 SET character_set_client = utf8mb4 */;
CREATE TABLE `salary_details` (
  `salary_details_id` bigint unsigned NOT NULL AUTO_INCREMENT,
  `salary_info_id` bigint unsigned NOT NULL,
  `pay_date` varchar(255) CHARACTER SET utf8mb4 COLLATE utf8mb4_unicode_ci NOT NULL,
  `paid_amount` decimal(10,2) DEFAULT '0.00',
  `extra_allowence_amount` decimal(10,2) DEFAULT '0.00',
  `paid_for_month` varchar(255) CHARACTER SET utf8mb4 COLLATE utf8mb4_unicode_ci DEFAULT NULL,
  `description` text CHARACTER SET utf8mb4 COLLATE utf8mb4_unicode_ci,
  `salary_amount` decimal(10,2) DEFAULT '0.00',
  `created_at` timestamp NULL DEFAULT NULL,
  `updated_at` timestamp NULL DEFAULT NULL,
  PRIMARY KEY (`salary_details_id`)
) ENGINE=InnoDB AUTO_INCREMENT=2 DEFAULT CHARSET=utf8mb4 COLLATE=utf8mb4_unicode_ci;
/*!40101 SET character_set_client = @saved_cs_client */;

--
-- Dumping data for table `salary_details`
--

LOCK TABLES `salary_details` WRITE;
/*!40000 ALTER TABLE `salary_details` DISABLE KEYS */;
INSERT INTO `salary_details` VALUES (1,1,'2024-08-22',40000.00,0.00,'40000','Paid',40000.00,'2024-08-22 05:01:05','2024-08-22 05:01:05');
/*!40000 ALTER TABLE `salary_details` ENABLE KEYS */;
UNLOCK TABLES;

--
-- Table structure for table `salary_infos`
--

DROP TABLE IF EXISTS `salary_infos`;
/*!40101 SET @saved_cs_client     = @@character_set_client */;
/*!50503 SET character_set_client = utf8mb4 */;
CREATE TABLE `salary_infos` (
  `salary_info_id` bigint unsigned NOT NULL AUTO_INCREMENT,
  `back_office_login_id` bigint unsigned DEFAULT NULL,
  `salary_type_id` bigint unsigned NOT NULL,
  `salary_amount` decimal(10,2) DEFAULT '0.00',
  `due` decimal(10,2) DEFAULT '0.00',
  `paid` decimal(10,2) DEFAULT '0.00',
  `is_active` tinyint(1) NOT NULL DEFAULT '1',
  `created_at` timestamp NULL DEFAULT NULL,
  `updated_at` timestamp NULL DEFAULT NULL,
  PRIMARY KEY (`salary_info_id`)
) ENGINE=InnoDB AUTO_INCREMENT=2 DEFAULT CHARSET=utf8mb4 COLLATE=utf8mb4_unicode_ci;
/*!40101 SET character_set_client = @saved_cs_client */;

--
-- Dumping data for table `salary_infos`
--

LOCK TABLES `salary_infos` WRITE;
/*!40000 ALTER TABLE `salary_infos` DISABLE KEYS */;
INSERT INTO `salary_infos` VALUES (1,3,2,40000.00,0.00,40000.00,1,'2024-08-22 04:56:30','2024-08-22 05:01:05');
/*!40000 ALTER TABLE `salary_infos` ENABLE KEYS */;
UNLOCK TABLES;

--
-- Table structure for table `salary_types`
--

DROP TABLE IF EXISTS `salary_types`;
/*!40101 SET @saved_cs_client     = @@character_set_client */;
/*!50503 SET character_set_client = utf8mb4 */;
CREATE TABLE `salary_types` (
  `salary_type_id` bigint unsigned NOT NULL AUTO_INCREMENT,
  `salary_type_name` varchar(255) CHARACTER SET utf8mb4 COLLATE utf8mb4_unicode_ci NOT NULL,
  `is_active` tinyint(1) NOT NULL DEFAULT '1',
  `created_at` timestamp NULL DEFAULT NULL,
  `updated_at` timestamp NULL DEFAULT NULL,
  PRIMARY KEY (`salary_type_id`)
) ENGINE=InnoDB AUTO_INCREMENT=3 DEFAULT CHARSET=utf8mb4 COLLATE=utf8mb4_unicode_ci;
/*!40101 SET character_set_client = @saved_cs_client */;

--
-- Dumping data for table `salary_types`
--

LOCK TABLES `salary_types` WRITE;
/*!40000 ALTER TABLE `salary_types` DISABLE KEYS */;
INSERT INTO `salary_types` VALUES (1,'Weekly',1,'2024-08-20 03:57:51','2024-08-20 04:03:42'),(2,'Monthly',1,'2024-08-20 04:03:49','2024-08-20 04:03:49');
/*!40000 ALTER TABLE `salary_types` ENABLE KEYS */;
UNLOCK TABLES;

--
-- Table structure for table `sales_details`
--

DROP TABLE IF EXISTS `sales_details`;
/*!40101 SET @saved_cs_client     = @@character_set_client */;
/*!50503 SET character_set_client = utf8mb4 */;
CREATE TABLE `sales_details` (
  `sales_details_id` bigint unsigned NOT NULL AUTO_INCREMENT,
  `sales_info_id` bigint unsigned DEFAULT NULL,
  `product_id` bigint unsigned DEFAULT NULL,
  `sales_price` decimal(10,2) DEFAULT '0.00',
  `quantity` decimal(10,2) DEFAULT '0.00',
  `unit_id` bigint unsigned DEFAULT NULL,
  `item_total` decimal(10,2) DEFAULT '0.00',
  `discount` decimal(10,2) DEFAULT '0.00',
  `revised_price` decimal(10,2) DEFAULT '0.00',
  `vat` decimal(10,2) DEFAULT '0.00',
  `item_final_price` decimal(10,2) DEFAULT '0.00',
  `created_at` timestamp NULL DEFAULT NULL,
  `updated_at` timestamp NULL DEFAULT NULL,
  PRIMARY KEY (`sales_details_id`)
) ENGINE=InnoDB DEFAULT CHARSET=utf8mb4 COLLATE=utf8mb4_unicode_ci;
/*!40101 SET character_set_client = @saved_cs_client */;

--
-- Dumping data for table `sales_details`
--

LOCK TABLES `sales_details` WRITE;
/*!40000 ALTER TABLE `sales_details` DISABLE KEYS */;
/*!40000 ALTER TABLE `sales_details` ENABLE KEYS */;
UNLOCK TABLES;

--
-- Table structure for table `sales_infos`
--

DROP TABLE IF EXISTS `sales_infos`;
/*!40101 SET @saved_cs_client     = @@character_set_client */;
/*!50503 SET character_set_client = utf8mb4 */;
CREATE TABLE `sales_infos` (
  `sales_info_id` bigint unsigned NOT NULL AUTO_INCREMENT,
  `date` varchar(255) CHARACTER SET utf8mb4 COLLATE utf8mb4_unicode_ci DEFAULT NULL,
  `customer_id` bigint unsigned DEFAULT NULL,
  `total_item_price` decimal(10,2) DEFAULT '0.00',
  `vat` decimal(10,2) DEFAULT '0.00',
  `discount` decimal(10,2) DEFAULT '0.00',
  `total_payable` decimal(10,2) DEFAULT '0.00',
  `sales_type` varchar(255) CHARACTER SET utf8mb4 COLLATE utf8mb4_unicode_ci DEFAULT NULL,
  `paid_status` varchar(255) CHARACTER SET utf8mb4 COLLATE utf8mb4_unicode_ci DEFAULT NULL,
  `notes` text CHARACTER SET utf8mb4 COLLATE utf8mb4_unicode_ci,
  `created_at` timestamp NULL DEFAULT NULL,
  `updated_at` timestamp NULL DEFAULT NULL,
  PRIMARY KEY (`sales_info_id`)
) ENGINE=InnoDB DEFAULT CHARSET=utf8mb4 COLLATE=utf8mb4_unicode_ci;
/*!40101 SET character_set_client = @saved_cs_client */;

--
-- Dumping data for table `sales_infos`
--

LOCK TABLES `sales_infos` WRITE;
/*!40000 ALTER TABLE `sales_infos` DISABLE KEYS */;
/*!40000 ALTER TABLE `sales_infos` ENABLE KEYS */;
UNLOCK TABLES;

--
-- Table structure for table `services`
--

DROP TABLE IF EXISTS `services`;
/*!40101 SET @saved_cs_client     = @@character_set_client */;
/*!50503 SET character_set_client = utf8mb4 */;
CREATE TABLE `services` (
  `id` bigint unsigned NOT NULL AUTO_INCREMENT,
  `image` varchar(255) CHARACTER SET utf8mb4 COLLATE utf8mb4_unicode_ci DEFAULT NULL,
  `name` varchar(255) CHARACTER SET utf8mb4 COLLATE utf8mb4_unicode_ci DEFAULT NULL,
  `description` varchar(255) CHARACTER SET utf8mb4 COLLATE utf8mb4_unicode_ci DEFAULT NULL,
  `created_at` timestamp NULL DEFAULT NULL,
  `updated_at` timestamp NULL DEFAULT NULL,
  PRIMARY KEY (`id`)
) ENGINE=InnoDB AUTO_INCREMENT=5 DEFAULT CHARSET=utf8mb4 COLLATE=utf8mb4_unicode_ci;
/*!40101 SET character_set_client = @saved_cs_client */;

--
-- Dumping data for table `services`
--

LOCK TABLES `services` WRITE;
/*!40000 ALTER TABLE `services` DISABLE KEYS */;
INSERT INTO `services` VALUES (2,'1721804715.jpg','Travel Management','We are offering the best travel packages for all types of travellers including friends, family, couples, colleagues. We are providing the most luxious tours.','2024-07-24 00:45:30','2024-07-24 02:09:24'),(3,'1721808852.jpg','Hotel Booking','We are providing you the Hotel Booking Services for you according to your choice.','2024-07-24 02:14:12','2024-07-24 02:14:12'),(4,'1721815876.png','Ticket Booking','We are proving ticket booking services for you. You can book tickets','2024-07-24 04:11:16','2024-07-24 04:11:16');
/*!40000 ALTER TABLE `services` ENABLE KEYS */;
UNLOCK TABLES;

--
-- Table structure for table `sessions`
--

DROP TABLE IF EXISTS `sessions`;
/*!40101 SET @saved_cs_client     = @@character_set_client */;
/*!50503 SET character_set_client = utf8mb4 */;
CREATE TABLE `sessions` (
  `id` varchar(255) CHARACTER SET utf8mb4 COLLATE utf8mb4_unicode_ci NOT NULL,
  `user_id` bigint unsigned DEFAULT NULL,
  `ip_address` varchar(45) CHARACTER SET utf8mb4 COLLATE utf8mb4_unicode_ci DEFAULT NULL,
  `user_agent` text CHARACTER SET utf8mb4 COLLATE utf8mb4_unicode_ci,
  `payload` longtext CHARACTER SET utf8mb4 COLLATE utf8mb4_unicode_ci NOT NULL,
  `last_activity` int NOT NULL,
  PRIMARY KEY (`id`),
  KEY `sessions_user_id_index` (`user_id`),
  KEY `sessions_last_activity_index` (`last_activity`)
) ENGINE=InnoDB DEFAULT CHARSET=utf8mb4 COLLATE=utf8mb4_unicode_ci;
/*!40101 SET character_set_client = @saved_cs_client */;

--
-- Dumping data for table `sessions`
--

LOCK TABLES `sessions` WRITE;
/*!40000 ALTER TABLE `sessions` DISABLE KEYS */;
INSERT INTO `sessions` VALUES ('co7vVizTyEnC7PMGcdvE4lf5gdrkhupaZscdZBBO',NULL,'::1','Mozilla/5.0 (Windows NT 10.0; Win64; x64) AppleWebKit/537.36 (KHTML, like Gecko) Chrome/128.0.0.0 Safari/537.36','YTo0OntzOjY6Il90b2tlbiI7czo0MDoiSGFtY0VFRTRUMHltSWdjdFZZdVRzNDdkUTJoZlBVUnpzcVpCcW5YQyI7czoxODoiZmxhc2hlcjo6ZW52ZWxvcGVzIjthOjA6e31zOjk6Il9wcmV2aW91cyI7YToxOntzOjM6InVybCI7czo2NDoiaHR0cDovL2xvY2FsaG9zdC9Ub3VyaXNtTWFuYWdlbWVudFVwZGF0ZWQvcHVibGljL2ZvcmdvdC1wYXNzd29yZCI7fXM6NjoiX2ZsYXNoIjthOjI6e3M6Mzoib2xkIjthOjA6e31zOjM6Im5ldyI7YTowOnt9fX0=',1725803273),('FZrsA8Prtr24tfmaMu6StMyIg90LIr75UEMTTCfk',NULL,'::1','Mozilla/5.0 (Windows NT 10.0; Win64; x64) AppleWebKit/537.36 (KHTML, like Gecko) Chrome/128.0.0.0 Safari/537.36 Edg/128.0.0.0','YTo0OntzOjY6Il90b2tlbiI7czo0MDoiMk5iSVNhYmhLMTN1WHhZVEZaTGZMME5wZlQ5bGhuN0RSNU1VaTVVcyI7czo2OiJfZmxhc2giO2E6Mjp7czozOiJvbGQiO2E6MDp7fXM6MzoibmV3IjthOjA6e319czoxODoiZmxhc2hlcjo6ZW52ZWxvcGVzIjthOjA6e31zOjk6Il9wcmV2aW91cyI7YToxOntzOjM6InVybCI7czo2NDoiaHR0cDovL2xvY2FsaG9zdC9Ub3VyaXNtTWFuYWdlbWVudFVwZGF0ZWQvcHVibGljL2ZvcmdvdC1wYXNzd29yZCI7fX0=',1725803247);
/*!40000 ALTER TABLE `sessions` ENABLE KEYS */;
UNLOCK TABLES;

--
-- Table structure for table `site_settings`
--

DROP TABLE IF EXISTS `site_settings`;
/*!40101 SET @saved_cs_client     = @@character_set_client */;
/*!50503 SET character_set_client = utf8mb4 */;
CREATE TABLE `site_settings` (
  `id` bigint unsigned NOT NULL AUTO_INCREMENT,
  `email` varchar(255) CHARACTER SET utf8mb4 COLLATE utf8mb4_unicode_ci NOT NULL DEFAULT 'info@example.com',
  `phone` varchar(255) CHARACTER SET utf8mb4 COLLATE utf8mb4_unicode_ci NOT NULL DEFAULT '+012 345 6789',
  `address` varchar(255) CHARACTER SET utf8mb4 COLLATE utf8mb4_unicode_ci NOT NULL DEFAULT '123 Street, New York, USA',
  `facebook` varchar(255) CHARACTER SET utf8mb4 COLLATE utf8mb4_unicode_ci NOT NULL DEFAULT '#',
  `twitter` varchar(255) CHARACTER SET utf8mb4 COLLATE utf8mb4_unicode_ci NOT NULL DEFAULT '#',
  `linkedin` varchar(255) CHARACTER SET utf8mb4 COLLATE utf8mb4_unicode_ci NOT NULL DEFAULT '#',
  `youtube` varchar(255) CHARACTER SET utf8mb4 COLLATE utf8mb4_unicode_ci NOT NULL DEFAULT '#',
  `instagram` varchar(255) CHARACTER SET utf8mb4 COLLATE utf8mb4_unicode_ci NOT NULL DEFAULT '#',
  `copyright` varchar(255) CHARACTER SET utf8mb4 COLLATE utf8mb4_unicode_ci NOT NULL DEFAULT '#',
  `copyright_links` varchar(255) CHARACTER SET utf8mb4 COLLATE utf8mb4_unicode_ci NOT NULL DEFAULT '#',
  `ui_logo` varchar(255) CHARACTER SET utf8mb4 COLLATE utf8mb4_unicode_ci NOT NULL DEFAULT 'image',
  `ui_site_name` varchar(255) CHARACTER SET utf8mb4 COLLATE utf8mb4_unicode_ci NOT NULL DEFAULT 'Eastern Tours',
  `admin_logo` varchar(255) CHARACTER SET utf8mb4 COLLATE utf8mb4_unicode_ci NOT NULL DEFAULT 'logo',
  `admin_site_name` varchar(255) CHARACTER SET utf8mb4 COLLATE utf8mb4_unicode_ci NOT NULL DEFAULT 'eastern tours',
  `footer_ui_name` varchar(255) CHARACTER SET utf8mb4 COLLATE utf8mb4_unicode_ci NOT NULL DEFAULT 'Eastern Tours',
  `ui_footer_note` varchar(255) CHARACTER SET utf8mb4 COLLATE utf8mb4_unicode_ci DEFAULT NULL,
  `contact_google_map` text CHARACTER SET utf8mb4 COLLATE utf8mb4_unicode_ci,
  `contact_open_close` varchar(255) CHARACTER SET utf8mb4 COLLATE utf8mb4_unicode_ci DEFAULT NULL,
  `slider_keyword1` varchar(255) CHARACTER SET utf8mb4 COLLATE utf8mb4_unicode_ci DEFAULT NULL,
  `slider_image1` varchar(255) CHARACTER SET utf8mb4 COLLATE utf8mb4_unicode_ci DEFAULT NULL,
  `slider_keyword2` varchar(255) CHARACTER SET utf8mb4 COLLATE utf8mb4_unicode_ci DEFAULT NULL,
  `slider_image2` varchar(255) CHARACTER SET utf8mb4 COLLATE utf8mb4_unicode_ci DEFAULT NULL,
  `slider_keyword3` varchar(255) CHARACTER SET utf8mb4 COLLATE utf8mb4_unicode_ci DEFAULT NULL,
  `slider_image3` varchar(255) CHARACTER SET utf8mb4 COLLATE utf8mb4_unicode_ci DEFAULT NULL,
  `created_at` timestamp NULL DEFAULT NULL,
  `updated_at` timestamp NULL DEFAULT NULL,
  PRIMARY KEY (`id`)
) ENGINE=InnoDB AUTO_INCREMENT=2 DEFAULT CHARSET=utf8mb4 COLLATE=utf8mb4_unicode_ci;
/*!40101 SET character_set_client = @saved_cs_client */;

--
-- Dumping data for table `site_settings`
--

LOCK TABLES `site_settings` WRITE;
/*!40000 ALTER TABLE `site_settings` DISABLE KEYS */;
INSERT INTO `site_settings` VALUES (1,'easterntours7@gmail.com','+8801711-852014','51/1 VIP Tower (7 Floor) Nayapaltan Dhaka-1000, Bangladesh','https://facebook.com/yourpage','https://twitter.com/yourprofile','https://linkedin.com/in/yourprofile','https://youtube.com/yourchannel','https://instagram.com/yourprofile',' 2024 Your Company. All rights reserved.','./','1725530842.png','Eastern Tours & Travels','1725530842.jpg','Eastern Tours','Eastern Tours','We\'re providing the best travelling offers and services for you. We believe in excellency.','https://www.google.com/maps/embed?pb=!1m18!1m12!1m3!1d3678.00701703033!2d89.53134817530727!3d22.802203879328808!2m3!1f0!2f0!3f0!3m2!1i1024!2i768!4f13.1!3m3!1m2!1s0x39ff85490c50d28f%3A0xadae6f7b93b7069a!2z4KaW4KeB4Kay4Kao4Ka-IOCmrOCmv-CmtuCnjeCmrOCmrOCmv-CmpuCnjeCmr-CmvuCmsuCnnw!5e0!3m2!1sbn!2sbd!4v1720943918809!5m2!1sbn!2sbd\" width=\"600\" height=\"450\" style=\"border:0;\" allowfullscreen=\"\" loading=\"lazy\" referrerpolicy=\"no-referrer-when-downgrade','Monday - Friday, 9:00 AM - 7:00 PM','Let\'s Discover The World Together','1725531545.jpg','Let\'s Explore the beauty of nature','1725531567.jpg','Go beyond to your expectations','1725531336.jpg','2024-07-10 15:08:36','2024-09-05 04:19:27');
/*!40000 ALTER TABLE `site_settings` ENABLE KEYS */;
UNLOCK TABLES;

--
-- Table structure for table `size_definition`
--

DROP TABLE IF EXISTS `size_definition`;
/*!40101 SET @saved_cs_client     = @@character_set_client */;
/*!50503 SET character_set_client = utf8mb4 */;
CREATE TABLE `size_definition` (
  `size_id` int NOT NULL AUTO_INCREMENT,
  `size_name` varchar(32) NOT NULL,
  `size_symbol` int NOT NULL,
  `is_active` int NOT NULL,
  PRIMARY KEY (`size_id`)
) ENGINE=InnoDB AUTO_INCREMENT=7 DEFAULT CHARSET=latin1;
/*!40101 SET character_set_client = @saved_cs_client */;

--
-- Dumping data for table `size_definition`
--

LOCK TABLES `size_definition` WRITE;
/*!40000 ALTER TABLE `size_definition` DISABLE KEYS */;
INSERT INTO `size_definition` VALUES (1,'XS',1,0),(2,'XL',3,1),(3,'L',4,1),(4,'S',5,1),(5,'M',4,1),(6,'XXL',5,1);
/*!40000 ALTER TABLE `size_definition` ENABLE KEYS */;
UNLOCK TABLES;

--
-- Table structure for table `stores`
--

DROP TABLE IF EXISTS `stores`;
/*!40101 SET @saved_cs_client     = @@character_set_client */;
/*!50503 SET character_set_client = utf8mb4 */;
CREATE TABLE `stores` (
  `store_id` bigint unsigned NOT NULL AUTO_INCREMENT,
  `store_name` varchar(255) CHARACTER SET utf8mb4 COLLATE utf8mb4_unicode_ci DEFAULT NULL,
  `is_active` int DEFAULT NULL,
  `created_at` timestamp NULL DEFAULT NULL,
  `updated_at` timestamp NULL DEFAULT NULL,
  PRIMARY KEY (`store_id`)
) ENGINE=InnoDB AUTO_INCREMENT=5 DEFAULT CHARSET=utf8mb4 COLLATE=utf8mb4_unicode_ci;
/*!40101 SET character_set_client = @saved_cs_client */;

--
-- Dumping data for table `stores`
--

LOCK TABLES `stores` WRITE;
/*!40000 ALTER TABLE `stores` DISABLE KEYS */;
INSERT INTO `stores` VALUES (1,'Godown 1',1,NULL,NULL),(2,'Godown 2',1,NULL,NULL),(3,'Godown 3',1,NULL,NULL),(4,'Godown 4',1,NULL,NULL);
/*!40000 ALTER TABLE `stores` ENABLE KEYS */;
UNLOCK TABLES;

--
-- Table structure for table `sub_category_one`
--

DROP TABLE IF EXISTS `sub_category_one`;
/*!40101 SET @saved_cs_client     = @@character_set_client */;
/*!50503 SET character_set_client = utf8mb4 */;
CREATE TABLE `sub_category_one` (
  `sc_one_id` int unsigned NOT NULL AUTO_INCREMENT,
  `category_id` int NOT NULL,
  `sc_one_name` varchar(512) CHARACTER SET utf8mb4 COLLATE utf8mb4_unicode_ci NOT NULL,
  `sc_one_description` text,
  `sc_one_image` varchar(32) DEFAULT NULL,
  `is_active` int NOT NULL,
  `sc_one_image_path` text,
  PRIMARY KEY (`sc_one_id`)
) ENGINE=InnoDB AUTO_INCREMENT=54 DEFAULT CHARSET=latin1;
/*!40101 SET character_set_client = @saved_cs_client */;

--
-- Dumping data for table `sub_category_one`
--

LOCK TABLES `sub_category_one` WRITE;
/*!40000 ALTER TABLE `sub_category_one` DISABLE KEYS */;
INSERT INTO `sub_category_one` VALUES (1,4,'',NULL,'070524download (1).jpeg',1,'http://bismillah.breachsoft.com/public/backend/images/CategoryWise/070524download (1).jpeg'),(2,4,' ',NULL,'070524download (4).jpeg',1,'http://bismillah.breachsoft.com/public/backend/images/CategoryWise/070524download (4).jpeg'),(3,4,'/',NULL,'070524download (2).jpeg',1,'http://bismillah.breachsoft.com/public/backend/images/CategoryWise/070524download (2).jpeg'),(4,4,'',NULL,'070524download (3).jpeg',1,'http://bismillah.breachsoft.com/public/backend/images/CategoryWise/070524download (3).jpeg'),(5,4,'',NULL,'070524images.jpeg',1,'http://bismillah.breachsoft.com/public/backend/images/CategoryWise/070524images.jpeg'),(6,2,'',NULL,'080524download (20).jpeg',1,'http://bismillah.breachsoft.com/public/backend/images/CategoryWise/080524download (20).jpeg'),(7,2,'',NULL,'080524download (32).jpeg',1,'http://bismillah.breachsoft.com/public/backend/images/CategoryWise/080524download (32).jpeg'),(8,2,'Tea',NULL,'080524images (7).jpeg',1,'http://bismillah.breachsoft.com/public/backend/images/CategoryWise/080524images (7).jpeg'),(9,2,'',NULL,'080524download (19).jpeg',1,'http://bismillah.breachsoft.com/public/backend/images/CategoryWise/080524download (19).jpeg'),(10,2,'',NULL,'080524download (34).jpeg',1,'http://bismillah.breachsoft.com/public/backend/images/CategoryWise/080524download (34).jpeg'),(11,2,'',NULL,'080524download (28).jpeg',1,'http://bismillah.breachsoft.com/public/backend/images/CategoryWise/080524download (28).jpeg'),(12,2,' ',NULL,'080524download (21).jpeg',1,'http://bismillah.breachsoft.com/public/backend/images/CategoryWise/080524download (21).jpeg'),(13,2,'',NULL,'080524download (29).jpeg',1,'http://bismillah.breachsoft.com/public/backend/images/CategoryWise/080524download (29).jpeg'),(14,2,'',NULL,'080524download (22).jpeg',1,'http://bismillah.breachsoft.com/public/backend/images/CategoryWise/080524download (22).jpeg'),(15,2,'',NULL,'080524download (23).jpeg',1,'http://bismillah.breachsoft.com/public/backend/images/CategoryWise/080524download (23).jpeg'),(16,2,'',NULL,'080524download (26).jpeg',1,'http://bismillah.breachsoft.com/public/backend/images/CategoryWise/080524download (26).jpeg'),(17,2,'',NULL,'080524download (24).jpeg',1,'http://bismillah.breachsoft.com/public/backend/images/CategoryWise/080524download (24).jpeg'),(18,2,'',NULL,'080524download (30).jpeg',1,'http://bismillah.breachsoft.com/public/backend/images/CategoryWise/080524download (30).jpeg'),(19,2,'',NULL,NULL,1,NULL),(20,2,'',NULL,'080524download (33).jpeg',1,'http://bismillah.breachsoft.com/public/backend/images/CategoryWise/080524download (33).jpeg'),(21,2,' ',NULL,'080524download (31).jpeg',1,'http://bismillah.breachsoft.com/public/backend/images/CategoryWise/080524download (31).jpeg'),(22,2,'',NULL,'080524download (27).jpeg',1,'http://bismillah.breachsoft.com/public/backend/images/CategoryWise/080524download (27).jpeg'),(23,2,' & ',NULL,'080524download (25).jpeg',1,'http://bismillah.breachsoft.com/public/backend/images/CategoryWise/080524download (25).jpeg'),(24,3,'',NULL,'070524download (5).jpeg',1,'http://bismillah.breachsoft.com/public/backend/images/CategoryWise/070524download (5).jpeg'),(25,1,'//',NULL,'070524download (6).jpeg',1,'http://bismillah.breachsoft.com/public/backend/images/CategoryWise/070524download (6).jpeg'),(26,1,'/',NULL,'070524download (8).jpeg',1,'http://bismillah.breachsoft.com/public/backend/images/CategoryWise/070524download (8).jpeg'),(27,1,' /',NULL,'070524images.jpeg',1,'http://bismillah.breachsoft.com/public/backend/images/CategoryWise/070524images.jpeg'),(28,1,' ',NULL,'070524images (1).jpeg',1,'http://bismillah.breachsoft.com/public/backend/images/CategoryWise/070524images (1).jpeg'),(29,1,' ',NULL,'070524images (2).jpeg',1,'http://bismillah.breachsoft.com/public/backend/images/CategoryWise/070524images (2).jpeg'),(30,5,' ',NULL,'070524download (9).jpeg',1,'http://bismillah.breachsoft.com/public/backend/images/CategoryWise/070524download (9).jpeg'),(31,5,' ',NULL,'070524images (5).jpeg',1,'http://bismillah.breachsoft.com/public/backend/images/CategoryWise/070524images (5).jpeg'),(32,5,' ',NULL,'070524download (10).jpeg',1,'http://bismillah.breachsoft.com/public/backend/images/CategoryWise/070524download (10).jpeg'),(33,5,' ',NULL,'070524images (4).jpeg',1,'http://bismillah.breachsoft.com/public/backend/images/CategoryWise/070524images (4).jpeg'),(34,5,' ',NULL,'070524images (3).jpeg',1,'http://bismillah.breachsoft.com/public/backend/images/CategoryWise/070524images (3).jpeg'),(35,5,' ',NULL,'070524download (11).jpeg',1,'http://bismillah.breachsoft.com/public/backend/images/CategoryWise/070524download (11).jpeg'),(36,5,' ',NULL,'070524images.jpeg',1,'http://bismillah.breachsoft.com/public/backend/images/CategoryWise/070524images.jpeg'),(37,5,'',NULL,'070524images (6).jpeg',1,'http://bismillah.breachsoft.com/public/backend/images/CategoryWise/070524images (6).jpeg'),(38,6,'',NULL,'070524download (12).jpeg',1,'http://bismillah.breachsoft.com/public/backend/images/CategoryWise/070524download (12).jpeg'),(39,6,' ',NULL,'080524download (3).png',1,'http://bismillah.breachsoft.com/public/backend/images/CategoryWise/080524download (3).png'),(40,6,' ',NULL,'080524download (13).jpeg',1,'http://bismillah.breachsoft.com/public/backend/images/CategoryWise/080524download (13).jpeg'),(41,6,' ',NULL,'080524download (14).jpeg',1,'http://bismillah.breachsoft.com/public/backend/images/CategoryWise/080524download (14).jpeg'),(42,6,'',NULL,'080524download (15).jpeg',1,'http://bismillah.breachsoft.com/public/backend/images/CategoryWise/080524download (15).jpeg'),(43,6,'  ',NULL,'080524download (16).jpeg',1,'http://bismillah.breachsoft.com/public/backend/images/CategoryWise/080524download (16).jpeg'),(45,8,'LOCAL',NULL,'030624images.png',1,'https://bismillah.breachsoft.com/public/backend/images/CategoryWise/030624images.png'),(47,6,'Stationery',NULL,'050624download.jpg',1,'https://bismillah.breachsoft.com/public/backend/images/CategoryWise/050624download.jpg'),(48,6,'Fresh B Lime',NULL,NULL,1,NULL),(49,8,'LILEY',NULL,NULL,1,NULL),(50,8,'INDIAN PRODUCT',NULL,NULL,1,NULL),(51,10,' ',NULL,'190824mango.jpg',1,'http://localhost/Tourism%20Management/tourism_management/public/backend/images/CategoryWise/190824mango.jpg'),(52,1,' ',NULL,'190824orange.jpg',1,'http://localhost/Tourism%20Management/tourism_management/public/backend/images/CategoryWise/190824orange.jpg'),(53,8,'komola',NULL,'020924hshl (1).jpg',0,'http://localhost/TourismManagementUpdated/public/backend/images/CategoryWise/020924hshl (1).jpg');
/*!40000 ALTER TABLE `sub_category_one` ENABLE KEYS */;
UNLOCK TABLES;

--
-- Table structure for table `supplier_payments`
--

DROP TABLE IF EXISTS `supplier_payments`;
/*!40101 SET @saved_cs_client     = @@character_set_client */;
/*!50503 SET character_set_client = utf8mb4 */;
CREATE TABLE `supplier_payments` (
  `supplier_payment_id` bigint unsigned NOT NULL AUTO_INCREMENT,
  `supplier_id` bigint unsigned DEFAULT NULL,
  `purchase_id` bigint unsigned DEFAULT NULL,
  `payable_amount` decimal(10,2) DEFAULT '0.00',
  `paid_amount` decimal(10,2) DEFAULT '0.00',
  `revised_due` decimal(10,2) DEFAULT '0.00',
  `bank_id` int DEFAULT NULL,
  `payment_method` bigint unsigned DEFAULT NULL,
  `cheque_no` varchar(255) CHARACTER SET utf8mb4 COLLATE utf8mb4_unicode_ci DEFAULT NULL,
  `notes` text CHARACTER SET utf8mb4 COLLATE utf8mb4_unicode_ci,
  `created_at` timestamp NULL DEFAULT NULL,
  `updated_at` timestamp NULL DEFAULT NULL,
  PRIMARY KEY (`supplier_payment_id`)
) ENGINE=InnoDB AUTO_INCREMENT=125 DEFAULT CHARSET=utf8mb4 COLLATE=utf8mb4_unicode_ci;
/*!40101 SET character_set_client = @saved_cs_client */;

--
-- Dumping data for table `supplier_payments`
--

LOCK TABLES `supplier_payments` WRITE;
/*!40000 ALTER TABLE `supplier_payments` DISABLE KEYS */;
INSERT INTO `supplier_payments` VALUES (1,1,NULL,NULL,0.93,NULL,NULL,1,NULL,NULL,'2024-06-27 16:35:45','2024-06-27 16:35:45'),(2,1,1,44135.00,44135.00,NULL,NULL,1,NULL,NULL,'2024-06-27 16:35:45','2024-06-27 16:35:45'),(3,2,NULL,NULL,0.59,NULL,NULL,1,NULL,NULL,'2024-06-27 17:59:25','2024-06-27 17:59:25'),(4,2,2,119038.00,119038.00,NULL,NULL,1,NULL,NULL,'2024-06-27 17:59:25','2024-06-27 17:59:25'),(5,3,NULL,NULL,0.46,NULL,NULL,1,NULL,NULL,'2024-06-27 19:09:30','2024-06-27 19:09:30'),(6,3,3,28725.00,28725.00,NULL,NULL,1,NULL,NULL,'2024-06-27 19:09:30','2024-06-27 19:09:30'),(7,1,NULL,NULL,0.71,NULL,NULL,1,NULL,NULL,'2024-06-30 09:05:45','2024-06-30 09:05:45'),(8,1,4,9917.00,9917.00,NULL,NULL,1,NULL,NULL,'2024-06-30 09:05:45','2024-06-30 09:05:45'),(9,1,5,3736.00,3735.60,0.40,NULL,1,NULL,NULL,'2024-06-30 09:10:23','2024-06-30 09:10:23'),(10,4,NULL,NULL,0.47,NULL,NULL,1,NULL,NULL,'2024-06-30 11:03:15','2024-06-30 11:03:15'),(11,4,6,153740.00,153740.00,NULL,NULL,1,NULL,NULL,'2024-06-30 11:03:15','2024-06-30 11:03:15'),(12,3,7,486831.00,486830.60,0.40,NULL,1,NULL,NULL,'2024-06-30 13:36:50','2024-06-30 13:36:50'),(13,5,8,80871.00,80870.80,0.20,NULL,1,NULL,NULL,'2024-06-30 13:47:11','2024-06-30 13:47:11'),(14,6,9,93406.00,93405.08,0.92,NULL,1,NULL,NULL,'2024-06-30 13:59:37','2024-06-30 13:59:37'),(15,4,10,47329.00,47328.80,0.20,NULL,1,NULL,NULL,'2024-06-30 14:26:06','2024-06-30 14:26:06'),(16,3,11,17905.00,17905.00,NULL,NULL,1,NULL,NULL,'2024-07-01 08:07:08','2024-07-01 08:07:08'),(17,1,NULL,NULL,0.40,NULL,NULL,1,NULL,NULL,'2024-07-01 11:13:26','2024-07-01 11:13:26'),(18,1,12,2685.00,2685.00,NULL,NULL,1,NULL,NULL,'2024-07-01 11:13:26','2024-07-01 11:13:26'),(19,7,13,8272.00,8272.00,NULL,NULL,1,NULL,NULL,'2024-07-01 11:34:01','2024-07-01 11:34:01'),(20,7,14,1659.00,1658.80,0.20,NULL,1,NULL,NULL,'2024-07-01 11:44:34','2024-07-01 11:44:34'),(21,7,15,23400.00,23400.00,NULL,NULL,1,NULL,NULL,'2024-07-01 11:57:40','2024-07-01 11:57:40'),(22,7,16,6384.00,6383.68,0.32,NULL,1,NULL,NULL,'2024-07-01 21:28:59','2024-07-01 21:28:59'),(23,7,17,59600.00,59600.00,NULL,NULL,1,NULL,NULL,'2024-07-02 18:23:41','2024-07-02 18:23:41'),(24,1,NULL,NULL,0.10,NULL,NULL,1,NULL,NULL,'2024-07-03 08:42:43','2024-07-03 08:42:43'),(25,1,18,71369.00,71369.00,NULL,NULL,1,NULL,NULL,'2024-07-03 08:42:43','2024-07-03 08:42:43'),(26,7,19,10050.00,10050.00,NULL,NULL,1,NULL,NULL,'2024-07-03 18:39:27','2024-07-03 18:39:27'),(27,4,20,39072.00,39072.00,0.00,NULL,1,NULL,NULL,'2024-07-04 18:06:24','2024-07-04 18:06:24'),(28,3,21,6750.00,6749.76,0.24,NULL,1,NULL,NULL,'2024-07-06 09:26:23','2024-07-06 09:26:23'),(29,4,22,5234.00,5233.92,0.08,NULL,1,NULL,NULL,'2024-07-06 09:28:42','2024-07-06 09:28:42'),(30,4,23,3340.00,3339.60,0.40,NULL,1,NULL,NULL,'2024-07-07 09:12:39','2024-07-07 09:12:39'),(31,5,24,177305.00,177305.00,0.00,NULL,1,NULL,NULL,'2024-07-08 09:14:55','2024-07-08 09:14:55'),(32,6,NULL,0.00,0.24,0.00,NULL,1,NULL,NULL,'2024-07-08 09:30:05','2024-07-08 09:30:05'),(33,6,25,59475.00,59475.00,0.00,NULL,1,NULL,NULL,'2024-07-08 09:30:05','2024-07-08 09:30:05'),(34,2,NULL,0.00,0.48,0.00,NULL,1,NULL,NULL,'2024-07-08 09:49:26','2024-07-08 09:49:26'),(35,2,26,109062.00,109062.00,0.00,NULL,1,NULL,NULL,'2024-07-08 09:49:26','2024-07-08 09:49:26'),(36,4,27,58701.60,58701.60,0.00,NULL,1,NULL,NULL,'2024-07-10 09:14:10','2024-07-10 09:14:10'),(37,4,28,180.96,180.96,0.00,NULL,1,NULL,NULL,'2024-07-10 09:41:05','2024-07-10 09:41:05'),(38,7,29,1540.00,1540.00,0.00,NULL,1,NULL,NULL,'2024-07-10 09:46:27','2024-07-10 09:46:27'),(39,7,30,1680.00,1680.00,0.00,NULL,1,NULL,NULL,'2024-07-10 10:01:55','2024-07-10 10:01:55'),(40,7,31,430.00,430.00,0.00,NULL,1,NULL,NULL,'2024-07-13 18:31:46','2024-07-13 18:31:46'),(41,3,32,854.40,854.40,0.00,NULL,1,NULL,NULL,'2024-07-13 19:22:07','2024-07-13 19:22:07'),(42,3,33,159038.80,159038.80,0.00,NULL,1,NULL,NULL,'2024-07-15 09:31:38','2024-07-15 09:31:38'),(43,1,34,7538.94,7538.94,0.00,NULL,1,NULL,NULL,'2024-07-15 09:36:37','2024-07-15 09:36:37'),(44,7,35,2150.00,2150.00,0.00,NULL,1,NULL,NULL,'2024-07-15 10:01:12','2024-07-15 10:01:12'),(45,1,36,4698.18,4698.18,0.00,NULL,1,NULL,NULL,'2024-07-15 10:16:01','2024-07-15 10:16:01'),(46,7,37,810.00,810.00,0.00,NULL,1,NULL,NULL,'2024-07-15 19:46:36','2024-07-15 19:46:36'),(47,4,NULL,0.00,720.00,0.00,NULL,1,NULL,NULL,'2024-07-15 20:00:00','2024-07-15 20:00:00'),(48,4,38,1440.00,1440.00,0.00,NULL,1,NULL,NULL,'2024-07-15 20:00:00','2024-07-15 20:00:00'),(49,4,39,1944.45,1944.45,0.00,NULL,1,NULL,NULL,'2024-07-16 09:11:46','2024-07-16 09:11:46'),(50,4,40,83022.00,83022.00,0.00,NULL,1,NULL,NULL,'2024-07-17 09:06:20','2024-07-17 09:06:20'),(51,7,41,9099.00,9099.00,0.00,NULL,1,NULL,NULL,'2024-07-17 09:08:23','2024-07-17 09:08:23'),(52,4,42,180.00,180.00,0.00,NULL,1,NULL,NULL,'2024-07-17 10:26:02','2024-07-17 10:26:02'),(53,5,43,294.00,294.00,0.00,NULL,1,NULL,NULL,'2024-07-17 19:51:20','2024-07-17 19:51:20'),(54,4,44,816.00,816.00,0.00,NULL,1,NULL,NULL,'2024-07-17 19:54:52','2024-07-17 19:54:52'),(55,7,45,14180.00,14180.00,0.00,NULL,1,NULL,NULL,'2024-07-18 09:58:13','2024-07-18 09:58:13'),(56,3,46,14293.72,14293.72,0.00,NULL,1,NULL,NULL,'2024-07-31 09:34:57','2024-07-31 09:34:57'),(57,2,47,54817.56,54817.56,0.00,NULL,1,NULL,NULL,'2024-07-31 09:49:58','2024-07-31 09:49:58'),(58,5,48,91172.00,91172.00,0.00,NULL,1,NULL,NULL,'2024-07-31 09:52:54','2024-07-31 09:52:54'),(59,1,49,38537.48,38537.48,0.00,NULL,1,NULL,NULL,'2024-07-31 10:20:05','2024-07-31 10:20:05'),(60,6,50,42364.00,42364.00,0.00,NULL,1,NULL,NULL,'2024-07-31 10:29:07','2024-07-31 10:29:07'),(61,7,51,2580.00,2580.00,0.00,NULL,1,NULL,NULL,'2024-07-31 10:35:58','2024-07-31 10:35:58'),(62,7,52,2580.00,2580.00,0.00,NULL,1,NULL,NULL,'2024-07-31 10:35:58','2024-07-31 10:35:58'),(63,7,53,114085.52,114085.52,0.00,NULL,1,NULL,NULL,'2024-07-31 11:18:00','2024-07-31 11:18:00'),(64,4,54,96319.64,96319.64,0.00,NULL,1,NULL,NULL,'2024-08-04 09:27:14','2024-08-04 09:27:14'),(65,7,55,10600.00,10600.00,0.00,NULL,1,NULL,NULL,'2024-08-05 08:19:38','2024-08-05 08:19:38'),(66,4,56,45267.92,45267.92,0.00,NULL,1,NULL,NULL,'2024-08-05 08:43:59','2024-08-05 08:43:59'),(67,4,NULL,0.00,45267.92,0.00,NULL,1,NULL,NULL,'2024-08-05 08:44:05','2024-08-05 08:44:05'),(68,4,57,NULL,NULL,0.00,NULL,1,NULL,NULL,'2024-08-05 08:44:05','2024-08-05 08:44:05'),(69,7,58,22950.00,22950.00,0.00,NULL,1,NULL,NULL,'2024-08-07 09:57:09','2024-08-07 09:57:09'),(70,3,59,75775.80,75775.80,0.00,NULL,1,NULL,NULL,'2024-08-07 10:18:49','2024-08-07 10:18:49'),(71,3,60,49920.00,49920.00,0.00,NULL,1,NULL,NULL,'2024-08-07 10:20:39','2024-08-07 10:20:39'),(72,4,61,810.00,810.00,0.00,NULL,1,NULL,NULL,'2024-08-07 10:21:57','2024-08-07 10:21:57'),(73,4,62,30600.00,30600.00,0.00,NULL,1,NULL,NULL,'2024-08-08 10:57:00','2024-08-08 10:57:00'),(74,1,23,120.00,120.00,0.00,NULL,1,NULL,'helooff','2024-08-21 07:42:01','2024-08-21 07:42:01'),(75,1,NULL,0.00,120.00,0.00,NULL,1,NULL,'helooff','2024-08-21 07:42:03','2024-08-21 07:42:03'),(76,1,24,NULL,NULL,0.00,NULL,1,NULL,'helooff','2024-08-21 07:42:03','2024-08-21 07:42:03'),(77,1,NULL,0.00,120.00,0.00,NULL,1,NULL,'helooff','2024-08-21 07:42:39','2024-08-21 07:42:39'),(78,1,25,NULL,NULL,0.00,NULL,1,NULL,'helooff','2024-08-21 07:42:39','2024-08-21 07:42:39'),(79,1,NULL,0.00,120.00,0.00,NULL,1,NULL,'helooff','2024-08-21 07:45:37','2024-08-21 07:45:37'),(80,1,26,NULL,NULL,0.00,NULL,1,NULL,'helooff','2024-08-21 07:45:37','2024-08-21 07:45:37'),(81,2,27,540.00,540.00,0.00,NULL,1,NULL,'kg,uhh','2024-08-21 07:49:46','2024-08-21 07:49:46'),(82,2,NULL,0.00,540.00,0.00,NULL,1,NULL,'kg,uhh','2024-08-21 07:50:03','2024-08-21 07:50:03'),(83,2,28,NULL,NULL,0.00,NULL,1,NULL,'kg,uhh','2024-08-21 07:50:03','2024-08-21 07:50:03'),(84,1,29,10000.00,10000.00,0.00,NULL,1,NULL,NULL,'2024-08-22 02:44:44','2024-08-22 02:44:44'),(85,1,NULL,0.00,10000.00,0.00,NULL,1,NULL,NULL,'2024-08-22 02:46:44','2024-08-22 02:46:44'),(86,1,30,NULL,NULL,0.00,NULL,1,NULL,NULL,'2024-08-22 02:46:44','2024-08-22 02:46:44'),(87,2,31,529.00,529.00,0.00,NULL,1,NULL,NULL,'2024-08-22 02:57:31','2024-08-22 02:57:31'),(88,2,NULL,0.00,529.00,0.00,NULL,1,NULL,NULL,'2024-08-22 03:02:47','2024-08-22 03:02:47'),(89,2,32,NULL,NULL,0.00,NULL,1,NULL,NULL,'2024-08-22 03:02:47','2024-08-22 03:02:47'),(90,2,NULL,0.00,529.00,0.00,NULL,1,NULL,NULL,'2024-08-22 03:04:33','2024-08-22 03:04:33'),(91,2,33,NULL,NULL,0.00,NULL,1,NULL,NULL,'2024-08-22 03:04:33','2024-08-22 03:04:33'),(92,1,34,60.00,60.00,0.00,NULL,1,NULL,'ergg','2024-08-22 03:09:25','2024-08-22 03:09:25'),(93,2,35,108.00,108.00,0.00,NULL,1,NULL,'dwq','2024-08-22 03:11:20','2024-08-22 03:11:20'),(94,1,36,36.00,36.00,0.00,NULL,1,NULL,'rewfg','2024-08-22 03:15:16','2024-08-22 03:15:16'),(95,1,37,72.00,72.00,0.00,NULL,1,NULL,'gr','2024-08-22 03:38:51','2024-08-22 03:38:51'),(96,1,38,260.00,260.00,0.00,NULL,1,NULL,'ggh','2024-08-22 03:41:23','2024-08-22 03:41:23'),(97,5,39,1500.00,1500.00,0.00,NULL,1,NULL,'hlo','2024-08-24 00:21:21','2024-08-24 00:21:21'),(98,5,40,390.00,390.00,0.00,NULL,1,NULL,'fggg','2024-09-02 00:18:15','2024-09-02 00:18:15'),(99,5,NULL,0.00,390.00,0.00,NULL,1,NULL,'fggg','2024-09-02 00:18:20','2024-09-02 00:18:20'),(100,5,41,NULL,NULL,0.00,NULL,1,NULL,'fggg','2024-09-02 00:18:20','2024-09-02 00:18:20'),(101,5,NULL,0.00,390.00,0.00,NULL,1,NULL,'fggg','2024-09-02 00:18:38','2024-09-02 00:18:38'),(102,5,42,NULL,NULL,0.00,NULL,1,NULL,'fggg','2024-09-02 00:18:38','2024-09-02 00:18:38'),(103,5,NULL,0.00,390.00,0.00,NULL,1,NULL,'fggg','2024-09-02 00:18:43','2024-09-02 00:18:43'),(104,5,43,NULL,NULL,0.00,NULL,1,NULL,'fggg','2024-09-02 00:18:43','2024-09-02 00:18:43'),(105,5,NULL,0.00,390.00,0.00,NULL,1,NULL,'fggg','2024-09-02 00:18:50','2024-09-02 00:18:50'),(106,5,44,NULL,NULL,0.00,NULL,1,NULL,'fggg','2024-09-02 00:18:50','2024-09-02 00:18:50'),(107,5,NULL,0.00,390.00,0.00,NULL,1,NULL,'fggg','2024-09-02 00:19:29','2024-09-02 00:19:29'),(108,5,45,NULL,NULL,0.00,NULL,1,NULL,'fggg','2024-09-02 00:19:29','2024-09-02 00:19:29'),(109,2,46,5400.00,5400.00,0.00,NULL,1,NULL,NULL,'2024-09-02 00:28:23','2024-09-02 00:28:23'),(110,2,NULL,0.00,5400.00,0.00,NULL,1,NULL,NULL,'2024-09-02 00:30:34','2024-09-02 00:30:34'),(111,2,47,NULL,NULL,0.00,NULL,1,NULL,NULL,'2024-09-02 00:30:34','2024-09-02 00:30:34'),(112,2,NULL,0.00,5400.00,0.00,NULL,1,NULL,NULL,'2024-09-02 00:30:47','2024-09-02 00:30:47'),(113,2,48,NULL,NULL,0.00,NULL,1,NULL,NULL,'2024-09-02 00:30:47','2024-09-02 00:30:47'),(114,2,NULL,0.00,5400.00,0.00,NULL,1,NULL,NULL,'2024-09-02 00:32:49','2024-09-02 00:32:49'),(115,2,49,NULL,NULL,0.00,NULL,1,NULL,NULL,'2024-09-02 00:32:49','2024-09-02 00:32:49'),(116,2,50,528.00,528.00,0.00,NULL,1,NULL,NULL,'2024-09-02 00:34:22','2024-09-02 00:34:22'),(117,1,51,100.00,100.00,0.00,NULL,1,NULL,NULL,'2024-09-02 00:36:37','2024-09-02 00:36:37'),(118,2,52,120.00,120.00,0.00,NULL,1,NULL,NULL,'2024-09-02 00:39:56','2024-09-02 00:39:56'),(119,1,53,120.00,120.00,0.00,NULL,1,NULL,'jgj','2024-09-02 02:00:24','2024-09-02 02:00:24'),(120,2,54,230.00,230.00,0.00,NULL,1,NULL,'jhh','2024-09-02 02:04:01','2024-09-02 02:04:01'),(121,5,55,7000.00,7000.00,0.00,NULL,1,NULL,NULL,'2024-09-02 02:27:11','2024-09-02 02:27:11'),(122,5,56,24.00,24.00,0.00,NULL,1,NULL,NULL,'2024-09-05 05:08:53','2024-09-05 05:08:53'),(123,5,57,900.00,900.00,0.00,NULL,1,NULL,NULL,'2024-09-05 05:11:11','2024-09-05 05:11:11'),(124,5,58,60.00,60.00,0.00,NULL,1,NULL,NULL,'2024-09-05 05:13:11','2024-09-05 05:13:11');
/*!40000 ALTER TABLE `supplier_payments` ENABLE KEYS */;
UNLOCK TABLES;

--
-- Table structure for table `suppliers`
--

DROP TABLE IF EXISTS `suppliers`;
/*!40101 SET @saved_cs_client     = @@character_set_client */;
/*!50503 SET character_set_client = utf8mb4 */;
CREATE TABLE `suppliers` (
  `supplier_id` int NOT NULL AUTO_INCREMENT,
  `supplier_name` varchar(256) DEFAULT NULL,
  `supplier_address` varchar(512) DEFAULT NULL,
  `supplier_contact_person` varchar(256) DEFAULT NULL,
  `supplier_contact_no` varchar(32) DEFAULT NULL,
  `is_active` int DEFAULT NULL,
  `total_invoiced` decimal(10,2) DEFAULT '0.00',
  `total_payment` decimal(10,2) DEFAULT '0.00',
  `final_balance` decimal(10,2) DEFAULT '0.00',
  PRIMARY KEY (`supplier_id`)
) ENGINE=InnoDB AUTO_INCREMENT=9 DEFAULT CHARSET=latin1;
/*!40101 SET character_set_client = @saved_cs_client */;

--
-- Dumping data for table `suppliers`
--

LOCK TABLES `suppliers` WRITE;
/*!40000 ALTER TABLE `suppliers` DISABLE KEYS */;
INSERT INTO `suppliers` VALUES (1,'kushum','Khulna','Zobayer 2','01780406515',1,193384.60,203746.60,0.40),(2,'Dhopa',NULL,NULL,NULL,1,290372.56,308171.56,0.00),(3,'Fresh',NULL,NULL,NULL,1,840093.72,840093.72,0.64),(4,'Pusti Happy Time',NULL,NULL,NULL,1,567997.57,613985.49,0.68),(5,'Akij',NULL,NULL,NULL,1,359516.00,361466.00,0.20),(6,'Kiddo',NULL,NULL,NULL,1,195245.00,195244.00,0.92),(7,'LOCAL','222','HHH','0000',1,289469.52,289468.52,0.52),(8,'Habib','Jessor','Zobayer','01780406514',1,0.00,0.00,0.00);
/*!40000 ALTER TABLE `suppliers` ENABLE KEYS */;
UNLOCK TABLES;

--
-- Table structure for table `temporary_customer_due`
--

DROP TABLE IF EXISTS `temporary_customer_due`;
/*!40101 SET @saved_cs_client     = @@character_set_client */;
/*!50503 SET character_set_client = utf8mb4 */;
CREATE TABLE `temporary_customer_due` (
  `due_id` int NOT NULL AUTO_INCREMENT,
  `cart_id` int DEFAULT NULL,
  `delivery_man_id` int DEFAULT NULL,
  `customer_id` int DEFAULT NULL,
  `amount` decimal(10,2) DEFAULT '0.00',
  `received_by_id` int DEFAULT NULL,
  PRIMARY KEY (`due_id`)
) ENGINE=MyISAM DEFAULT CHARSET=latin1;
/*!40101 SET character_set_client = @saved_cs_client */;

--
-- Dumping data for table `temporary_customer_due`
--

LOCK TABLES `temporary_customer_due` WRITE;
/*!40000 ALTER TABLE `temporary_customer_due` DISABLE KEYS */;
/*!40000 ALTER TABLE `temporary_customer_due` ENABLE KEYS */;
UNLOCK TABLES;

--
-- Table structure for table `temporary_damage_return_items`
--

DROP TABLE IF EXISTS `temporary_damage_return_items`;
/*!40101 SET @saved_cs_client     = @@character_set_client */;
/*!50503 SET character_set_client = utf8mb4 */;
CREATE TABLE `temporary_damage_return_items` (
  `damage_item_id` int NOT NULL AUTO_INCREMENT,
  `cart_id` int DEFAULT NULL,
  `product_id` int DEFAULT NULL,
  `quantity` decimal(10,2) DEFAULT '0.00',
  `rate` decimal(10,2) DEFAULT '0.00',
  `total` decimal(10,2) DEFAULT '0.00',
  `received_by_id` int DEFAULT NULL,
  `delivered_by_id` int DEFAULT NULL,
  PRIMARY KEY (`damage_item_id`)
) ENGINE=MyISAM AUTO_INCREMENT=4 DEFAULT CHARSET=latin1;
/*!40101 SET character_set_client = @saved_cs_client */;

--
-- Dumping data for table `temporary_damage_return_items`
--

LOCK TABLES `temporary_damage_return_items` WRITE;
/*!40000 ALTER TABLE `temporary_damage_return_items` DISABLE KEYS */;
INSERT INTO `temporary_damage_return_items` VALUES (1,116,19,1.00,50.00,50.00,NULL,8),(2,150,1,2.00,100.00,200.00,NULL,4),(3,223,1,1.00,10.00,10.00,NULL,4);
/*!40000 ALTER TABLE `temporary_damage_return_items` ENABLE KEYS */;
UNLOCK TABLES;

--
-- Table structure for table `transaction_mode`
--

DROP TABLE IF EXISTS `transaction_mode`;
/*!40101 SET @saved_cs_client     = @@character_set_client */;
/*!50503 SET character_set_client = utf8mb4 */;
CREATE TABLE `transaction_mode` (
  `trx_mode_id` int NOT NULL AUTO_INCREMENT,
  `trx_mode_name` varchar(32) CHARACTER SET latin1 COLLATE latin1_swedish_ci DEFAULT NULL,
  `is_active` int DEFAULT NULL,
  PRIMARY KEY (`trx_mode_id`)
) ENGINE=InnoDB AUTO_INCREMENT=5 DEFAULT CHARSET=utf8mb4 COLLATE=utf8mb4_unicode_ci;
/*!40101 SET character_set_client = @saved_cs_client */;

--
-- Dumping data for table `transaction_mode`
--

LOCK TABLES `transaction_mode` WRITE;
/*!40000 ALTER TABLE `transaction_mode` DISABLE KEYS */;
INSERT INTO `transaction_mode` VALUES (1,'Cash',1),(2,'Cheque',1),(3,'bKash',1),(4,'Nagad',1);
/*!40000 ALTER TABLE `transaction_mode` ENABLE KEYS */;
UNLOCK TABLES;

--
-- Table structure for table `transaction_type`
--

DROP TABLE IF EXISTS `transaction_type`;
/*!40101 SET @saved_cs_client     = @@character_set_client */;
/*!50503 SET character_set_client = utf8mb4 */;
CREATE TABLE `transaction_type` (
  `trx_type_id` int NOT NULL AUTO_INCREMENT,
  `trx_type_name` varchar(16) NOT NULL,
  `is_active` tinyint(1) NOT NULL,
  PRIMARY KEY (`trx_type_id`)
) ENGINE=MyISAM AUTO_INCREMENT=4 DEFAULT CHARSET=latin1;
/*!40101 SET character_set_client = @saved_cs_client */;

--
-- Dumping data for table `transaction_type`
--

LOCK TABLES `transaction_type` WRITE;
/*!40000 ALTER TABLE `transaction_type` DISABLE KEYS */;
INSERT INTO `transaction_type` VALUES (1,'Deposit',1),(2,'Withdraw',2),(3,'Payment',3);
/*!40000 ALTER TABLE `transaction_type` ENABLE KEYS */;
UNLOCK TABLES;

--
-- Table structure for table `unit_definition`
--

DROP TABLE IF EXISTS `unit_definition`;
/*!40101 SET @saved_cs_client     = @@character_set_client */;
/*!50503 SET character_set_client = utf8mb4 */;
CREATE TABLE `unit_definition` (
  `unit_id` int NOT NULL AUTO_INCREMENT,
  `unit_name` varchar(64) CHARACTER SET utf8mb4 COLLATE utf8mb4_unicode_ci NOT NULL,
  `unit_symbol` varchar(32) CHARACTER SET utf8mb4 COLLATE utf8mb4_unicode_ci NOT NULL,
  `is_fractional` int NOT NULL,
  `is_active` int NOT NULL,
  PRIMARY KEY (`unit_id`)
) ENGINE=InnoDB AUTO_INCREMENT=16 DEFAULT CHARSET=latin1;
/*!40101 SET character_set_client = @saved_cs_client */;

--
-- Dumping data for table `unit_definition`
--

LOCK TABLES `unit_definition` WRITE;
/*!40000 ALTER TABLE `unit_definition` DISABLE KEYS */;
INSERT INTO `unit_definition` VALUES (1,'piece','pcs',1,1),(2,'Packet','pk',0,1),(3,'Gram','gm',0,1),(4,'Kilogram','kg',1,1),(5,'ML','ml',0,1),(6,'Litre','L',1,1),(7,'Dozen','Dz',1,1),(8,'Box','Box',0,1),(9,'TIN','TN',0,1),(10,'BOSTA','BT',0,1),(11,'JAR','JR',0,1),(12,'poli','poli',1,1),(13,'Cartoon','CR',1,1),(14,'Gram 1100','gm100',0,1),(15,'Gram400','gm59',1,1);
/*!40000 ALTER TABLE `unit_definition` ENABLE KEYS */;
UNLOCK TABLES;

--
-- Table structure for table `users`
--

DROP TABLE IF EXISTS `users`;
/*!40101 SET @saved_cs_client     = @@character_set_client */;
/*!50503 SET character_set_client = utf8mb4 */;
CREATE TABLE `users` (
  `id` bigint unsigned NOT NULL AUTO_INCREMENT,
  `name` varchar(255) CHARACTER SET utf8mb4 COLLATE utf8mb4_unicode_ci NOT NULL,
  `email` varchar(255) CHARACTER SET utf8mb4 COLLATE utf8mb4_unicode_ci NOT NULL,
  `phone` varchar(255) CHARACTER SET utf8mb4 COLLATE utf8mb4_unicode_ci DEFAULT NULL,
  `address` varchar(255) CHARACTER SET utf8mb4 COLLATE utf8mb4_unicode_ci DEFAULT NULL,
  `password` varchar(255) CHARACTER SET utf8mb4 COLLATE utf8mb4_unicode_ci NOT NULL,
  `usertype` varchar(255) CHARACTER SET utf8mb4 COLLATE utf8mb4_unicode_ci NOT NULL DEFAULT 'user',
  `email_verified_at` timestamp NULL DEFAULT NULL,
  `remember_token` varchar(100) CHARACTER SET utf8mb4 COLLATE utf8mb4_unicode_ci DEFAULT NULL,
  `created_at` timestamp NULL DEFAULT NULL,
  `updated_at` timestamp NULL DEFAULT NULL,
  PRIMARY KEY (`id`),
  UNIQUE KEY `users_email_unique` (`email`)
) ENGINE=InnoDB AUTO_INCREMENT=12 DEFAULT CHARSET=utf8mb4 COLLATE=utf8mb4_unicode_ci;
/*!40101 SET character_set_client = @saved_cs_client */;

--
-- Dumping data for table `users`
--

LOCK TABLES `users` WRITE;
/*!40000 ALTER TABLE `users` DISABLE KEYS */;
INSERT INTO `users` VALUES (1,'Admin','admin@gmail.com','01790306513','Dhaka','$2y$12$9YeUsHgn1.abA6pmciQTF.RDIcLt1tVsFk9iaErVBNQCUBqtw81Iq','admin',NULL,NULL,'2024-07-10 14:56:45','2024-07-10 14:56:45'),(2,'Muhammed Tarif Hasan','mdtarifhasan1997@gmail.com','01790306513','Dhaka','$2y$12$UmGcQQ3GWShndTETBKCHoOLuh1iXDQKnunKEQElYXemybfFpBgwXW','user',NULL,NULL,'2024-07-10 15:12:48','2024-07-10 15:12:48'),(3,'Tarif hasan','mdtarifhasan18@gmail.com','01790306513','khulna','$2y$12$0wo/AcqqXuAzkOnhe5hNGOBpGQZ8GLRRVL5bkq4Cja5w5LDS5pHyi','user',NULL,NULL,'2024-07-11 00:35:18','2024-07-11 00:35:18'),(4,'Muhammad Tarif Hasan','tarifhasangaragonj@gmail.com','01790306513','khulna','$2y$12$AuaaInYfkmlV6PcU0xdt9ee0Slza4NXouFaeh0Uvgd.uBc295ctXK','user',NULL,'qyiYRFvfxHcDCpcWz95scJEWG09zfcN393jx3y7nKWCRLWwBx7LzuNjlm3jK','2024-07-11 05:11:46','2024-09-04 08:05:58'),(5,'admin2','admin2@gmail.com','01790306513','Dhaka','$2y$12$jFuX40K2gWp53IFmCdkbUeEfj8VHLmNCYAAc8ztx4PLJ8YjphJlb.','user',NULL,NULL,'2024-07-24 02:26:31','2024-09-01 04:26:12'),(6,'Raihan Zobayer','raihanzobayer74@gmail.com','01790306513','khulna','$2y$12$QHDUc9pzYOLY6zUkF/KjXux7Z6HfvxzeF/vP8oX/.fdPgT7/KRa5e','user',NULL,NULL,'2024-09-01 04:16:19','2024-09-01 04:16:19'),(8,'Ahsan Habib','ahmadmusa857@gmail.com','01780336410','Jessore','$2y$12$iTMbP0bU7Y1GjDg1cAe0P.Qhxm3tsgiUzNcTs9pAWDoVa8yDBCiRW','user',NULL,NULL,'2024-09-05 00:57:51','2024-09-05 00:57:51'),(9,'Hridoy Sheikh','ridoysheikh15@gmail.com','01790306514','Dhaka','$2y$12$qlhjNqpTTfInXY49wjOoAudfx9YVXxxfxClLhtg4SggHpFdBwmPP6','user',NULL,NULL,'2024-09-05 06:11:04','2024-09-05 06:11:04'),(11,'MD. TARIF HASAN','tarifhasan725@gmail.com','01790306513','Dhaka','$2y$12$B5O/NLriaTTelGbZGb3NWeg4fT5eKRzcsmMogITApiZAirjB4KM0K','user',NULL,NULL,'2024-09-05 06:28:25','2024-09-05 06:28:25');
/*!40000 ALTER TABLE `users` ENABLE KEYS */;
UNLOCK TABLES;
/*!40103 SET TIME_ZONE=@OLD_TIME_ZONE */;

/*!40101 SET SQL_MODE=@OLD_SQL_MODE */;
/*!40014 SET FOREIGN_KEY_CHECKS=@OLD_FOREIGN_KEY_CHECKS */;
/*!40014 SET UNIQUE_CHECKS=@OLD_UNIQUE_CHECKS */;
/*!40101 SET CHARACTER_SET_CLIENT=@OLD_CHARACTER_SET_CLIENT */;
/*!40101 SET CHARACTER_SET_RESULTS=@OLD_CHARACTER_SET_RESULTS */;
/*!40101 SET COLLATION_CONNECTION=@OLD_COLLATION_CONNECTION */;
/*!40111 SET SQL_NOTES=@OLD_SQL_NOTES */;

-- Dump completed on 2024-09-10  9:27:27
